chrom	length	bases	mean	min	max
NODE_90_length_143024_cov_286.559562	143024	46113889	322.42	0	422
NODE_188_length_107879_cov_294.623173	107879	36098928	334.62	0	432
NODE_199_length_105056_cov_295.007352	105056	35110751	334.21	0	435
NODE_208_length_103116_cov_288.431143	103116	33605125	325.90	0	417
NODE_456_length_71474_cov_295.800305	71474	24055454	336.56	86	1034
NODE_477_length_69892_cov_305.716583	69892	24036630	343.91	201	445
NODE_551_length_64935_cov_302.646825	64935	22692436	349.46	70	2342
NODE_562_length_64552_cov_305.711397	64552	22203568	343.96	0	433
NODE_582_length_63671_cov_258.615050	63671	18710462	293.86	69	464
NODE_701_length_57699_cov_302.037124	57699	19617697	340.00	79	428
NODE_732_length_56446_cov_287.734780	56446	18541746	328.49	110	1449
NODE_778_length_54424_cov_307.443341	54424	18829512	345.98	185	446
NODE_797_length_53478_cov_299.215993	53478	18055423	337.62	0	448
NODE_892_length_49404_cov_317.587286	49404	17573772	355.72	125	479
NODE_943_length_47778_cov_308.817866	47778	16541187	346.21	143	432
NODE_974_length_47061_cov_240.579692	47061	13015463	276.57	65	537
NODE_988_length_46802_cov_299.273194	46802	15784657	337.26	152	429
NODE_1097_length_43652_cov_310.983852	43652	15179399	347.74	204	499
NODE_1111_length_43215_cov_300.995436	43215	14693585	340.01	0	623
NODE_1155_length_42002_cov_314.302215	42002	14739896	350.93	87	445
NODE_1229_length_40385_cov_278.827647	40385	12849991	318.19	64	416
NODE_1239_length_40143_cov_283.964204	40143	12980888	323.37	136	2014
NODE_1257_length_39913_cov_302.405791	39913	13387022	335.41	60	444
NODE_1759_length_31969_cov_313.363696	31969	11108056	347.46	83	522
NODE_1804_length_31341_cov_296.764591	31341	10472277	334.14	0	418
NODE_1860_length_30571_cov_302.721916	30571	10430771	341.20	100	427
NODE_1875_length_30457_cov_296.489672	30457	10108709	331.90	63	498
NODE_1878_length_30428_cov_309.729793	30428	10601857	348.42	89	460
NODE_2072_length_28219_cov_295.680230	28219	9390895	332.79	160	428
NODE_2221_length_26921_cov_292.149371	26921	8872625	329.58	112	408
NODE_2348_length_25777_cov_286.392543	25777	8425314	326.85	58	486
NODE_2937_length_21975_cov_293.763869	21975	7413774	337.37	188	639
NODE_2945_length_21895_cov_301.663599	21895	7406379	338.27	34	436
NODE_3139_length_20649_cov_274.090657	20649	6426930	311.25	167	396
NODE_3333_length_19630_cov_290.166590	19630	6409622	326.52	209	404
NODE_3421_length_19246_cov_293.951227	19246	6377531	331.37	179	413
NODE_3507_length_18896_cov_308.414150	18896	6598541	349.20	22	527
NODE_3740_length_17982_cov_296.889552	17982	5998737	333.60	247	415
NODE_3824_length_17640_cov_311.898266	17640	6194838	351.18	222	423
NODE_4105_length_16631_cov_306.540722	16631	5804285	349.00	101	908
NODE_4299_length_15918_cov_312.122612	15918	5592862	351.35	203	687
NODE_4355_length_15728_cov_298.624067	15728	5280055	335.71	111	427
NODE_4634_length_14962_cov_287.354129	14962	4833739	323.07	91	384
NODE_4825_length_14412_cov_160.671449	14412	3577016	248.20	92	493
NODE_5059_length_13823_cov_279.204532	13823	4334872	313.60	66	393
NODE_5179_length_13543_cov_305.361136	13543	4655502	343.76	196	472
NODE_5341_length_13172_cov_307.579096	13172	4544276	345.00	168	410
NODE_5417_length_13010_cov_279.265843	13010	4165279	320.16	216	482
NODE_5639_length_12577_cov_305.727919	12577	4283049	340.55	95	407
NODE_6063_length_11709_cov_299.671100	11709	3951641	337.49	99	492
NODE_6110_length_11623_cov_288.722683	11623	3790704	326.14	229	404
NODE_6761_length_10484_cov_303.908333	10484	3567336	340.26	122	413
NODE_7095_length_9959_cov_316.875101	9959	3503166	351.76	139	448
NODE_7626_length_9227_cov_314.352377	9227	3216467	348.59	135	437
NODE_7683_length_9156_cov_290.142402	9156	2973038	324.71	191	408
NODE_7685_length_9153_cov_322.660145	9153	3278070	358.14	219	440
NODE_7779_length_9045_cov_297.882981	9045	3042234	336.34	192	412
NODE_7790_length_9027_cov_292.135421	9027	2965887	328.56	196	409
NODE_8145_length_8589_cov_302.565034	8589	2932835	341.46	113	416
NODE_9238_length_7429_cov_319.800922	7429	2650766	356.81	150	446
NODE_10401_length_6489_cov_294.591389	6489	2132397	328.62	0	405
NODE_10920_length_6126_cov_269.190578	6126	1881667	307.16	92	619
NODE_11141_length_5982_cov_287.348912	5982	1930549	322.73	130	380
NODE_11477_length_5771_cov_310.355668	5771	1998699	346.33	234	422
NODE_11664_length_5665_cov_316.883957	5665	1979414	349.41	156	413
NODE_13434_length_4827_cov_1318.202850	4827	7121498	1475.35	788	1964
NODE_15506_length_4107_cov_295.103899	4107	1350895	328.93	72	386
NODE_15516_length_4104_cov_227.947394	4104	1168171	284.64	62	603
NODE_15696_length_4048_cov_323.588530	4048	1436037	354.75	210	450
NODE_16387_length_3873_cov_288.567313	3873	1252773	323.46	186	415
NODE_18730_length_3373_cov_287.164256	3373	1089874	323.12	211	392
NODE_19313_length_3277_cov_1286.986344	3277	4882951	1490.07	561	1799
NODE_19863_length_3188_cov_1546.726460	3188	5497039	1724.29	136	2041
NODE_21101_length_3011_cov_335.805142	3011	1239740	411.74	94	763
NODE_23975_length_2681_cov_302.935263	2681	899421	335.48	229	387
NODE_24051_length_2673_cov_291.837662	2673	877796	328.39	159	395
NODE_24390_length_2638_cov_105.576849	2638	299690	113.61	56	162
NODE_25359_length_2544_cov_279.346324	2544	811921	319.15	149	386
NODE_25796_length_2506_cov_246.731130	2506	846660	337.85	147	407
NODE_25978_length_2491_cov_1540.540640	2491	3944664	1583.57	71	1901
NODE_26860_length_2408_cov_1393.499363	2408	3674968	1526.15	560	1680
NODE_28985_length_2247_cov_269.620894	2247	670595	298.44	75	391
NODE_30286_length_2161_cov_3.886040	2161	12716	5.88	1	33
NODE_35216_length_1885_cov_325.477049	1885	655767	347.89	163	425
NODE_37668_length_1776_cov_3.557234	1776	7350	4.14	1	24
NODE_39125_length_1717_cov_1308.115523	1717	2816708	1640.48	1324	2319
NODE_39500_length_1703_cov_721.388956	1703	1340175	786.95	453	886
NODE_40967_length_1648_cov_247.372254	1648	467588	283.73	151	364
NODE_43267_length_1569_cov_1296.507926	1569	2643942	1685.11	1054	2755
NODE_44261_length_1538_cov_324.701955	1538	541386	352.01	232	436
NODE_46742_length_1468_cov_947.784855	1468	1476851	1006.03	527	1126
NODE_47055_length_1459_cov_520.610399	1459	849325	582.13	500	724
NODE_47865_length_1435_cov_194.124638	1435	287205	200.14	122	234
NODE_48498_length_1418_cov_31.962583	1418	55277	38.98	22	55
NODE_53351_length_1303_cov_19.192308	1303	29616	22.73	11	38
NODE_54873_length_1270_cov_1300.199177	1270	1720193	1354.48	431	1631
NODE_56283_length_1241_cov_319.042159	1241	432077	348.17	162	393
NODE_57542_length_1217_cov_1825.148021	1217	2403964	1975.32	522	2237
NODE_59899_length_1174_cov_1258.633601	1174	1716953	1462.48	283	2166
NODE_61336_length_1149_cov_1431.253199	1149	1970353	1714.84	445	2139
NODE_62692_length_1126_cov_334.779645	1126	365840	324.90	128	392
NODE_66794_length_1061_cov_397.403579	1061	456733	430.47	17	702
NODE_67184_length_1056_cov_1516.229770	1056	1682439	1593.22	934	1760
NODE_63_length_156422_cov_796.297454	156422	149847651	957.97	243	2691
NODE_343_length_81482_cov_847.301374	81482	76110216	934.07	214	1367
NODE_373_length_78480_cov_796.446261	78480	75601847	963.33	386	1232
NODE_469_length_70678_cov_823.482407	70678	68305086	966.43	293	3136
NODE_513_length_67177_cov_752.625875	67177	58027937	863.81	320	4871
NODE_669_length_59400_cov_814.948505	59400	57763399	972.45	279	1639
NODE_699_length_57736_cov_801.664742	57736	55994583	969.84	280	1730
NODE_746_length_55958_cov_847.818257	55958	55339893	988.95	250	2777
NODE_953_length_47522_cov_854.792508	47522	45606752	959.70	385	4959
NODE_969_length_47165_cov_820.415644	47165	46712517	990.41	217	3563
NODE_1000_length_46312_cov_791.536178	46312	45155257	975.02	382	2426
NODE_1271_length_39631_cov_813.959622	39631	37235974	939.57	449	3800
NODE_1431_length_36445_cov_766.258752	36445	34066230	934.73	265	1704
NODE_1512_length_34798_cov_828.187894	34798	33291045	956.69	428	2038
NODE_1570_length_34121_cov_789.466594	34121	32655989	957.06	431	2416
NODE_1605_length_33728_cov_802.849553	33728	30227800	896.22	260	1150
NODE_1610_length_33680_cov_813.799732	33680	33441069	992.91	533	1351
NODE_2095_length_28034_cov_804.674685	28034	26868173	958.41	255	1232
NODE_2716_length_23184_cov_771.825284	23184	18446690	795.66	181	4168
NODE_2870_length_22382_cov_724.184754	22382	18101126	808.74	327	1367
NODE_2926_length_22039_cov_792.963064	22039	20058116	910.12	137	1441
NODE_3130_length_20743_cov_813.003432	20743	19201596	925.69	220	1693
NODE_3384_length_19424_cov_780.958852	19424	19679911	1013.17	508	1712
NODE_3524_length_18846_cov_735.795115	18846	17044697	904.42	455	3148
NODE_3872_length_17416_cov_736.459766	17416	15725310	902.92	286	1292
NODE_4207_length_16265_cov_740.958729	16265	15508217	953.47	320	1153
NODE_4502_length_15312_cov_720.370977	15312	12720133	830.73	219	2232
NODE_5184_length_13539_cov_775.965811	13539	12967674	957.80	418	1182
NODE_5404_length_13036_cov_824.798860	13036	12883018	988.26	141	1215
NODE_5864_length_12114_cov_523.991459	12114	10214324	843.18	355	2048
NODE_6054_length_11732_cov_807.564100	11732	11123447	948.13	714	2174
NODE_6790_length_10455_cov_918.596442	10455	10750352	1028.25	461	1520
NODE_7039_length_10049_cov_811.079548	10049	9275855	923.06	231	1150
NODE_7395_length_9560_cov_779.736875	9560	8573586	896.82	234	1243
NODE_7793_length_9019_cov_927.552655	9019	9025941	1000.77	365	1235
NODE_7951_length_8821_cov_884.098677	8821	8663088	982.10	283	1156
NODE_8673_length_7983_cov_786.740918	7983	10285832	1288.47	458	2981
NODE_9905_length_6852_cov_888.430190	6852	6741042	983.81	415	1151
NODE_10247_length_6592_cov_924.422824	6592	6588168	999.42	320	1146
NODE_10817_length_6204_cov_775.866970	6204	5271493	849.69	296	1003
NODE_11055_length_6039_cov_914.449031	6039	5813314	962.63	361	1181
NODE_11061_length_6035_cov_892.990803	6035	6278037	1040.27	422	1215
NODE_11071_length_6025_cov_692.716918	6025	5073704	842.11	380	1074
NODE_11842_length_5565_cov_821.968603	5565	5857634	1052.58	182	3000
NODE_12132_length_5413_cov_731.924785	5413	5188171	958.46	411	1190
NODE_12771_length_5108_cov_717.467247	5108	4260334	834.05	258	1038
NODE_12796_length_5098_cov_694.010113	5098	4903312	961.81	498	1797
NODE_13843_length_4662_cov_751.158889	4662	4421006	948.31	313	1144
NODE_13930_length_4624_cov_477.581090	4624	2527942	546.70	302	642
NODE_14750_length_4326_cov_690.167642	4326	4212128	973.68	477	2821
NODE_14754_length_4325_cov_712.547307	4325	4306192	995.65	246	2125
NODE_15288_length_4157_cov_899.191858	4157	4068291	978.66	303	1154
NODE_15297_length_4156_cov_709.328700	4156	3833206	922.33	419	1113
NODE_15651_length_4061_cov_867.366450	4061	3597506	885.87	249	1148
NODE_16863_length_3757_cov_713.948676	3757	3579495	952.75	498	1126
NODE_17045_length_3721_cov_940.302237	3721	3779676	1015.77	491	1195
NODE_17219_length_3679_cov_829.894592	3679	3398118	923.65	472	1074
NODE_17292_length_3662_cov_760.751594	3662	3581864	978.12	307	1137
NODE_17490_length_3619_cov_704.631594	3619	3256798	899.92	290	1123
NODE_17812_length_3548_cov_761.994847	3548	3446382	971.36	626	1793
NODE_17875_length_3534_cov_850.090256	3534	3278140	927.60	518	1059
NODE_18275_length_3460_cov_921.044347	3460	3431394	991.73	314	1160
NODE_19140_length_3306_cov_336.981852	3306	1279603	387.05	53	830
NODE_19197_length_3297_cov_743.024368	3297	2871262	870.87	161	1181
NODE_19723_length_3212_cov_501.253722	3212	5218711	1624.75	313	2974
NODE_19729_length_3211_cov_903.463561	3211	3054671	951.31	353	1190
NODE_20049_length_3159_cov_716.263531	3159	2430505	769.39	162	943
NODE_21241_length_2992_cov_708.054137	2992	2887153	964.96	370	1103
NODE_21843_length_2917_cov_729.632425	2917	2747244	941.80	609	1092
NODE_22318_length_2864_cov_841.874689	2864	2664967	930.51	256	1205
NODE_23449_length_2735_cov_788.914925	2735	2427515	887.57	134	1123
NODE_23949_length_2684_cov_877.890453	2684	2380077	886.76	440	1076
NODE_24892_length_2589_cov_807.910024	2589	2318742	895.61	528	1015
NODE_25095_length_2570_cov_690.421869	2570	2308884	898.40	484	1084
NODE_25111_length_2568_cov_5.249503	2568	17743	6.91	1	15
NODE_25262_length_2554_cov_786.920368	2554	2437293	954.30	386	1207
NODE_26469_length_2445_cov_942.889540	2445	2445495	1000.20	626	1194
NODE_26861_length_2408_cov_128.122397	2408	333597	138.54	16	214
NODE_27838_length_2333_cov_743.082529	2333	2290120	981.62	472	1866
NODE_29782_length_2191_cov_716.354869	2191	1858837	848.40	432	1087
NODE_30334_length_2158_cov_705.422729	2158	1915941	887.83	481	1077
NODE_30748_length_2132_cov_723.912374	2132	2003794	939.87	484	1133
NODE_32898_length_2006_cov_29.082009	2006	64957	32.38	18	46
NODE_33183_length_1990_cov_4.855814	1990	14110	7.09	1	64
NODE_33265_length_1985_cov_818.295337	1985	2025449	1020.38	432	1677
NODE_33303_length_1983_cov_920.684647	1983	2040508	1029.00	199	1207
NODE_33533_length_1970_cov_879.850653	1970	2408576	1222.63	700	3778
NODE_36473_length_1827_cov_3.667607	1827	8522	4.66	1	10
NODE_36483_length_1826_cov_5.565217	1826	15076	8.26	1	14
NODE_36546_length_1823_cov_726.264140	1823	1779639	976.21	458	1131
NODE_36770_length_1814_cov_776.908471	1814	1530808	843.89	414	1205
NODE_37012_length_1804_cov_3.242996	1804	9825	5.45	1	10
NODE_38106_length_1758_cov_908.479154	1758	1675246	952.93	716	1122
NODE_38240_length_1753_cov_713.494111	1753	1318951	752.40	192	889
NODE_39076_length_1719_cov_838.452524	1719	1552911	903.38	287	1195
NODE_41356_length_1635_cov_797.771519	1635	1369627	837.69	246	967
NODE_42256_length_1603_cov_99.472222	1603	175012	109.18	31	134
NODE_44175_length_1541_cov_930.271871	1541	1460823	947.97	367	1164
NODE_44434_length_1533_cov_32.475643	1533	55069	35.92	22	54
NODE_45161_length_1513_cov_3.828532	1513	12086	7.99	2	18
NODE_45640_length_1498_cov_751.908524	1498	1208574	806.79	158	930
NODE_45956_length_1490_cov_3.310105	1490	4496	3.02	0	7
NODE_47317_length_1452_cov_1.508948	1452	3465	2.39	1	5
NODE_47536_length_1445_cov_2.694245	1445	3633	2.51	1	5
NODE_49095_length_1403_cov_5.524481	1403	12044	8.58	2	57
NODE_49284_length_1398_cov_4.316456	1398	8290	5.93	1	10
NODE_49622_length_1390_cov_136.263670	1390	213299	153.45	72	194
NODE_50099_length_1379_cov_2.635952	1379	4231	3.07	1	8
NODE_51306_length_1350_cov_1.962162	1350	3190	2.36	1	4
NODE_51553_length_1343_cov_743.970497	1343	1063635	791.98	406	1030
NODE_52210_length_1328_cov_3.027494	1328	8410	6.33	1	11
NODE_52818_length_1314_cov_238.764098	1314	352723	268.43	223	461
NODE_53347_length_1303_cov_767.887019	1303	1118994	858.78	463	1061
NODE_53852_length_1293_cov_1.858643	1293	2937	2.27	1	19
NODE_54498_length_1279_cov_2.794118	1279	4030	3.15	1	6
NODE_54592_length_1277_cov_2.309329	1277	3030	2.37	1	4
NODE_54819_length_1271_cov_95.499178	1271	130163	102.41	41	131
NODE_55688_length_1254_cov_2.434529	1254	2678	2.14	1	5
NODE_56189_length_1243_cov_3.910774	1243	5796	4.66	0	22
NODE_57067_length_1226_cov_67.789923	1226	88957	72.56	45	93
NODE_57939_length_1210_cov_744.782684	1210	977785	808.09	595	917
NODE_60415_length_1165_cov_5.153153	1165	6910	5.93	1	10
NODE_61683_length_1144_cov_2.642792	1144	3313	2.90	1	8
NODE_62445_length_1131_cov_3.109665	1131	3777	3.34	0	9
NODE_63005_length_1122_cov_2.119025	1122	2969	2.65	1	8
NODE_65800_length_1077_cov_2.231898	1077	2564	2.38	1	4
NODE_66149_length_1070_cov_847.587192	1070	1098598	1026.73	598	1960
NODE_67020_length_1059_cov_2.172311	1059	2606	2.46	1	5
NODE_68354_length_1040_cov_733.953299	1040	958027	921.18	456	1091
NODE_69218_length_1029_cov_2.227926	1029	3025	2.94	1	5
NODE_69481_length_1025_cov_3.032990	1025	4092	3.99	1	6
NODE_70295_length_1014_cov_3.168926	1014	2774	2.74	1	6
NODE_70697_length_1008_cov_946.511018	1008	967911	960.23	561	1096
NODE_48_length_174976_cov_342.150588	174976	65658089	375.24	0	573
NODE_98_length_139648_cov_333.278495	139648	51717790	370.34	72	683
NODE_102_length_137506_cov_338.348626	137506	51225084	372.53	151	474
NODE_147_length_118176_cov_355.199592	118176	45849018	387.97	200	653
NODE_154_length_117312_cov_347.889908	117312	45594661	388.66	0	3830
NODE_214_length_101225_cov_322.196906	101225	35989506	355.54	0	607
NODE_246_length_95108_cov_339.375285	95108	35598509	374.30	177	487
NODE_287_length_88557_cov_339.277271	88557	33169025	374.55	102	477
NODE_359_length_79951_cov_344.012278	79951	30264719	378.54	134	473
NODE_384_length_77617_cov_348.705436	77617	29842217	384.48	0	1226
NODE_387_length_77331_cov_350.613981	77331	29744995	384.65	191	488
NODE_485_length_68810_cov_347.345400	68810	26816740	389.72	198	2085
NODE_492_length_68335_cov_328.674063	68335	24757659	362.30	24	488
NODE_591_length_62969_cov_498.759116	62969	48428846	769.09	72	3229
NODE_704_length_57597_cov_513.490685	57597	36515571	633.98	45	1476
NODE_795_length_53680_cov_341.906331	53680	20254133	377.31	96	510
NODE_844_length_51225_cov_345.981884	51225	19725296	385.07	215	1435
NODE_950_length_47570_cov_483.041250	47570	28247805	593.82	140	1177
NODE_978_length_46993_cov_340.957455	46993	17705827	376.78	223	666
NODE_1032_length_45223_cov_349.356248	45223	17386882	384.47	277	561
NODE_1345_length_37984_cov_339.079517	37984	14220552	374.38	149	465
NODE_1347_length_37966_cov_325.494474	37966	13663208	359.88	0	496
NODE_1434_length_36412_cov_349.644580	36412	13931040	382.59	178	1050
NODE_1446_length_36124_cov_328.293632	36124	13222209	366.02	0	474
NODE_1476_length_35412_cov_319.903640	35412	12567353	354.89	117	840
NODE_1516_length_34774_cov_361.047323	34774	13421090	385.95	0	804
NODE_1782_length_31553_cov_338.751794	31553	12065829	382.40	123	1040
NODE_1923_length_29839_cov_349.905251	29839	11468437	384.34	193	507
NODE_2162_length_27489_cov_336.703944	27489	10235962	372.37	0	477
NODE_2188_length_27229_cov_339.701847	27229	10806732	396.88	171	2787
NODE_2228_length_26870_cov_341.929592	26870	10082662	375.24	220	464
NODE_2256_length_26617_cov_364.937166	26617	13157827	494.34	125	1402
NODE_2493_length_24686_cov_356.423044	24686	9652682	391.02	276	658
NODE_2565_length_24152_cov_340.968544	24152	9044541	374.48	0	570
NODE_2730_length_23135_cov_320.130156	23135	8233979	355.91	97	453
NODE_2784_length_22880_cov_533.314567	22880	14785601	646.22	147	1204
NODE_3155_length_20573_cov_371.641291	20573	7983002	388.03	153	546
NODE_3441_length_19123_cov_337.635777	19123	7158108	374.32	202	483
NODE_3454_length_19071_cov_375.781500	19071	7726244	405.13	0	1346
NODE_3491_length_18947_cov_342.976816	18947	7183065	379.11	0	464
NODE_3648_length_18315_cov_336.731544	18315	6779697	370.17	68	458
NODE_4005_length_16963_cov_331.739413	16963	6228701	367.19	93	670
NODE_4006_length_16947_cov_337.977208	16947	6267407	369.82	25	468
NODE_4098_length_16663_cov_400.509333	16663	10997054	659.97	154	3311
NODE_4307_length_15906_cov_339.249827	15906	5905704	371.29	0	470
NODE_4465_length_15410_cov_331.600326	15410	5733197	372.04	242	499
NODE_4534_length_15225_cov_346.247067	15225	6396998	420.16	177	1559
NODE_4612_length_15044_cov_318.466942	15044	5485195	364.61	110	763
NODE_4811_length_14453_cov_340.705237	14453	5532242	382.77	0	1207
NODE_4819_length_14430_cov_359.794783	14430	5649197	391.49	140	465
NODE_5203_length_13499_cov_354.249479	13499	5170509	383.03	216	472
NODE_5666_length_12519_cov_333.849246	12519	4564678	364.62	78	482
NODE_5959_length_11925_cov_341.038585	11925	4479024	375.60	231	479
NODE_6065_length_11700_cov_338.955861	11700	4357953	372.47	200	454
NODE_6148_length_11555_cov_378.170957	11555	4756941	411.68	51	1146
NODE_6824_length_10402_cov_344.674108	10402	3913627	376.24	161	468
NODE_7365_length_9599_cov_388.589271	9599	4022284	419.03	271	938
NODE_7370_length_9593_cov_341.439191	9593	3621261	377.49	138	452
NODE_7476_length_9438_cov_337.034531	9438	3473936	368.08	138	473
NODE_7709_length_9118_cov_339.583692	9118	3407734	373.74	220	542
NODE_7845_length_8959_cov_316.048181	8959	3148857	351.47	143	431
NODE_7984_length_8783_cov_785.625687	8783	4688162	533.78	41	1198
NODE_8093_length_8649_cov_342.619618	8649	3367123	389.31	0	1414
NODE_8127_length_8608_cov_300.062902	8608	2867023	333.06	71	431
NODE_8360_length_8347_cov_357.613965	8347	3303380	395.76	140	740
NODE_9035_length_7610_cov_353.984116	7610	2914044	382.92	222	467
NODE_9202_length_7453_cov_331.024196	7453	2675728	359.01	103	477
NODE_9937_length_6826_cov_360.348988	6826	2702224	395.87	153	490
NODE_10518_length_6424_cov_339.697598	6424	2446341	380.81	216	460
NODE_10788_length_6228_cov_650.881743	6228	2666894	428.21	29	683
NODE_10823_length_6200_cov_342.421481	6200	2413395	389.26	86	774
NODE_11089_length_6016_cov_354.436168	6016	2353137	391.15	157	489
NODE_11293_length_5886_cov_343.305265	5886	2278890	387.17	234	622
NODE_11709_length_5639_cov_341.187858	5639	2211262	392.14	242	859
NODE_12574_length_5187_cov_333.858730	5187	1899959	366.29	263	450
NODE_12995_length_5011_cov_348.689467	5011	2091901	417.46	54	893
NODE_13242_length_4909_cov_290.765760	4909	1583981	322.67	85	454
NODE_13274_length_4892_cov_342.174695	4892	1842627	376.66	185	473
NODE_14552_length_4395_cov_345.450230	4395	1685894	383.59	128	626
NODE_15835_length_4017_cov_4.184250	4017	20460	5.09	1	12
NODE_15968_length_3982_cov_320.800357	3982	1384488	347.69	137	476
NODE_16080_length_3952_cov_4.334103	3952	23193	5.87	1	23
NODE_16262_length_3902_cov_332.394853	3902	1543015	395.44	118	921
NODE_16709_length_3791_cov_3.107334	3791	21095	5.56	1	11
NODE_17072_length_3714_cov_3.829735	3714	24473	6.59	1	16
NODE_17103_length_3706_cov_13.515475	3706	65074	17.56	2	170
NODE_17480_length_3621_cov_4.527762	3621	26122	7.21	1	16
NODE_17563_length_3602_cov_5.272343	3602	24346	6.76	0	31
NODE_17692_length_3572_cov_336.623543	3572	1277156	357.55	137	429
NODE_18335_length_3448_cov_316.139994	3448	1195577	346.75	205	512
NODE_18745_length_3372_cov_336.456738	3372	1238546	367.30	159	452
NODE_18997_length_3330_cov_4.038779	3330	21058	6.32	1	14
NODE_19980_length_3171_cov_342.568999	3171	1183440	373.21	144	437
NODE_20234_length_3133_cov_329.011046	3133	1175278	375.13	235	612
NODE_20411_length_3109_cov_340.165357	3109	1190061	382.78	160	459
NODE_20652_length_3072_cov_43.580709	3072	148109	48.21	14	82
NODE_20890_length_3043_cov_30.505689	3043	126252	41.49	9	89
NODE_22366_length_2859_cov_714.802782	2859	2571798	899.54	169	1150
NODE_22573_length_2837_cov_344.294752	2837	1056041	372.24	198	436
NODE_22605_length_2833_cov_3.893089	2833	17723	6.26	2	10
NODE_22702_length_2821_cov_4.623283	2821	19299	6.84	0	17
NODE_22969_length_2789_cov_303.746159	2789	969043	347.45	165	762
NODE_23114_length_2773_cov_2.730684	2773	17142	6.18	1	15
NODE_23444_length_2736_cov_3.856024	2736	13927	5.09	1	10
NODE_24105_length_2669_cov_3.114767	2669	15294	5.73	1	11
NODE_24958_length_2583_cov_347.466772	2583	970051	375.55	101	446
NODE_25067_length_2573_cov_349.979746	2573	1337393	519.78	84	3058
NODE_25668_length_2517_cov_4.444760	2517	15539	6.17	1	13
NODE_26016_length_2487_cov_116.401316	2487	601904	242.02	14	724
NODE_26136_length_2476_cov_4.476663	2476	14275	5.77	1	10
NODE_26228_length_2469_cov_3.661143	2469	15001	6.08	1	34
NODE_27085_length_2392_cov_3.545571	2392	14629	6.12	1	12
NODE_27160_length_2386_cov_3.569284	2386	15609	6.54	1	14
NODE_27351_length_2370_cov_2.060043	2370	7527	3.18	1	8
NODE_27835_length_2334_cov_3.142168	2334	11903	5.10	1	25
NODE_27959_length_2323_cov_3.321869	2323	15865	6.83	1	17
NODE_28013_length_2318_cov_3.506407	2318	14036	6.06	1	14
NODE_28274_length_2301_cov_4.145147	2301	12571	5.46	1	13
NODE_28710_length_2267_cov_4.198463	2267	14144	6.24	1	10
NODE_28885_length_2255_cov_2.946364	2255	11389	5.05	1	10
NODE_30079_length_2173_cov_3.042965	2173	11319	5.21	1	12
NODE_30095_length_2172_cov_3.641474	2172	10960	5.05	0	16
NODE_30122_length_2171_cov_3.194707	2171	10244	4.72	1	10
NODE_30264_length_2162_cov_369.418605	2162	848322	392.38	93	494
NODE_30462_length_2151_cov_3.354962	2151	16235	7.55	1	14
NODE_30599_length_2142_cov_413.522760	2142	1824165	851.62	205	1095
NODE_31097_length_2110_cov_2.493917	2110	6446	3.05	1	6
NODE_31213_length_2102_cov_410.073766	2102	934740	444.69	23	888
NODE_31983_length_2058_cov_3.286570	2058	12581	6.11	1	11
NODE_32651_length_2022_cov_2.309609	2022	6895	3.41	1	9
NODE_32683_length_2019_cov_4.282587	2019	12183	6.03	1	14
NODE_32833_length_2011_cov_2.439162	2011	14228	7.08	2	18
NODE_33970_length_1947_cov_3.054440	1947	11482	5.90	2	31
NODE_34045_length_1942_cov_536.822470	1942	1904302	980.59	462	1521
NODE_34080_length_1941_cov_3.518558	1941	9172	4.73	1	9
NODE_34195_length_1935_cov_3.638830	1935	11677	6.03	1	12
NODE_34659_length_1914_cov_4.136633	1914	12443	6.50	1	14
NODE_34856_length_1904_cov_3.946998	1904	11153	5.86	1	12
NODE_35142_length_1889_cov_357.953108	1889	723353	382.93	148	443
NODE_35183_length_1887_cov_4.102620	1887	12586	6.67	1	13
NODE_35238_length_1884_cov_3.893384	1884	13624	7.23	1	12
NODE_35242_length_1884_cov_2.511755	1884	10925	5.80	3	9
NODE_35388_length_1877_cov_3.368277	1877	12466	6.64	2	12
NODE_35516_length_1871_cov_3.638767	1871	11445	6.12	1	21
NODE_35545_length_1870_cov_2.671625	1870	5197	2.78	1	9
NODE_35994_length_1848_cov_3.989961	1848	11664	6.31	1	13
NODE_36063_length_1844_cov_326.110676	1844	677775	367.56	70	700
NODE_36762_length_1815_cov_3.000000	1815	11617	6.40	1	23
NODE_37280_length_1792_cov_4.312608	1792	11418	6.37	1	13
NODE_37716_length_1774_cov_3.457824	1774	10057	5.67	1	11
NODE_38425_length_1746_cov_3.010053	1746	7465	4.28	1	7
NODE_38443_length_1745_cov_4.050296	1745	12234	7.01	1	13
NODE_38598_length_1738_cov_405.579917	1738	809320	465.66	239	680
NODE_39229_length_1714_cov_2.811935	1714	4183	2.44	1	5
NODE_39251_length_1713_cov_2.700241	1713	10608	6.19	2	20
NODE_39294_length_1711_cov_2.804952	1711	9289	5.43	0	10
NODE_39421_length_1706_cov_4.043004	1706	11087	6.50	1	12
NODE_39812_length_1691_cov_3.787897	1691	11699	6.92	0	13
NODE_40393_length_1670_cov_3.130650	1670	10617	6.36	1	12
NODE_40421_length_1669_cov_3.501859	1669	9229	5.53	1	10
NODE_40441_length_1668_cov_4.248605	1668	13438	8.06	1	15
NODE_40474_length_1667_cov_2.064516	1667	6451	3.87	0	8
NODE_40583_length_1662_cov_3.798382	1662	10027	6.03	1	10
NODE_40639_length_1660_cov_3.161371	1660	8301	5.00	2	8
NODE_40678_length_1658_cov_340.076731	1658	619026	373.36	132	504
NODE_40972_length_1648_cov_4.480226	1648	11564	7.02	1	12
NODE_41474_length_1632_cov_3.563094	1632	9856	6.04	1	10
NODE_41690_length_1624_cov_2.102613	1624	7147	4.40	0	10
NODE_42116_length_1608_cov_3.517064	1608	6580	4.09	1	8
NODE_42241_length_1604_cov_3.835378	1604	6471	4.03	1	8
NODE_42449_length_1597_cov_3.744488	1597	7432	4.65	1	10
NODE_43469_length_1563_cov_3.551724	1563	10475	6.70	0	17
NODE_43670_length_1557_cov_411.923435	1557	613610	394.10	53	454
NODE_44171_length_1542_cov_2.820444	1542	9235	5.99	2	12
NODE_44382_length_1535_cov_3.345946	1535	6696	4.36	0	9
NODE_44426_length_1534_cov_2.922921	1534	10851	7.07	2	14
NODE_44504_length_1531_cov_4.792005	1531	11239	7.34	3	15
NODE_44805_length_1523_cov_3.097411	1523	4290	2.82	1	7
NODE_45125_length_1514_cov_3.794380	1514	7438	4.91	1	9
NODE_45150_length_1513_cov_302.431413	1513	537730	355.41	73	448
NODE_45336_length_1507_cov_3.891185	1507	9962	6.61	1	16
NODE_45600_length_1500_cov_2.800692	1500	7236	4.82	1	11
NODE_45780_length_1495_cov_3.870139	1495	11498	7.69	1	20
NODE_45805_length_1494_cov_47.597637	1494	76380	51.12	32	62
NODE_45902_length_1492_cov_2.855950	1492	8470	5.68	1	32
NODE_46013_length_1489_cov_2.267085	1489	6945	4.66	1	9
NODE_46099_length_1486_cov_3.849057	1486	11061	7.44	2	15
NODE_46403_length_1478_cov_3.633169	1478	10684	7.23	1	36
NODE_46563_length_1474_cov_2.739253	1474	6422	4.36	0	14
NODE_46865_length_1465_cov_3.370213	1465	9117	6.22	2	20
NODE_47202_length_1454_cov_319.189421	1454	509234	350.23	255	405
NODE_48156_length_1428_cov_2.200291	1428	4815	3.37	1	6
NODE_48410_length_1421_cov_2.925329	1421	8551	6.02	1	11
NODE_48662_length_1414_cov_3.298749	1414	5286	3.74	1	8
NODE_48712_length_1413_cov_2.874080	1413	7067	5.00	1	15
NODE_48745_length_1412_cov_3.198231	1412	8784	6.22	1	11
NODE_49526_length_1392_cov_359.100972	1392	513214	368.69	127	448
NODE_49701_length_1389_cov_2.419790	1389	6826	4.91	1	9
NODE_49914_length_1383_cov_351.114458	1383	524880	379.52	155	454
NODE_50039_length_1380_cov_100.566038	1380	814476	590.20	74	1808
NODE_50375_length_1372_cov_3.233865	1372	6851	4.99	1	11
NODE_50571_length_1367_cov_2.599848	1367	8082	5.91	1	10
NODE_50904_length_1358_cov_361.827322	1358	512141	377.13	186	494
NODE_51139_length_1353_cov_5.494607	1353	77282	57.12	1	460
NODE_51570_length_1343_cov_4.052019	1343	6201	4.62	0	15
NODE_51716_length_1339_cov_349.764019	1339	496536	370.83	111	431
NODE_52080_length_1331_cov_3.882445	1331	7779	5.84	1	13
NODE_52223_length_1327_cov_351.099057	1327	508955	383.54	190	466
NODE_53805_length_1293_cov_338.601777	1293	502112	388.33	244	1076
NODE_53835_length_1293_cov_3.126010	1293	7457	5.77	1	9
NODE_53966_length_1290_cov_3.652632	1290	7374	5.72	1	10
NODE_54237_length_1284_cov_3.663954	1284	8872	6.91	1	13
NODE_54643_length_1276_cov_1.864865	1276	6985	5.47	0	9
NODE_54799_length_1272_cov_3.063270	1272	9323	7.33	1	13
NODE_54801_length_1272_cov_2.995892	1272	5608	4.41	1	9
NODE_54988_length_1268_cov_4.262160	1268	11911	9.39	2	16
NODE_55156_length_1265_cov_2.756198	1265	5400	4.27	1	10
NODE_55197_length_1264_cov_2.901572	1264	5846	4.62	1	9
NODE_56011_length_1247_cov_2.832215	1247	8536	6.85	1	15
NODE_56672_length_1234_cov_3.541985	1234	8194	6.64	1	14
NODE_56817_length_1231_cov_3.636054	1231	9240	7.51	1	12
NODE_56895_length_1230_cov_2.693617	1230	5136	4.18	1	7
NODE_57326_length_1221_cov_524.348199	1221	823880	674.76	126	1058
NODE_57596_length_1216_cov_332.973299	1216	486349	399.96	156	1097
NODE_57633_length_1216_cov_2.716624	1216	5877	4.83	1	10
NODE_57788_length_1213_cov_3.468912	1213	6554	5.40	1	9
NODE_58064_length_1208_cov_3.908066	1208	5977	4.95	1	10
NODE_58374_length_1202_cov_4.207498	1202	8523	7.09	3	11
NODE_58438_length_1201_cov_2.770506	1201	7110	5.92	2	10
NODE_58686_length_1196_cov_3.100789	1196	7274	6.08	2	13
NODE_58964_length_1191_cov_4.256162	1191	7759	6.51	2	11
NODE_58974_length_1191_cov_3.096831	1191	8328	6.99	1	13
NODE_59129_length_1188_cov_3.267432	1188	6201	5.22	0	9
NODE_59187_length_1187_cov_3.608657	1187	7657	6.45	1	12
NODE_59268_length_1186_cov_2.658709	1186	5461	4.60	1	16
NODE_59493_length_1181_cov_157.504440	1181	198297	167.91	72	205
NODE_59651_length_1179_cov_2.924377	1179	7654	6.49	1	14
NODE_59921_length_1174_cov_4.220733	1174	5709	4.86	1	10
NODE_59986_length_1173_cov_3.843470	1173	7608	6.49	2	10
NODE_60293_length_1168_cov_2.112309	1168	3213	2.75	1	7
NODE_60491_length_1164_cov_3.030658	1164	5692	4.89	1	9
NODE_60545_length_1163_cov_3.353791	1163	7852	6.75	1	11
NODE_61469_length_1147_cov_4.428571	1147	6627	5.78	1	12
NODE_61943_length_1140_cov_2.132719	1140	4562	4.00	1	8
NODE_62636_length_1127_cov_359.538246	1127	507102	449.96	268	523
NODE_62992_length_1122_cov_2.683224	1122	5787	5.16	2	9
NODE_63323_length_1116_cov_773.684260	1116	1710781	1532.96	71	3022
NODE_63376_length_1116_cov_2.711593	1116	3849	3.45	1	8
NODE_63475_length_1114_cov_3.218130	1114	5315	4.77	1	8
NODE_63493_length_1114_cov_2.567517	1114	3959	3.55	1	6
NODE_64208_length_1101_cov_5.376673	1101	8183	7.43	2	15
NODE_64754_length_1093_cov_2.523121	1093	3831	3.51	1	7
NODE_65008_length_1089_cov_2.281431	1089	4852	4.46	1	8
NODE_65009_length_1089_cov_2.250484	1089	3124	2.87	0	6
NODE_65289_length_1084_cov_4.733722	1084	6821	6.29	1	11
NODE_65303_length_1084_cov_3.497570	1084	7418	6.84	2	10
NODE_65621_length_1079_cov_3.543945	1079	3960	3.67	1	9
NODE_65786_length_1077_cov_2.912916	1077	5365	4.98	1	10
NODE_66787_length_1062_cov_2.234359	1062	5124	4.82	1	10
NODE_66941_length_1060_cov_2.270647	1060	5356	5.05	2	10
NODE_68063_length_1044_cov_412.759353	1044	1187331	1137.29	209	1473
NODE_68178_length_1043_cov_2.862348	1043	4431	4.25	1	7
NODE_68556_length_1038_cov_2.497457	1038	4402	4.24	1	9
NODE_68892_length_1033_cov_2.716769	1033	6277	6.08	1	12
NODE_69211_length_1029_cov_2.458932	1029	6706	6.52	3	20
NODE_69283_length_1028_cov_2.627955	1028	5901	5.74	2	10
NODE_69589_length_1023_cov_345.723140	1023	409932	400.72	259	473
NODE_69597_length_1023_cov_5.212810	1023	8675	8.48	4	14
NODE_69724_length_1022_cov_2.296794	1022	5292	5.18	1	10
NODE_69880_length_1019_cov_377.825726	1019	406909	399.32	284	476
NODE_70067_length_1017_cov_3.172557	1017	3399	3.34	1	6
NODE_70070_length_1017_cov_3.071726	1017	4653	4.58	1	9
NODE_70171_length_1016_cov_2.664932	1016	5475	5.39	1	9
NODE_70254_length_1015_cov_2.209375	1015	5253	5.18	1	10
NODE_70385_length_1013_cov_2.215031	1013	4948	4.88	1	10
NODE_70430_length_1012_cov_3.247649	1012	6226	6.15	0	10
NODE_70687_length_1009_cov_1.969602	1009	4307	4.27	1	9
NODE_71040_length_1004_cov_3.374078	1004	3864	3.85	1	8
NODE_71085_length_1004_cov_1.840885	1004	3531	3.52	1	7
NODE_71111_length_1003_cov_3.564346	1003	6872	6.85	1	13
NODE_395_length_76082_cov_26.473411	76082	2296047	30.18	0	72
NODE_423_length_74367_cov_27.522459	74367	2285006	30.73	0	60
NODE_425_length_74331_cov_26.585559	74331	2251522	30.29	0	77
NODE_486_length_68810_cov_26.163086	68810	2026580	29.45	0	109
NODE_640_length_60698_cov_26.019244	60698	1807424	29.78	0	97
NODE_694_length_58009_cov_26.573230	58009	1775745	30.61	0	62
NODE_755_length_55795_cov_27.046771	55795	1720038	30.83	10	161
NODE_773_length_54634_cov_25.602191	54634	1832171	33.54	10	147
NODE_846_length_51117_cov_27.329168	51117	1583746	30.98	0	116
NODE_873_length_50297_cov_27.567633	50297	1549454	30.81	0	85
NODE_889_length_49563_cov_26.591218	49563	1517315	30.61	0	84
NODE_1019_length_45814_cov_26.048908	45814	1359023	29.66	0	69
NODE_1070_length_44265_cov_27.464691	44265	1360088	30.73	0	58
NODE_1116_length_43075_cov_24.451371	43075	1228021	28.51	0	125
NODE_1124_length_42924_cov_25.828314	42924	1280749	29.84	6	111
NODE_1179_length_41502_cov_27.018095	41502	1276528	30.76	0	107
NODE_1195_length_41214_cov_26.020943	41214	1257535	30.51	5	82
NODE_1291_length_39197_cov_26.307138	39197	1167682	29.79	0	64
NODE_1457_length_35800_cov_26.430829	35800	1070645	29.91	0	59
NODE_1495_length_35034_cov_25.579576	35034	1026853	29.31	0	55
NODE_1545_length_34384_cov_26.872528	34384	1048738	30.50	2	48
NODE_1564_length_34178_cov_27.331888	34178	1074422	31.44	0	135
NODE_1573_length_34076_cov_25.653538	34076	996343	29.24	10	53
NODE_1623_length_33618_cov_24.048446	33618	943024	28.05	5	57
NODE_1692_length_32722_cov_25.161600	32722	962406	29.41	0	99
NODE_1707_length_32511_cov_26.972116	32511	995340	30.62	0	66
NODE_1821_length_31114_cov_27.098941	31114	916631	29.46	11	63
NODE_1944_length_29605_cov_25.101523	29605	842969	28.47	0	51
NODE_1949_length_29545_cov_25.610309	29545	866932	29.34	0	56
NODE_2151_length_27582_cov_23.529081	27582	764209	27.71	7	49
NODE_2172_length_27375_cov_28.292789	27375	911974	33.31	8	219
NODE_2258_length_26604_cov_24.608384	26604	772480	29.04	5	99
NODE_2264_length_26583_cov_26.782230	26583	837144	31.49	0	79
NODE_2292_length_26314_cov_26.736776	26314	792310	30.11	2	114
NODE_2377_length_25556_cov_25.923964	25556	746009	29.19	0	90
NODE_2513_length_24564_cov_26.837529	24564	732321	29.81	0	59
NODE_2519_length_24516_cov_27.502310	24516	758036	30.92	0	56
NODE_2552_length_24291_cov_27.730607	24291	800139	32.94	4	87
NODE_2632_length_23781_cov_25.020400	23781	695450	29.24	6	162
NODE_2649_length_23589_cov_27.469109	23589	740495	31.39	6	148
NODE_2678_length_23453_cov_25.658475	23453	696665	29.70	11	103
NODE_2826_length_22631_cov_23.397546	22631	609871	26.95	0	66
NODE_2863_length_22428_cov_26.697314	22428	675356	30.11	0	53
NODE_2904_length_22128_cov_24.879491	22128	645309	29.16	0	60
NODE_2910_length_22108_cov_26.773319	22108	686039	31.03	13	95
NODE_2967_length_21775_cov_25.559116	21775	626601	28.78	0	49
NODE_2972_length_21720_cov_26.306347	21720	652570	30.04	9	56
NODE_2978_length_21698_cov_27.111306	21698	656780	30.27	0	54
NODE_3072_length_21122_cov_24.657474	21122	609828	28.87	0	158
NODE_3091_length_20995_cov_24.774355	20995	601497	28.65	5	52
NODE_3166_length_20505_cov_26.186455	20505	610344	29.77	0	62
NODE_3178_length_20413_cov_28.136310	20413	642114	31.46	0	65
NODE_3292_length_19814_cov_25.900096	19814	598019	30.18	0	245
NODE_3428_length_19201_cov_26.459992	19201	578168	30.11	10	62
NODE_3442_length_19122_cov_24.200399	19122	530590	27.75	0	76
NODE_3586_length_18568_cov_25.601199	18568	533895	28.75	4	50
NODE_3592_length_18548_cov_26.769102	18548	562876	30.35	6	54
NODE_3613_length_18487_cov_25.568034	18487	559939	30.29	0	53
NODE_3626_length_18424_cov_24.850672	18424	526272	28.56	0	49
NODE_3713_length_18061_cov_27.196046	18061	587495	32.53	0	76
NODE_3729_length_18018_cov_25.524523	18018	533944	29.63	0	57
NODE_3757_length_17907_cov_26.953171	17907	564418	31.52	14	77
NODE_3792_length_17762_cov_26.484272	17762	526668	29.65	11	58
NODE_3915_length_17244_cov_25.324277	17244	492767	28.58	0	50
NODE_3971_length_17057_cov_24.077403	17057	472395	27.70	0	62
NODE_3978_length_17045_cov_24.753384	17045	484241	28.41	7	61
NODE_3984_length_17018_cov_25.105052	17018	540687	31.77	7	189
NODE_3998_length_16973_cov_27.500000	16973	518817	30.57	0	56
NODE_4020_length_16906_cov_27.388998	16906	521710	30.86	8	72
NODE_4155_length_16488_cov_26.684111	16488	530110	32.15	8	79
NODE_4179_length_16382_cov_25.501501	16382	474682	28.98	0	49
NODE_4270_length_16053_cov_29.343980	16053	525168	32.71	11	58
NODE_4321_length_15852_cov_26.469646	15852	491879	31.03	0	56
NODE_4380_length_15657_cov_26.377003	15657	467041	29.83	11	58
NODE_4387_length_15643_cov_25.287144	15643	446967	28.57	6	46
NODE_4510_length_15285_cov_24.549311	15285	433890	28.39	9	53
NODE_4515_length_15271_cov_29.697884	15271	492310	32.24	0	55
NODE_4621_length_15022_cov_26.001336	15022	461917	30.75	0	53
NODE_4676_length_14851_cov_23.772641	14851	405036	27.27	0	56
NODE_4695_length_14774_cov_25.969835	14774	437131	29.59	0	55
NODE_4749_length_14626_cov_26.476014	14626	444426	30.39	5	63
NODE_4864_length_14307_cov_24.410399	14307	409520	28.62	0	50
NODE_4890_length_14220_cov_24.531098	14220	391581	27.54	0	48
NODE_4892_length_14217_cov_25.823330	14217	427932	30.10	8	51
NODE_4932_length_14118_cov_25.020835	14118	407093	28.84	0	53
NODE_4978_length_14007_cov_24.922520	14007	397814	28.40	0	49
NODE_5003_length_13953_cov_26.015830	13953	419231	30.05	5	65
NODE_5041_length_13852_cov_25.643038	13852	425714	30.73	9	53
NODE_5065_length_13807_cov_25.658741	13807	393973	28.53	5	62
NODE_5077_length_13778_cov_22.463091	13778	374423	27.18	5	123
NODE_5093_length_13750_cov_30.435706	13750	459141	33.39	16	60
NODE_5167_length_13579_cov_27.891748	13579	412587	30.38	0	52
NODE_5273_length_13345_cov_26.931603	13345	410943	30.79	0	70
NODE_5278_length_13334_cov_28.149785	13334	406294	30.47	0	96
NODE_5309_length_13264_cov_27.643501	13264	426014	32.12	10	73
NODE_5402_length_13038_cov_26.747131	13038	398008	30.53	0	50
NODE_5489_length_12832_cov_24.983173	12832	375270	29.24	2	55
NODE_5540_length_12746_cov_27.949413	12746	397314	31.17	6	58
NODE_5572_length_12686_cov_25.656005	12686	376393	29.67	0	49
NODE_5731_length_12397_cov_27.200130	12397	373207	30.10	8	54
NODE_5842_length_12162_cov_25.230528	12162	354081	29.11	11	59
NODE_5874_length_12077_cov_25.137082	12077	348920	28.89	13	72
NODE_5939_length_11962_cov_27.873604	11962	420068	35.12	10	292
NODE_5957_length_11929_cov_25.260906	11929	357292	29.95	5	48
NODE_6208_length_11446_cov_25.443245	11446	333223	29.11	0	53
NODE_6218_length_11433_cov_25.426173	11433	340015	29.74	12	60
NODE_6314_length_11228_cov_25.759778	11228	318745	28.39	7	48
NODE_6315_length_11228_cov_24.465766	11228	317278	28.26	2	55
NODE_6346_length_11182_cov_27.938977	11182	340533	30.45	4	51
NODE_6398_length_11094_cov_25.586285	11094	319181	28.77	0	47
NODE_6409_length_11082_cov_26.408996	11082	338905	30.58	10	76
NODE_6469_length_10963_cov_24.330125	10963	317656	28.98	2	92
NODE_6544_length_10820_cov_28.113237	10820	329962	30.50	1	50
NODE_6545_length_10820_cov_25.055458	10820	304413	28.13	1	60
NODE_6637_length_10690_cov_26.024636	10690	317380	29.69	0	54
NODE_6784_length_10464_cov_24.106350	10464	292644	27.97	3	72
NODE_6923_length_10227_cov_27.443177	10227	305972	29.92	8	49
NODE_6983_length_10133_cov_28.693788	10133	334830	33.04	12	61
NODE_7008_length_10096_cov_26.833781	10096	302158	29.93	14	44
NODE_7055_length_10024_cov_26.226803	10024	297862	29.71	6	74
NODE_7098_length_9956_cov_23.749823	9956	280517	28.18	10	52
NODE_7109_length_9945_cov_24.844692	9945	291368	29.30	0	114
NODE_7119_length_9934_cov_29.219658	9934	321687	32.38	11	63
NODE_7154_length_9895_cov_22.655894	9895	259301	26.21	6	52
NODE_7305_length_9678_cov_22.914372	9678	260847	26.95	0	50
NODE_7373_length_9590_cov_27.040797	9590	277940	28.98	7	64
NODE_7386_length_9571_cov_26.728457	9571	292760	30.59	0	67
NODE_7398_length_9556_cov_27.367961	9556	292232	30.58	6	44
NODE_7477_length_9438_cov_26.185442	9438	276327	29.28	14	51
NODE_7518_length_9372_cov_24.929591	9372	270113	28.82	0	49
NODE_7527_length_9359_cov_27.371346	9359	283571	30.30	12	58
NODE_7636_length_9222_cov_29.276972	9222	305421	33.12	0	75
NODE_7658_length_9190_cov_26.004160	9190	271138	29.50	5	69
NODE_7794_length_9019_cov_27.880634	9019	274322	30.42	8	48
NODE_7805_length_9008_cov_26.909639	9008	270236	30.00	13	75
NODE_7884_length_8912_cov_27.447443	8912	268517	30.13	0	49
NODE_7936_length_8838_cov_25.296140	8838	272260	30.81	12	57
NODE_7979_length_8789_cov_24.825738	8789	252368	28.71	7	48
NODE_7987_length_8781_cov_25.681985	8781	248457	28.29	8	47
NODE_8028_length_8722_cov_25.819545	8722	254284	29.15	0	50
NODE_8068_length_8680_cov_24.879188	8680	242796	27.97	10	50
NODE_8105_length_8640_cov_27.488992	8640	253977	29.40	10	52
NODE_8159_length_8574_cov_25.904684	8574	253741	29.59	0	53
NODE_8286_length_8429_cov_29.139718	8429	277199	32.89	15	53
NODE_8288_length_8422_cov_17.183100	8422	164668	19.55	1	43
NODE_8306_length_8405_cov_24.397246	8405	240997	28.67	6	57
NODE_8368_length_8334_cov_27.962918	8334	252757	30.33	7	47
NODE_8468_length_8213_cov_26.518509	8213	242142	29.48	15	48
NODE_8513_length_8167_cov_23.809541	8167	233129	28.55	0	61
NODE_8614_length_8057_cov_32.506998	8057	315084	39.11	5	228
NODE_8637_length_8022_cov_18.797916	8022	170487	21.25	0	46
NODE_8692_length_7965_cov_29.355120	7965	259506	32.58	12	56
NODE_8750_length_7908_cov_28.256462	7908	248810	31.46	6	53
NODE_8801_length_7844_cov_26.855309	7844	237471	30.27	3	51
NODE_8817_length_7833_cov_23.685909	7833	217717	27.79	11	53
NODE_9138_length_7513_cov_27.717216	7513	443384	59.02	14	132
NODE_9155_length_7495_cov_24.569758	7495	215640	28.77	1	51
NODE_9315_length_7356_cov_23.765238	7356	211236	28.72	13	95
NODE_9340_length_7330_cov_26.071065	7330	223850	30.54	3	103
NODE_9369_length_7301_cov_26.482335	7301	214586	29.39	16	92
NODE_9384_length_7292_cov_27.382893	7292	229947	31.53	9	115
NODE_9400_length_7282_cov_23.266916	7282	199706	27.42	1	44
NODE_9424_length_7255_cov_169.739167	7255	1358532	187.25	89	291
NODE_9459_length_7223_cov_24.746373	7223	213284	29.53	11	82
NODE_9461_length_7222_cov_25.716897	7222	212446	29.42	2	48
NODE_9482_length_7200_cov_25.852764	7200	215136	29.88	12	46
NODE_9659_length_7048_cov_28.387816	7048	276776	39.27	8	93
NODE_9873_length_6880_cov_25.145201	6880	200647	29.16	13	42
NODE_9906_length_6851_cov_25.091230	6851	206721	30.17	0	49
NODE_9927_length_6835_cov_23.572271	6835	181463	26.55	4	63
NODE_10084_length_6714_cov_28.870851	6714	226656	33.76	18	50
NODE_10086_length_6713_cov_23.154551	6713	183931	27.40	12	51
NODE_10213_length_6626_cov_22.309238	6626	172881	26.09	9	57
NODE_10248_length_6592_cov_25.076182	6592	194422	29.49	15	150
NODE_10347_length_6523_cov_22.538497	6523	173899	26.66	2	50
NODE_10631_length_6348_cov_28.284284	6348	206006	32.45	15	153
NODE_10694_length_6298_cov_186.353836	6298	3488800	553.95	80	1399
NODE_10710_length_6285_cov_20.033066	6285	150448	23.94	0	154
NODE_10732_length_6266_cov_27.770729	6266	195601	31.22	0	49
NODE_10785_length_6232_cov_26.571637	6232	201413	32.32	0	61
NODE_10889_length_6150_cov_27.022149	6150	184033	29.92	6	58
NODE_10923_length_6124_cov_27.149942	6124	186527	30.46	13	44
NODE_11026_length_6055_cov_23.328000	6055	168786	27.88	4	60
NODE_11099_length_6011_cov_24.879113	6011	170576	28.38	8	55
NODE_11118_length_6002_cov_24.887506	6002	195945	32.65	2	471
NODE_11195_length_5954_cov_26.669435	5954	178131	29.92	0	50
NODE_11382_length_5831_cov_27.120152	5831	187741	32.20	0	127
NODE_11421_length_5804_cov_24.489824	5804	160118	27.59	10	49
NODE_11508_length_5756_cov_22.195755	5756	142144	24.69	1	43
NODE_11607_length_5694_cov_27.642667	5694	171486	30.12	0	47
NODE_11728_length_5626_cov_23.540298	5626	148530	26.40	7	51
NODE_11790_length_5588_cov_26.569131	5588	163501	29.26	8	41
NODE_11812_length_5580_cov_29.776109	5580	184707	33.10	12	48
NODE_11856_length_5557_cov_27.553072	5557	169519	30.51	5	54
NODE_12041_length_5459_cov_26.621762	5459	161165	29.52	8	50
NODE_12142_length_5408_cov_22.901364	5408	151949	28.10	9	50
NODE_12386_length_5275_cov_24.642720	5275	153017	29.01	7	45
NODE_12476_length_5228_cov_24.344288	5228	143675	27.48	13	47
NODE_12630_length_5163_cov_26.440681	5163	160612	31.11	5	57
NODE_12807_length_5093_cov_22.071854	5093	132811	26.08	0	71
NODE_12838_length_5080_cov_25.863284	5080	150807	29.69	14	46
NODE_12975_length_5018_cov_27.755591	5018	162401	32.36	14	53
NODE_13089_length_4967_cov_23.401262	4967	143739	28.94	7	49
NODE_13107_length_4959_cov_30.497961	4959	165152	33.30	8	52
NODE_13151_length_4940_cov_26.016991	4940	139907	28.32	6	45
NODE_13290_length_4887_cov_25.638659	4887	141967	29.05	14	48
NODE_13359_length_4861_cov_28.725759	4861	145357	29.90	10	46
NODE_13374_length_4852_cov_27.380655	4852	150572	31.03	11	56
NODE_13661_length_4732_cov_25.849049	4732	140705	29.73	6	44
NODE_13844_length_4662_cov_26.568266	4662	131859	28.28	0	50
NODE_13881_length_4644_cov_26.139682	4644	137419	29.59	11	45
NODE_14036_length_4584_cov_22.947671	4584	125080	27.29	11	60
NODE_14103_length_4561_cov_24.834221	4561	130281	28.56	12	41
NODE_14179_length_4531_cov_25.213807	4531	135892	29.99	10	62
NODE_14309_length_4479_cov_27.748192	4479	136368	30.45	7	45
NODE_14358_length_4463_cov_26.163793	4463	123333	27.63	7	50
NODE_14418_length_4442_cov_27.534990	4442	130883	29.46	8	45
NODE_14494_length_4418_cov_24.978914	4418	121479	27.50	6	44
NODE_14581_length_4385_cov_26.962356	4385	126109	28.76	8	42
NODE_14922_length_4272_cov_28.053593	4272	130448	30.54	0	50
NODE_14953_length_4262_cov_27.675778	4262	135540	31.80	4	52
NODE_14962_length_4259_cov_26.127973	4259	141546	33.23	4	59
NODE_15039_length_4235_cov_26.233493	4235	120719	28.51	9	47
NODE_15223_length_4175_cov_23.507524	4175	114513	27.43	0	47
NODE_15241_length_4171_cov_28.765549	4171	129934	31.15	0	56
NODE_15270_length_4163_cov_21.649951	4163	115844	27.83	7	44
NODE_15336_length_4148_cov_21.495969	4148	101145	24.38	10	38
NODE_15341_length_4146_cov_26.946223	4146	118593	28.60	7	49
NODE_15356_length_4143_cov_25.950342	4143	125424	30.27	12	45
NODE_15382_length_4139_cov_27.909647	4139	130893	31.62	10	46
NODE_15421_length_4129_cov_25.958763	4129	128507	31.12	4	64
NODE_15529_length_4101_cov_27.462185	4101	121832	29.71	11	43
NODE_15605_length_4075_cov_29.911940	4075	308796	75.78	14	115
NODE_15668_length_4055_cov_30.933000	4055	130937	32.29	21	46
NODE_16140_length_3935_cov_28.364433	3935	119144	30.28	13	48
NODE_16187_length_3923_cov_27.463289	3923	124981	31.86	18	53
NODE_16290_length_3897_cov_29.838105	3897	126651	32.50	13	84
NODE_16391_length_3872_cov_26.473670	3872	118922	30.71	13	54
NODE_16681_length_3797_cov_23.944148	3797	105608	27.81	3	40
NODE_16697_length_3794_cov_26.430864	3794	110933	29.24	14	46
NODE_16733_length_3783_cov_29.143509	3783	129835	34.32	15	59
NODE_16787_length_3772_cov_23.319882	3772	103605	27.47	9	40
NODE_16849_length_3760_cov_24.144130	3760	104013	27.66	15	49
NODE_16880_length_3752_cov_30.430349	3752	124669	33.23	9	48
NODE_17023_length_3725_cov_21.662125	3725	98726	26.50	4	53
NODE_17039_length_3722_cov_27.012817	3722	114736	30.83	3	52
NODE_17080_length_3711_cov_29.686269	3711	117947	31.78	0	64
NODE_17147_length_3695_cov_26.620604	3695	111596	30.20	10	52
NODE_17164_length_3691_cov_27.040704	3691	130170	35.27	15	115
NODE_17220_length_3679_cov_30.586645	3679	121255	32.96	20	47
NODE_17224_length_3678_cov_24.938725	3678	103646	28.18	10	46
NODE_17307_length_3659_cov_25.873751	3659	113032	30.89	14	50
NODE_17416_length_3634_cov_19.740989	3634	92187	25.37	7	50
NODE_17452_length_3627_cov_29.494681	3627	117404	32.37	13	47
NODE_17597_length_3594_cov_27.393049	3594	113220	31.50	5	53
NODE_17598_length_3594_cov_24.490534	3594	92872	25.84	7	47
NODE_17813_length_3548_cov_18.877756	3548	91225	25.71	13	43
NODE_17835_length_3543_cov_31.182053	3543	133218	37.60	7	105
NODE_17836_length_3543_cov_26.719323	3543	107953	30.47	12	46
NODE_17922_length_3526_cov_30.109479	3526	118081	33.49	20	48
NODE_18451_length_3423_cov_28.339667	3423	106675	31.16	6	43
NODE_18459_length_3422_cov_26.054945	3422	95465	27.90	0	47
NODE_18483_length_3418_cov_27.110913	3418	108864	31.85	15	58
NODE_18878_length_3349_cov_24.631755	3349	96984	28.96	7	42
NODE_19261_length_3285_cov_26.950155	3285	98266	29.91	10	44
NODE_19522_length_3240_cov_319.124019	3240	2922404	901.98	83	1293
NODE_19564_length_3235_cov_22.701572	3235	86740	26.81	1	46
NODE_19766_length_3204_cov_26.035884	3204	95631	29.85	13	49
NODE_19925_length_3179_cov_23.934379	3179	87176	27.42	0	38
NODE_19953_length_3176_cov_27.429029	3176	95906	30.20	13	42
NODE_19999_length_3169_cov_24.543031	3169	87845	27.72	9	44
NODE_20097_length_3152_cov_28.357766	3152	94762	30.06	8	44
NODE_20181_length_3141_cov_30.423850	3141	104651	33.32	9	56
NODE_20370_length_3115_cov_30.122222	3115	109319	35.09	9	53
NODE_20766_length_3059_cov_25.778961	3059	93365	30.52	13	45
NODE_20808_length_3053_cov_64.046364	3053	231215	75.73	4	124
NODE_21094_length_3012_cov_26.055800	3012	134531	44.67	4	86
NODE_21151_length_3004_cov_23.671753	3004	98557	32.81	11	83
NODE_21323_length_2982_cov_35.585241	2982	130744	43.84	17	82
NODE_21324_length_2982_cov_24.886573	2982	85656	28.72	9	42
NODE_21486_length_2960_cov_27.694664	2960	90552	30.59	10	45
NODE_21523_length_2956_cov_22.153395	2956	90876	30.74	14	58
NODE_21760_length_2926_cov_24.369906	2926	80583	27.54	15	44
NODE_21809_length_2921_cov_29.483950	2921	93834	32.12	13	57
NODE_22132_length_2884_cov_26.793213	2884	84546	29.32	10	44
NODE_22133_length_2884_cov_24.509367	2884	80177	27.80	15	48
NODE_22710_length_2820_cov_26.513562	2820	83110	29.47	6	42
NODE_22809_length_2809_cov_25.546841	2809	82090	29.22	3	48
NODE_22835_length_2806_cov_20.854598	2806	69561	24.79	5	103
NODE_22929_length_2794_cov_28.827309	2794	102587	36.72	5	88
NODE_22955_length_2791_cov_94.831506	2791	289402	103.69	39	134
NODE_23328_length_2749_cov_23.423905	2749	70544	25.66	6	42
NODE_23392_length_2741_cov_25.107967	2741	81807	29.85	17	48
NODE_23552_length_2724_cov_28.504309	2724	84365	30.97	6	49
NODE_23619_length_2717_cov_24.864388	2717	79935	29.42	17	42
NODE_23687_length_2710_cov_26.200000	2710	79691	29.41	10	42
NODE_23861_length_2693_cov_20.268385	2693	69437	25.78	11	42
NODE_23905_length_2689_cov_27.582005	2689	80398	29.90	13	46
NODE_24060_length_2672_cov_27.114635	2672	85861	32.13	0	53
NODE_24194_length_2660_cov_21.704031	2660	82139	30.88	9	135
NODE_24204_length_2659_cov_33.130952	2659	93400	35.13	16	59
NODE_24259_length_2654_cov_24.141208	2654	71870	27.08	0	40
NODE_24498_length_2627_cov_29.877916	2627	82600	31.44	12	47
NODE_24639_length_2614_cov_28.009769	2614	85853	32.84	15	57
NODE_24714_length_2607_cov_25.146944	2607	71875	27.57	11	45
NODE_24742_length_2604_cov_25.441742	2604	73987	28.41	10	66
NODE_25069_length_2573_cov_24.729547	2573	64224	24.96	10	40
NODE_25241_length_2556_cov_24.762095	2556	71405	27.94	1	43
NODE_25571_length_2525_cov_103.317814	2525	246060	97.45	6	211
NODE_26159_length_2474_cov_25.800331	2474	72615	29.35	5	54
NODE_26679_length_2425_cov_2.491561	2425	6772	2.79	1	8
NODE_27575_length_2353_cov_28.542211	2353	77215	32.82	18	48
NODE_27822_length_2334_cov_19.999122	2334	52451	22.47	6	33
NODE_28018_length_2317_cov_28.631742	2317	73000	31.51	12	58
NODE_28038_length_2315_cov_28.633186	2315	70909	30.63	2	50
NODE_28504_length_2282_cov_27.563089	2282	69253	30.35	18	41
NODE_28919_length_2251_cov_24.923497	2251	58514	25.99	1	45
NODE_28998_length_2246_cov_92.820630	2246	228537	101.75	52	145
NODE_29015_length_2245_cov_25.133790	2245	65559	29.20	6	49
NODE_29117_length_2237_cov_22.518332	2237	61940	27.69	9	44
NODE_29263_length_2227_cov_17.621547	2227	52014	23.36	2	44
NODE_29496_length_2210_cov_159.892807	2210	381979	172.84	106	225
NODE_29497_length_2210_cov_29.878886	2210	71469	32.34	19	52
NODE_29975_length_2178_cov_23.140838	2178	57399	26.35	6	37
NODE_30366_length_2156_cov_22.597335	2156	62980	29.21	8	45
NODE_30506_length_2148_cov_26.770186	2148	57317	26.68	11	44
NODE_30872_length_2125_cov_19.720290	2125	54672	25.73	8	40
NODE_30978_length_2118_cov_7.809501	2118	17550	8.29	3	15
NODE_31734_length_2071_cov_21.977183	2071	54471	26.30	7	44
NODE_32243_length_2044_cov_22.203620	2044	58242	28.49	14	141
NODE_32549_length_2026_cov_23.768138	2026	59032	29.14	5	42
NODE_32621_length_2022_cov_130.023386	2022	213274	105.48	15	190
NODE_32798_length_2012_cov_74.546244	2012	164578	81.80	45	108
NODE_33213_length_1988_cov_27.417486	1988	66767	33.59	11	83
NODE_33280_length_1984_cov_29.394505	1984	68219	34.38	19	46
NODE_33338_length_1981_cov_23.089823	1981	165334	83.46	8	108
NODE_33517_length_1971_cov_22.270877	1971	48095	24.40	6	38
NODE_33869_length_1952_cov_19.598313	1952	50063	25.65	15	42
NODE_34144_length_1937_cov_19.511158	1937	54849	28.32	8	38
NODE_34178_length_1935_cov_26.677660	1935	60935	31.49	11	67
NODE_34179_length_1935_cov_21.202660	1935	56838	29.37	5	47
NODE_35143_length_1889_cov_29.942203	1889	60539	32.05	6	42
NODE_35231_length_1884_cov_23.934937	1884	52970	28.12	9	46
NODE_35286_length_1881_cov_28.735487	1881	57082	30.35	8	47
NODE_35380_length_1877_cov_18.783754	1877	49503	26.37	0	102
NODE_35532_length_1870_cov_26.629752	1870	52465	28.06	12	38
NODE_35896_length_1853_cov_21.390990	1853	49824	26.89	6	49
NODE_36340_length_1832_cov_21.571187	1832	44644	24.37	5	35
NODE_36881_length_1809_cov_17.229190	1809	41776	23.09	7	35
NODE_36958_length_1806_cov_26.699029	1806	62389	34.55	12	70
NODE_37338_length_1789_cov_26.786044	1789	56191	31.41	12	47
NODE_37405_length_1786_cov_26.480647	1786	49358	27.64	3	41
NODE_37406_length_1786_cov_22.874061	1786	48658	27.24	6	93
NODE_39078_length_1719_cov_30.633413	1719	56787	33.03	7	56
NODE_39911_length_1687_cov_20.699142	1687	39871	23.63	4	36
NODE_40070_length_1681_cov_29.944034	1681	48330	28.75	3	55
NODE_40992_length_1647_cov_25.227387	1647	46437	28.19	5	39
NODE_41620_length_1626_cov_26.876512	1626	48641	29.91	8	43
NODE_42991_length_1578_cov_23.703217	1578	46643	29.56	6	96
NODE_43021_length_1577_cov_31.327858	1577	53421	33.88	17	48
NODE_43071_length_1575_cov_31.032895	1575	54947	34.89	22	49
NODE_43491_length_1562_cov_21.282017	1562	37637	24.10	8	41
NODE_43673_length_1557_cov_16.744341	1557	37195	23.89	1	43
NODE_43941_length_1549_cov_20.388889	1549	33387	21.55	5	31
NODE_44927_length_1520_cov_2.325597	1520	4066	2.67	1	6
NODE_45112_length_1514_cov_26.427690	1514	43975	29.05	9	47
NODE_45642_length_1498_cov_27.074151	1498	47168	31.49	16	42
NODE_45646_length_1498_cov_6.829522	1498	39661	26.48	2	51
NODE_45727_length_1496_cov_26.990978	1496	43845	29.31	8	45
NODE_47203_length_1454_cov_24.423874	1454	38651	26.58	8	38
NODE_47285_length_1452_cov_24.501074	1452	35117	24.19	3	56
NODE_47414_length_1448_cov_27.776023	1448	50186	34.66	8	90
NODE_48922_length_1408_cov_2.192166	1408	3092	2.20	0	5
NODE_49090_length_1403_cov_24.715875	1403	41749	29.76	17	134
NODE_49784_length_1387_cov_2.908408	1387	4078	2.94	0	7
NODE_50041_length_1380_cov_22.414340	1380	39104	28.34	4	48
NODE_50348_length_1372_cov_20.737282	1372	32664	23.81	11	40
NODE_50830_length_1360_cov_24.295785	1360	36672	26.96	4	42
NODE_50995_length_1356_cov_18.352037	1356	30382	22.41	7	34
NODE_51133_length_1353_cov_23.233436	1353	67318	49.75	14	213
NODE_52178_length_1328_cov_108.421838	1328	147935	111.40	39	156
NODE_52366_length_1324_cov_29.148936	1324	41233	31.14	8	46
NODE_54070_length_1287_cov_23.371753	1287	34177	26.56	10	35
NODE_54218_length_1284_cov_23.648495	1284	34993	27.25	7	44
NODE_57487_length_1218_cov_28.279450	1218	32354	26.56	3	71
NODE_57543_length_1217_cov_27.494836	1217	35967	29.55	3	46
NODE_58089_length_1208_cov_2.408500	1208	3144	2.60	1	4
NODE_58104_length_1207_cov_32.746528	1207	43258	35.84	7	49
NODE_58105_length_1207_cov_26.254340	1207	31703	26.27	8	43
NODE_58106_length_1207_cov_22.530382	1207	132352	109.65	70	151
NODE_58458_length_1200_cov_27.774672	1200	36776	30.65	15	50
NODE_59562_length_1180_cov_26.331556	1180	33839	28.68	7	45
NODE_59791_length_1176_cov_27.456735	1176	34197	29.08	10	43
NODE_59792_length_1176_cov_17.974130	1176	28971	24.64	5	35
NODE_60408_length_1165_cov_22.822523	1165	33488	28.75	2	48
NODE_60511_length_1164_cov_2.187556	1164	3275	2.81	1	7
NODE_60519_length_1163_cov_20.569495	1163	27740	23.85	14	43
NODE_60792_length_1159_cov_1.615942	1159	2601	2.24	1	11
NODE_62063_length_1137_cov_15.122921	1137	20482	18.01	6	25
NODE_62756_length_1125_cov_25.090654	1125	34984	31.10	5	63
NODE_63688_length_1111_cov_1.994318	1111	2250	2.03	0	4
NODE_64648_length_1094_cov_31.516843	1094	32406	29.62	20	48
NODE_64651_length_1094_cov_20.712223	1094	29391	26.87	4	36
NODE_64904_length_1090_cov_7.801932	1090	12869	11.81	6	51
NODE_65603_length_1079_cov_27.991211	1079	32891	30.48	8	41
NODE_65651_length_1079_cov_2.324219	1079	3379	3.13	1	6
NODE_66525_length_1065_cov_21.480198	1065	20663	19.40	5	31
NODE_68698_length_1035_cov_28.228571	1035	33245	32.12	12	46
NODE_69078_length_1030_cov_23.864615	1030	24406	23.70	7	38
NODE_70331_length_1013_cov_24.725470	1013	29990	29.61	9	47
NODE_285_length_88814_cov_15.254847	88814	2675633	30.13	0	841
NODE_331_length_82817_cov_13.544235	82817	1715597	20.72	4	345
NODE_442_length_72655_cov_14.215634	72655	1661360	22.87	5	562
NODE_537_length_65768_cov_12.737738	65768	2273403	34.57	3	856
NODE_571_length_64023_cov_14.732054	64023	1189261	18.58	0	93
NODE_588_length_63139_cov_14.424751	63139	2021614	32.02	4	893
NODE_703_length_57652_cov_15.463705	57652	1148813	19.93	6	254
NODE_743_length_56145_cov_13.231075	56145	1061677	18.91	5	553
NODE_820_length_52388_cov_15.117631	52388	1680982	32.09	4	819
NODE_830_length_51894_cov_13.708617	51894	1277466	24.62	4	509
NODE_907_length_48953_cov_14.955908	48953	3541012	72.33	0	1043
NODE_927_length_48423_cov_13.026236	48423	1076276	22.23	4	720
NODE_983_length_46946_cov_12.831951	46946	1536497	32.73	2	870
NODE_1043_length_44965_cov_13.281118	44965	1075691	23.92	4	737
NODE_1058_length_44573_cov_14.031178	44573	967339	21.70	4	626
NODE_1068_length_44281_cov_13.412178	44281	1001505	22.62	2	329
NODE_1072_length_44180_cov_14.152635	44180	1149178	26.01	3	759
NODE_1113_length_43108_cov_14.045943	43108	1274093	29.56	6	595
NODE_1134_length_42628_cov_12.627557	42628	1140052	26.74	3	830
NODE_1185_length_41394_cov_14.359564	41394	789062	19.06	5	211
NODE_1241_length_40130_cov_14.027898	40130	1293671	32.24	4	720
NODE_1362_length_37745_cov_12.732131	37745	649584	17.21	0	93
NODE_1478_length_35315_cov_12.682218	35315	893216	25.29	0	669
NODE_1540_length_34466_cov_12.649589	34466	937696	27.21	2	520
NODE_1679_length_32952_cov_14.918838	32952	717180	21.76	5	331
NODE_1742_length_32073_cov_13.466894	32073	867711	27.05	4	595
NODE_1831_length_31004_cov_13.767682	31004	737513	23.79	6	495
NODE_1836_length_30971_cov_20.701999	30971	1450385	46.83	3	1265
NODE_1882_length_30349_cov_14.017561	30349	909907	29.98	2	685
NODE_1900_length_30103_cov_13.247238	30103	1239625	41.18	4	917
NODE_1906_length_30006_cov_13.059664	30006	1592591	53.08	3	635
NODE_1929_length_29798_cov_15.186094	29798	622516	20.89	4	176
NODE_1931_length_29790_cov_13.213486	29790	514874	17.28	3	163
NODE_1971_length_29266_cov_12.943549	29266	469983	16.06	1	44
NODE_1990_length_29032_cov_12.045070	29032	466862	16.08	1	70
NODE_2000_length_28928_cov_12.635646	28928	657765	22.74	4	749
NODE_2051_length_28385_cov_14.216520	28385	833509	29.36	4	396
NODE_2076_length_28205_cov_14.462593	28205	563596	19.98	3	47
NODE_2096_length_28030_cov_13.569008	28030	588309	20.99	4	347
NODE_2215_length_26959_cov_13.273751	26959	512115	19.00	0	368
NODE_2248_length_26655_cov_13.099361	26655	487710	18.30	6	48
NODE_2329_length_26001_cov_13.995375	26001	768561	29.56	4	551
NODE_2338_length_25924_cov_14.769029	25924	779189	30.06	5	672
NODE_2441_length_25088_cov_126.493628	25088	3645886	145.32	56	373
NODE_2457_length_24929_cov_13.372236	24929	457641	18.36	2	220
NODE_2540_length_24354_cov_13.301247	24354	430186	17.66	0	50
NODE_2542_length_24340_cov_13.544081	24340	487469	20.03	4	307
NODE_2577_length_24070_cov_12.397377	24070	801589	33.30	5	615
NODE_2584_length_24034_cov_37.586889	24034	1005361	41.83	10	149
NODE_2663_length_23521_cov_13.395508	23521	529780	22.52	3	577
NODE_2768_length_22940_cov_12.454097	22940	889545	38.78	0	669
NODE_2786_length_22876_cov_13.121949	22876	439827	19.23	5	232
NODE_2856_length_22472_cov_12.972699	22472	487821	21.71	5	300
NODE_2866_length_22417_cov_11.880109	22417	623063	27.79	1	711
NODE_2942_length_21928_cov_13.751657	21928	763606	34.82	4	517
NODE_3019_length_21483_cov_14.383657	21483	387851	18.05	3	47
NODE_3022_length_21468_cov_14.431420	21468	1127631	52.53	5	728
NODE_3023_length_21460_cov_136.349731	21460	5314090	247.63	97	1160
NODE_3056_length_21233_cov_14.800028	21233	404859	19.07	5	292
NODE_3086_length_21014_cov_13.044659	21014	402234	19.14	3	218
NODE_3133_length_20720_cov_13.176046	20720	308238	14.88	1	27
NODE_3149_length_20597_cov_13.271152	20597	328297	15.94	4	110
NODE_3159_length_20555_cov_13.033268	20555	485735	23.63	0	445
NODE_3269_length_19930_cov_13.923522	19930	338327	16.98	2	71
NODE_3382_length_19428_cov_12.871316	19428	587614	30.25	5	843
NODE_3532_length_18816_cov_12.555248	18816	317284	16.86	6	169
NODE_3559_length_18680_cov_22.269154	18680	533160	28.54	0	191
NODE_3843_length_17549_cov_13.756374	17549	907581	51.72	6	648
NODE_4034_length_16862_cov_22.871958	16862	555009	32.91	7	713
NODE_4073_length_16739_cov_14.116459	16739	342532	20.46	0	400
NODE_4152_length_16489_cov_13.763722	16489	267740	16.24	5	29
NODE_4169_length_16410_cov_12.133415	16410	344589	21.00	0	598
NODE_4170_length_16408_cov_13.879349	16408	292219	17.81	2	148
NODE_4184_length_16358_cov_14.529534	16358	315822	19.31	7	292
NODE_4237_length_16153_cov_13.568394	16153	273737	16.95	5	66
NODE_4247_length_16108_cov_13.737495	16108	279931	17.38	4	38
NODE_4284_length_15988_cov_13.655181	15988	505595	31.62	5	563
NODE_4297_length_15937_cov_12.683163	15937	405961	25.47	4	353
NODE_4325_length_15837_cov_13.037574	15837	359662	22.71	0	500
NODE_4336_length_15797_cov_12.728052	15797	275348	17.43	3	73
NODE_4365_length_15691_cov_34.456383	15691	617352	39.34	18	154
NODE_4416_length_15564_cov_14.566574	15564	308065	19.79	6	180
NODE_4455_length_15432_cov_13.622228	15432	248434	16.10	1	52
NODE_4505_length_15303_cov_13.207699	15303	245589	16.05	0	190
NODE_4607_length_15050_cov_13.868756	15050	376222	25.00	4	528
NODE_4663_length_14882_cov_15.046807	14882	722848	48.57	6	817
NODE_4712_length_14725_cov_30.871302	14725	1261427	85.67	1	477
NODE_4798_length_14484_cov_129.524153	14484	2128528	146.96	34	208
NODE_4849_length_14339_cov_13.878045	14339	286416	19.97	4	180
NODE_4907_length_14180_cov_13.752071	14180	243434	17.17	4	38
NODE_4937_length_14100_cov_13.385902	14100	299419	21.24	6	78
NODE_4945_length_14081_cov_12.472337	14081	309266	21.96	4	339
NODE_5074_length_13785_cov_14.138019	13785	263833	19.14	2	205
NODE_5084_length_13761_cov_12.557931	13761	204929	14.89	0	30
NODE_5126_length_13669_cov_129.931027	13669	2092149	153.06	37	764
NODE_5141_length_13643_cov_11.547100	13643	201277	14.75	3	69
NODE_5176_length_13547_cov_13.679069	13547	257282	18.99	5	55
NODE_5194_length_13525_cov_14.256941	13525	228899	16.92	6	41
NODE_5213_length_13481_cov_13.274467	13481	235662	17.48	5	35
NODE_5258_length_13384_cov_13.304449	13384	246132	18.39	4	89
NODE_5310_length_13264_cov_14.274510	13264	253861	19.14	6	397
NODE_5406_length_13031_cov_12.915305	13031	224875	17.26	6	56
NODE_5543_length_12739_cov_14.141517	12739	259794	20.39	4	212
NODE_5554_length_12718_cov_14.535655	12718	399306	31.40	0	465
NODE_5578_length_12680_cov_15.883802	12680	1238426	97.67	0	287
NODE_5585_length_12670_cov_12.034483	12670	661263	52.19	3	905
NODE_5624_length_12614_cov_5.880166	12614	112236	8.90	1	39
NODE_5878_length_12073_cov_14.063488	12073	203721	16.87	5	32
NODE_5889_length_12051_cov_14.962154	12051	241505	20.04	5	236
NODE_5932_length_11971_cov_14.564703	11971	230407	19.25	6	255
NODE_6072_length_11682_cov_15.117399	11682	293884	25.16	6	658
NODE_6123_length_11608_cov_14.707176	11608	352773	30.39	4	471
NODE_6151_length_11546_cov_14.180315	11546	848960	73.53	1	911
NODE_6200_length_11457_cov_23.981933	11457	333039	29.07	9	241
NODE_6217_length_11436_cov_13.386082	11436	186833	16.34	3	29
NODE_6249_length_11365_cov_12.599204	11365	283549	24.95	4	593
NODE_6479_length_10931_cov_14.209912	10931	198119	18.12	6	101
NODE_6489_length_10918_cov_13.085888	10918	1270740	116.39	5	763
NODE_6494_length_10910_cov_12.290373	10910	189033	17.33	3	230
NODE_6572_length_10778_cov_14.146787	10778	421893	39.14	6	659
NODE_6870_length_10325_cov_13.548880	10325	174963	16.95	4	40
NODE_6988_length_10127_cov_14.215052	10127	299816	29.61	0	532
NODE_6996_length_10113_cov_13.722509	10113	297441	29.41	5	477
NODE_7021_length_10079_cov_12.540004	10079	291341	28.91	3	816
NODE_7072_length_10002_cov_13.495928	10002	415440	41.54	4	505
NODE_7118_length_9936_cov_14.946564	9936	181349	18.25	3	38
NODE_7122_length_9932_cov_13.988458	9932	235833	23.74	4	350
NODE_7128_length_9924_cov_15.659540	9924	232643	23.44	2	227
NODE_7258_length_9738_cov_13.452649	9738	186946	19.20	4	248
NODE_7393_length_9561_cov_12.898170	9561	162769	17.02	5	38
NODE_7404_length_9541_cov_12.100464	9541	194212	20.36	4	284
NODE_7431_length_9511_cov_14.370558	9511	180423	18.97	6	94
NODE_7433_length_9508_cov_13.336930	9508	421162	44.30	7	637
NODE_7457_length_9477_cov_13.984504	9477	208921	22.05	5	324
NODE_7487_length_9427_cov_14.222685	9427	201409	21.37	6	120
NODE_7602_length_9265_cov_22.345711	9265	537425	58.01	7	377
NODE_7612_length_9254_cov_14.296880	9254	160109	17.30	7	32
NODE_7646_length_9203_cov_13.812965	9203	178261	19.37	4	63
NODE_7737_length_9086_cov_12.311926	9086	341419	37.58	2	636
NODE_7752_length_9072_cov_13.677165	9072	177334	19.55	4	67
NODE_7829_length_8978_cov_13.292278	8978	166671	18.56	5	253
NODE_7946_length_8828_cov_14.036476	8828	405387	45.92	0	678
NODE_7969_length_8801_cov_14.076149	8801	263133	29.90	4	469
NODE_7992_length_8773_cov_14.280798	8773	775885	88.44	2	633
NODE_8037_length_8710_cov_13.037204	8710	166930	19.17	5	43
NODE_8128_length_8608_cov_14.174676	8608	264107	30.68	0	413
NODE_8162_length_8569_cov_110.456425	8569	1109942	129.53	77	1293
NODE_8239_length_8480_cov_12.840712	8480	142164	16.76	6	135
NODE_8319_length_8392_cov_15.013074	8392	151561	18.06	3	46
NODE_8428_length_8267_cov_13.930468	8267	139803	16.91	5	29
NODE_8520_length_8153_cov_11.520869	8153	208563	25.58	0	242
NODE_8538_length_8141_cov_13.043656	8141	495000	60.80	5	672
NODE_8566_length_8114_cov_12.687678	8114	218718	26.96	7	309
NODE_8647_length_8007_cov_143.589914	8007	1412385	176.39	88	417
NODE_8658_length_7995_cov_15.006423	7995	139253	17.42	6	34
NODE_8661_length_7993_cov_116.964223	7993	1059732	132.58	55	502
NODE_8676_length_7979_cov_13.198889	7979	120457	15.10	2	27
NODE_8770_length_7877_cov_13.129123	7877	133653	16.97	3	54
NODE_8900_length_7754_cov_14.180933	7754	315458	40.68	4	522
NODE_8914_length_7737_cov_12.569253	7737	125971	16.28	5	44
NODE_8968_length_7674_cov_12.617273	7674	118743	15.47	5	69
NODE_8988_length_7657_cov_15.257564	7657	159044	20.77	3	180
NODE_9128_length_7522_cov_7.371635	7522	65127	8.66	0	21
NODE_9145_length_7504_cov_7.902940	7504	183434	24.44	2	965
NODE_9261_length_7408_cov_14.074935	7408	434894	58.71	6	1411
NODE_9361_length_7309_cov_13.847670	7309	149810	20.50	7	163
NODE_9412_length_7271_cov_36.105599	7271	292233	40.19	13	115
NODE_9457_length_7225_cov_14.815900	7225	134087	18.56	5	32
NODE_9533_length_7155_cov_22.482113	7155	1579761	220.79	13	1695
NODE_9602_length_7093_cov_14.866439	7093	155935	21.98	6	589
NODE_9617_length_7076_cov_13.176755	7076	187825	26.54	3	74
NODE_9630_length_7068_cov_13.861258	7068	339882	48.09	4	662
NODE_9685_length_7031_cov_13.414851	7031	354699	50.45	1	702
NODE_9773_length_6957_cov_13.988409	6957	238194	34.24	1	576
NODE_9783_length_6944_cov_11.808971	6944	195893	28.21	6	83
NODE_9819_length_6918_cov_36.766137	6918	283691	41.01	0	59
NODE_9972_length_6801_cov_13.406315	6801	159156	23.40	7	277
NODE_10002_length_6772_cov_15.153938	6772	226130	33.39	3	462
NODE_10039_length_6748_cov_25.510832	6748	253400	37.55	13	317
NODE_10178_length_6657_cov_12.332475	6657	107995	16.22	3	48
NODE_10267_length_6579_cov_12.448345	6579	107979	16.41	0	33
NODE_10376_length_6506_cov_11.969927	6506	301327	46.32	3	338
NODE_10421_length_6478_cov_90.404951	6478	589999	91.08	15	307
NODE_10424_length_6476_cov_140.856720	6476	1088682	168.11	72	301
NODE_10610_length_6358_cov_33.811518	6358	407130	64.03	2	259
NODE_10642_length_6338_cov_13.926627	6338	202663	31.98	5	506
NODE_10769_length_6242_cov_14.285114	6242	119533	19.15	4	70
NODE_10800_length_6219_cov_13.385788	6219	177731	28.58	6	475
NODE_10844_length_6188_cov_13.082504	6188	292210	47.22	5	620
NODE_10894_length_6145_cov_14.495238	6145	161778	26.33	4	71
NODE_11043_length_6047_cov_13.502336	6047	103862	17.18	5	31
NODE_11051_length_6043_cov_13.181864	6043	97405	16.12	4	28
NODE_11064_length_6031_cov_22.982597	6031	1145223	189.89	18	1286
NODE_11065_length_6031_cov_13.264224	6031	110958	18.40	6	38
NODE_11115_length_6004_cov_10.932594	6004	77100	12.84	4	28
NODE_11196_length_5954_cov_13.868622	5954	106833	17.94	5	90
NODE_11202_length_5947_cov_14.151561	5947	156178	26.26	9	260
NODE_11255_length_5909_cov_13.068500	5909	123936	20.97	4	147
NODE_11495_length_5761_cov_12.309148	5761	130640	22.68	0	348
NODE_11763_length_5609_cov_13.137378	5609	162285	28.93	5	347
NODE_11836_length_5567_cov_14.462627	5567	104230	18.72	6	114
NODE_11858_length_5556_cov_13.526813	5556	444308	79.97	4	693
NODE_11868_length_5552_cov_16.290522	5552	100587	18.12	0	30
NODE_11968_length_5496_cov_12.285058	5496	95962	17.46	5	151
NODE_12039_length_5460_cov_14.006105	5460	101464	18.58	4	38
NODE_12217_length_5364_cov_296.534752	5364	3916730	730.19	142	2112
NODE_12334_length_5300_cov_13.044614	5300	354474	66.88	5	550
NODE_12416_length_5261_cov_12.143680	5261	96630	18.37	5	129
NODE_12662_length_5150_cov_15.942689	5150	322359	62.59	8	601
NODE_12772_length_5108_cov_22.504849	5108	187607	36.73	8	61
NODE_12954_length_5025_cov_12.356942	5025	234071	46.58	4	563
NODE_12970_length_5019_cov_13.719581	5019	107463	21.41	7	70
NODE_13094_length_4965_cov_12.163544	4965	158796	31.98	3	574
NODE_13233_length_4913_cov_6.394813	4913	45896	9.34	1	106
NODE_13355_length_4864_cov_12.815762	4864	123960	25.49	5	277
NODE_13421_length_4831_cov_15.369765	4831	86592	17.92	3	32
NODE_13694_length_4715_cov_12.908798	4715	561495	119.09	7	789
NODE_13710_length_4708_cov_13.780787	4708	131874	28.01	4	495
NODE_13946_length_4619_cov_14.055434	4619	96327	20.85	4	141
NODE_14129_length_4549_cov_13.598798	4549	81511	17.92	6	39
NODE_14158_length_4537_cov_15.408077	4537	105320	23.21	9	100
NODE_14203_length_4518_cov_14.463141	4518	83177	18.41	7	96
NODE_14477_length_4422_cov_39.116327	4422	682350	154.31	0	288
NODE_14550_length_4396_cov_13.370652	4396	73873	16.80	7	71
NODE_14819_length_4304_cov_13.123323	4304	77660	18.04	1	35
NODE_14823_length_4303_cov_16.187853	4303	81704	18.99	4	35
NODE_15257_length_4166_cov_12.867672	4166	147710	35.46	2	594
NODE_15361_length_4142_cov_225.912161	4142	1532923	370.09	47	512
NODE_15416_length_4131_cov_3.353778	4131	16405	3.97	0	10
NODE_15420_length_4129_cov_101.494354	4129	1019330	246.87	26	1225
NODE_15546_length_4093_cov_16.456662	4093	86286	21.08	5	38
NODE_15576_length_4082_cov_11.755401	4082	274996	67.37	4	461
NODE_15621_length_4069_cov_22.793722	4069	282945	69.54	14	748
NODE_15653_length_4060_cov_12.241948	4060	61013	15.03	4	28
NODE_15709_length_4045_cov_7.948872	4045	767367	189.71	4	880
NODE_15716_length_4044_cov_11.753071	4044	65735	16.25	5	28
NODE_15731_length_4039_cov_12.985442	4039	67685	16.76	5	38
NODE_15980_length_3977_cov_90.680520	3977	412896	103.82	14	328
NODE_16006_length_3971_cov_13.504341	3971	108213	27.25	3	448
NODE_16161_length_3930_cov_28.910194	3930	219945	55.97	1	598
NODE_16162_length_3930_cov_12.141419	3930	69118	17.59	7	123
NODE_16223_length_3913_cov_14.551840	3913	79411	20.29	5	36
NODE_16249_length_3905_cov_11.055584	3905	106786	27.35	4	358
NODE_16283_length_3898_cov_15.505595	3898	69911	17.94	1	29
NODE_16291_length_3897_cov_12.546590	3897	68641	17.61	4	34
NODE_16305_length_3894_cov_12.989320	3894	61878	15.89	3	84
NODE_16306_length_3893_cov_12.513288	3893	613686	157.64	4	819
NODE_16331_length_3888_cov_12.583094	3888	161311	41.49	6	627
NODE_16340_length_3886_cov_12.504829	3886	367342	94.53	6	582
NODE_16471_length_3853_cov_15.134808	3853	69672	18.08	6	53
NODE_16520_length_3841_cov_4.125990	3841	17200	4.48	1	11
NODE_16962_length_3735_cov_23.153804	3735	183645	49.17	10	574
NODE_17159_length_3692_cov_80.412978	3692	565648	153.21	16	342
NODE_17621_length_3588_cov_16.385791	3588	282768	78.81	8	1151
NODE_17771_length_3557_cov_32.486008	3557	108368	30.47	15	54
NODE_17871_length_3535_cov_114.674713	3535	480042	135.80	2	393
NODE_17910_length_3528_cov_11.497840	3528	68221	19.34	5	34
NODE_18110_length_3490_cov_14.495197	3490	58077	16.64	5	42
NODE_18309_length_3453_cov_14.697469	3453	74260	21.51	5	77
NODE_18407_length_3431_cov_13.184242	3431	493602	143.87	0	567
NODE_18506_length_3414_cov_36.414409	3414	139651	40.91	22	57
NODE_18545_length_3407_cov_15.002685	3407	382730	112.34	6	635
NODE_18651_length_3388_cov_17.660966	3388	149134	44.02	5	442
NODE_18715_length_3375_cov_14.485241	3375	286445	84.87	7	298
NODE_18731_length_3373_cov_51.284810	3373	698266	207.02	21	299
NODE_18931_length_3341_cov_14.257456	3341	81183	24.30	4	68
NODE_18944_length_3338_cov_10.928115	3338	50719	15.19	2	96
NODE_19508_length_3242_cov_9.239410	3242	37510	11.57	2	35
NODE_19738_length_3210_cov_188.496672	3210	966778	301.18	45	455
NODE_20050_length_3159_cov_199.847294	3159	606893	192.12	111	876
NODE_20148_length_3145_cov_12.304531	3145	46015	14.63	3	28
NODE_20246_length_3131_cov_14.499675	3131	56573	18.07	3	33
NODE_20261_length_3130_cov_12.228943	3130	59075	18.87	7	41
NODE_20697_length_3066_cov_21.621388	3066	224112	73.10	5	973
NODE_21054_length_3017_cov_20.231263	3017	532978	176.66	14	690
NODE_21056_length_3017_cov_11.717083	3017	85830	28.45	3	79
NODE_21113_length_3010_cov_12.694416	3010	60081	19.96	6	37
NODE_21297_length_2986_cov_3.402593	2986	15379	5.15	1	12
NODE_21317_length_2983_cov_12.264686	2983	80325	26.93	2	271
NODE_21668_length_2938_cov_11.449879	2938	66295	22.56	7	398
NODE_21796_length_2922_cov_211.229857	2922	808296	276.62	62	365
NODE_21943_length_2905_cov_41.176140	2905	191740	66.00	6	209
NODE_22225_length_2874_cov_24.578574	2874	138521	48.20	17	219
NODE_22387_length_2857_cov_38.770521	2857	146430	51.25	4	148
NODE_22431_length_2852_cov_26.754737	2852	212827	74.62	12	705
NODE_22623_length_2831_cov_15.260447	2831	592326	209.23	5	743
NODE_23007_length_2786_cov_39.349689	2786	150154	53.90	22	78
NODE_23248_length_2758_cov_176.446911	2758	453055	164.27	23	206
NODE_23570_length_2722_cov_12.683915	2722	82246	30.22	8	360
NODE_23798_length_2699_cov_10.703101	2699	35754	13.25	5	22
NODE_24106_length_2668_cov_14.184080	2668	61718	23.13	3	141
NODE_24128_length_2666_cov_14.516277	2666	396058	148.56	9	252
NODE_24318_length_2647_cov_176.461806	2647	482360	182.23	76	411
NODE_24340_length_2645_cov_110.299228	2645	335867	126.98	64	331
NODE_24494_length_2628_cov_3.804897	2628	53540	20.37	0	55
NODE_24869_length_2591_cov_14.988170	2591	48803	18.84	5	32
NODE_24893_length_2589_cov_11.681926	2589	83307	32.18	9	189
NODE_24991_length_2580_cov_38.195644	2580	646292	250.50	0	1236
NODE_24992_length_2580_cov_13.165941	2580	47872	18.56	5	79
NODE_25011_length_2578_cov_14.612763	2578	49584	19.23	6	120
NODE_25194_length_2560_cov_141.580439	2560	524924	205.05	84	451
NODE_25484_length_2533_cov_15.228410	2533	56824	22.43	11	54
NODE_25686_length_2515_cov_29.656098	2515	84759	33.70	2	69
NODE_25923_length_2496_cov_9.142155	2496	32993	13.22	2	93
NODE_25940_length_2494_cov_18.412464	2494	47775	19.16	9	30
NODE_26158_length_2474_cov_27.450186	2474	433003	175.02	15	784
NODE_26174_length_2473_cov_13.538048	2473	64241	25.98	6	229
NODE_26578_length_2433_cov_37.869638	2433	1003816	412.58	29	1061
NODE_26647_length_2427_cov_13.496206	2427	54242	22.35	3	118
NODE_26677_length_2425_cov_3.928270	2425	10370	4.28	0	9
NODE_26781_length_2416_cov_22.791190	2416	642302	265.85	19	940
NODE_26793_length_2415_cov_15.803390	2415	47013	19.47	2	31
NODE_26993_length_2399_cov_22.285836	2399	74548	31.07	12	77
NODE_27577_length_2353_cov_10.877720	2353	248785	105.73	7	683
NODE_27805_length_2336_cov_2.810609	2336	7772	3.33	1	11
NODE_28021_length_2317_cov_4.235632	2317	11230	4.85	1	16
NODE_28210_length_2304_cov_218.514006	2304	524180	227.51	99	292
NODE_28302_length_2299_cov_3.277184	2299	8003	3.48	1	6
NODE_28424_length_2289_cov_24.535363	2289	1740572	760.41	26	1072
NODE_28632_length_2272_cov_16.481281	2272	479212	210.92	9	875
NODE_28785_length_2262_cov_2.991844	2262	13725	6.07	1	77
NODE_28795_length_2260_cov_106.911565	2260	359206	158.94	73	396
NODE_29001_length_2246_cov_24.249658	2246	506165	225.36	10	772
NODE_29414_length_2216_cov_121.530773	2216	290605	131.14	35	164
NODE_29451_length_2213_cov_136.537998	2213	349188	157.79	36	483
NODE_29463_length_2212_cov_12.522485	2212	209778	94.84	5	492
NODE_29757_length_2193_cov_3.560804	2193	8759	3.99	0	8
NODE_29783_length_2191_cov_12.032303	2191	32378	14.78	5	29
NODE_29873_length_2185_cov_14.322066	2185	43065	19.71	6	34
NODE_30087_length_2172_cov_9.905999	2172	23571	10.85	2	21
NODE_30785_length_2130_cov_10.746506	2130	36963	17.35	3	63
NODE_30905_length_2123_cov_4.324952	2123	14333	6.75	1	13
NODE_31063_length_2112_cov_11.382110	2112	28372	13.43	6	33
NODE_31163_length_2105_cov_4.092683	2105	14103	6.70	1	11
NODE_31299_length_2097_cov_3.585211	2097	15806	7.54	1	18
NODE_31333_length_2095_cov_2.995588	2095	7189	3.43	1	8
NODE_31372_length_2092_cov_13.509573	2092	34988	16.72	5	28
NODE_31575_length_2081_cov_33.346496	2081	487381	234.21	0	867
NODE_31840_length_2066_cov_1.902039	2066	4794	2.32	1	4
NODE_31969_length_2058_cov_34.460310	2058	1106255	537.54	0	1049
NODE_32061_length_2054_cov_4.703352	2054	13219	6.44	1	13
NODE_32120_length_2050_cov_14.555890	2050	37651	18.37	10	77
NODE_32563_length_2025_cov_13.940102	2025	821947	405.90	7	562
NODE_32624_length_2022_cov_14.639044	2022	421622	208.52	4	730
NODE_33005_length_2000_cov_25.866838	2000	789258	394.63	16	1572
NODE_33197_length_1989_cov_11.686660	1989	44974	22.61	5	141
NODE_33414_length_1977_cov_15.479709	1977	1124248	568.66	11	1596
NODE_33734_length_1960_cov_216.850919	1960	463605	236.53	50	446
NODE_33888_length_1951_cov_14.314346	1951	779104	399.34	7	1295
NODE_34202_length_1934_cov_311.048430	1934	414058	214.09	67	289
NODE_34735_length_1910_cov_175.646900	1910	721622	377.81	30	743
NODE_35246_length_1883_cov_16.439278	1883	155026	82.33	3	543
NODE_35455_length_1873_cov_6.295930	1873	29106	15.54	1	138
NODE_36464_length_1827_cov_12.309255	1827	44214	24.20	8	90
NODE_36957_length_1806_cov_171.150200	1806	1585503	877.91	514	1756
NODE_37096_length_1800_cov_15.969054	1800	147350	81.86	8	468
NODE_37251_length_1793_cov_29.230150	1793	202979	113.21	16	688
NODE_37523_length_1782_cov_48.204980	1782	118125	66.29	14	179
NODE_37572_length_1781_cov_2.114137	1781	10548	5.92	1	66
NODE_37651_length_1776_cov_119.638582	1776	255471	143.85	79	353
NODE_37678_length_1775_cov_38.650581	1775	430619	242.60	35	292
NODE_37806_length_1770_cov_10.965598	1770	33660	19.02	2	31
NODE_38037_length_1761_cov_20.759672	1761	404932	229.94	13	939
NODE_38330_length_1750_cov_2.303245	1750	6744	3.85	0	8
NODE_38966_length_1724_cov_3.543439	1724	7575	4.39	1	8
NODE_38981_length_1723_cov_12.266187	1723	241788	140.33	3	516
NODE_39209_length_1714_cov_10.569017	1714	25036	14.61	4	91
NODE_39239_length_1713_cov_4.900483	1713	12879	7.52	1	13
NODE_39347_length_1709_cov_3.104595	1709	5672	3.32	1	8
NODE_39504_length_1703_cov_28.183859	1703	1076547	632.15	0	828
NODE_39513_length_1703_cov_3.996359	1703	7711	4.53	1	9
NODE_39547_length_1701_cov_21.072296	1701	50533	29.71	12	180
NODE_39605_length_1699_cov_17.282238	1699	31843	18.74	8	33
NODE_40405_length_1669_cov_13.656134	1669	171731	102.89	3	895
NODE_40515_length_1664_cov_13.473586	1664	48304	29.03	6	41
NODE_40602_length_1661_cov_12.592154	1661	46487	27.99	3	278
NODE_40773_length_1655_cov_4.922500	1655	9255	5.59	1	26
NODE_40904_length_1650_cov_22.428213	1650	83607	50.67	17	467
NODE_40915_length_1650_cov_3.948589	1650	15564	9.43	1	61
NODE_41019_length_1646_cov_12.646135	1646	31600	19.20	7	62
NODE_41119_length_1643_cov_18.859572	1643	66952	40.75	0	175
NODE_41430_length_1633_cov_5.908112	1633	13790	8.44	1	27
NODE_41613_length_1627_cov_3.594148	1627	10393	6.39	1	13
NODE_41701_length_1623_cov_4.473852	1623	11290	6.96	2	12
NODE_41713_length_1623_cov_2.889031	1623	6523	4.02	1	13
NODE_41866_length_1617_cov_2.804097	1617	9730	6.02	2	10
NODE_42103_length_1608_cov_59.200901	1608	192682	119.83	12	401
NODE_42231_length_1604_cov_28.218205	1604	60374	37.64	12	68
NODE_42527_length_1594_cov_13.855750	1594	23449	14.71	5	24
NODE_42564_length_1593_cov_19.552016	1593	200560	125.90	12	676
NODE_42805_length_1584_cov_23.070634	1584	57046	36.01	10	158
NODE_42828_length_1583_cov_19.887435	1583	41365	26.13	6	45
NODE_43046_length_1576_cov_181.415516	1576	323782	205.45	43	868
NODE_43124_length_1574_cov_2.492429	1574	5443	3.46	1	6
NODE_43393_length_1565_cov_12.872848	1565	49575	31.68	8	48
NODE_43542_length_1561_cov_11.162683	1561	22490	14.41	4	40
NODE_43584_length_1560_cov_3.912957	1560	6854	4.39	1	8
NODE_43780_length_1554_cov_2.943296	1554	7083	4.56	1	9
NODE_44567_length_1529_cov_31.310719	1529	437792	286.33	0	930
NODE_44605_length_1528_cov_19.266124	1528	42024	27.50	2	141
NODE_44608_length_1528_cov_14.576375	1528	87345	57.16	5	193
NODE_44707_length_1525_cov_10.702041	1525	29151	19.12	6	101
NODE_44709_length_1525_cov_8.951020	1525	699319	458.57	68	599
NODE_44931_length_1519_cov_59.151639	1519	106927	70.39	46	98
NODE_44933_length_1519_cov_47.193989	1519	109452	72.06	48	100
NODE_45004_length_1517_cov_22.697674	1517	37390	24.65	5	33
NODE_45152_length_1513_cov_11.310700	1513	21963	14.52	4	36
NODE_45302_length_1508_cov_40.158981	1508	1365462	905.48	50	1527
NODE_45369_length_1506_cov_3.656099	1506	7896	5.24	1	10
NODE_45431_length_1504_cov_12.855763	1504	79837	53.08	8	273
NODE_45838_length_1493_cov_66.338665	1493	1441507	965.51	34	1204
NODE_46190_length_1483_cov_25.317927	1483	40635	27.40	14	45
NODE_46323_length_1480_cov_2.792982	1480	16047	10.84	0	72
NODE_46414_length_1478_cov_3.002108	1478	10262	6.94	0	12
NODE_46606_length_1472_cov_47.201129	1472	82462	56.02	21	79
NODE_46869_length_1465_cov_3.172340	1465	4834	3.30	1	7
NODE_46988_length_1461_cov_20.962304	1461	444083	303.96	22	844
NODE_47277_length_1453_cov_2.668097	1453	12865	8.85	1	14
NODE_47609_length_1442_cov_26.937996	1442	83718	58.06	22	418
NODE_47759_length_1438_cov_20.546638	1438	35648	24.79	0	53
NODE_48113_length_1429_cov_3.063319	1429	7420	5.19	0	11
NODE_48163_length_1427_cov_18.537172	1427	71554	50.14	8	288
NODE_48322_length_1423_cov_4.061404	1423	16688	11.73	1	121
NODE_48382_length_1421_cov_51.651537	1421	90083	63.39	34	261
NODE_48601_length_1415_cov_41.680147	1415	63061	44.57	26	68
NODE_48644_length_1414_cov_17.587196	1414	443239	313.46	18	816
NODE_48765_length_1411_cov_22.369469	1411	46165	32.72	11	64
NODE_48836_length_1409_cov_41.090103	1409	61886	43.92	11	51
NODE_49479_length_1393_cov_65.763079	1393	106808	76.67	60	104
NODE_49949_length_1382_cov_191.681989	1382	3506432	2537.22	105	4197
NODE_49992_length_1381_cov_15.462293	1381	89736	64.98	1	928
NODE_50180_length_1377_cov_2.730711	1377	8627	6.27	1	18
NODE_50304_length_1373_cov_170.592564	1373	205362	149.57	25	200
NODE_50654_length_1364_cov_14.550038	1364	49933	36.61	15	47
NODE_51035_length_1356_cov_2.190623	1356	3336	2.46	1	10
NODE_51314_length_1349_cov_4.807573	1349	6215	4.61	1	11
NODE_51335_length_1349_cov_3.130603	1349	7871	5.83	2	10
NODE_51384_length_1347_cov_18.733746	1347	141645	105.16	12	724
NODE_51465_length_1345_cov_23.756589	1345	191212	142.17	16	3028
NODE_51482_length_1345_cov_3.530233	1345	8581	6.38	1	12
NODE_51511_length_1344_cov_16.799845	1344	30869	22.97	12	31
NODE_51564_length_1343_cov_4.357919	1343	7207	5.37	1	14
NODE_52456_length_1322_cov_12.944751	1322	21171	16.01	3	35
NODE_52584_length_1319_cov_37.698576	1319	67039	50.83	19	78
NODE_52842_length_1314_cov_3.167593	1314	4535	3.45	0	7
NODE_53030_length_1310_cov_3.667729	1310	7030	5.37	1	11
NODE_53068_length_1309_cov_4.995215	1309	9232	7.05	1	13
NODE_53297_length_1304_cov_63.772618	1304	235294	180.44	31	309
NODE_53313_length_1304_cov_3.491593	1304	6284	4.82	1	8
NODE_53373_length_1303_cov_3.303686	1303	4398	3.38	1	6
NODE_53397_length_1302_cov_35.329591	1302	439898	337.86	7	1017
NODE_53399_length_1302_cov_20.497995	1302	28080	21.57	6	47
NODE_53733_length_1295_cov_42.541935	1295	119118	91.98	19	241
NODE_53735_length_1295_cov_12.275000	1295	18408	14.21	5	24
NODE_53858_length_1292_cov_19.860146	1292	29951	23.18	5	43
NODE_53921_length_1291_cov_3.636731	1291	5100	3.95	1	11
NODE_54229_length_1284_cov_4.382425	1284	5162	4.02	1	9
NODE_54376_length_1281_cov_23.417618	1281	133164	103.95	4	858
NODE_54602_length_1276_cov_10.606061	1276	57965	45.43	7	354
NODE_54646_length_1275_cov_12.815574	1275	21927	17.20	4	33
NODE_54778_length_1272_cov_5.212818	1272	7532	5.92	1	10
NODE_54879_length_1270_cov_6.034568	1270	19723	15.53	1	173
NODE_54892_length_1270_cov_3.959671	1270	6009	4.73	1	9
NODE_55318_length_1261_cov_11.649254	1261	16910	13.41	4	22
NODE_55457_length_1258_cov_4.931006	1258	9075	7.21	2	41
NODE_55493_length_1257_cov_22.576539	1257	40704	32.38	15	83
NODE_55603_length_1255_cov_93.534167	1255	163370	130.18	69	323
NODE_55643_length_1254_cov_32.337781	1254	246180	196.32	34	299
NODE_55794_length_1252_cov_2.050961	1252	3218	2.57	1	8
NODE_55887_length_1249_cov_15.132328	1249	24141	19.33	10	31
NODE_55979_length_1247_cov_40.125839	1247	375995	301.52	26	896
NODE_56029_length_1246_cov_181.503778	1246	832248	667.94	151	1312
NODE_56161_length_1244_cov_2.796468	1244	3232	2.60	1	5
NODE_56455_length_1238_cov_3.851226	1238	9590	7.75	2	133
NODE_56519_length_1237_cov_3.222504	1237	7401	5.98	1	13
NODE_56711_length_1233_cov_12.850594	1233	52720	42.76	2	156
NODE_57474_length_1219_cov_2.636598	1219	3870	3.17	1	6
NODE_57792_length_1213_cov_3.196891	1213	6235	5.14	1	8
NODE_57923_length_1211_cov_2.739619	1211	3407	2.81	1	6
NODE_58033_length_1209_cov_2.382149	1209	3669	3.03	1	10
NODE_58107_length_1207_cov_20.786458	1207	28377	23.51	15	49
NODE_58133_length_1207_cov_3.477431	1207	6947	5.76	1	13
NODE_58161_length_1207_cov_1.545139	1207	2548	2.11	1	4
NODE_58163_length_1206_cov_246.802780	1206	643957	533.96	38	821
NODE_58213_length_1205_cov_31.679130	1205	56647	47.01	7	82
NODE_58257_length_1205_cov_2.607826	1205	5251	4.36	1	11
NODE_58694_length_1196_cov_2.830850	1196	4660	3.90	1	8
NODE_58720_length_1195_cov_120.373684	1195	150132	125.63	49	152
NODE_58786_length_1194_cov_12.848990	1194	259887	217.66	11	753
NODE_59258_length_1186_cov_3.343059	1186	28963	24.42	2	54
NODE_59291_length_1185_cov_456.542478	1185	878676	741.50	326	1020
NODE_59330_length_1185_cov_2.438053	1185	2739	2.31	0	4
NODE_59429_length_1183_cov_2.418440	1183	3812	3.22	1	8
NODE_59534_length_1181_cov_3.054174	1181	3908	3.31	0	7
NODE_59598_length_1180_cov_2.721778	1180	3021	2.56	1	5
NODE_60026_length_1172_cov_16.814682	1172	21300	18.17	11	29
NODE_60299_length_1167_cov_146.913669	1167	166412	142.60	33	173
NODE_60469_length_1164_cov_11.046889	1164	20034	17.21	8	28
NODE_60794_length_1158_cov_179.810517	1158	851290	735.14	149	1071
NODE_61171_length_1152_cov_3.554239	1152	4618	4.01	1	13
NODE_61646_length_1144_cov_6.919192	1144	19003	16.61	1	42
NODE_61679_length_1144_cov_2.722681	1144	4889	4.27	1	10
NODE_61825_length_1141_cov_29.379374	1141	48453	42.47	13	62
NODE_61953_length_1139_cov_35.610701	1139	548848	481.87	24	1478
NODE_61973_length_1139_cov_3.198339	1139	5235	4.60	1	8
NODE_61996_length_1139_cov_2.468635	1139	3663	3.22	1	6
NODE_62182_length_1135_cov_15.038889	1135	386982	340.95	24	526
NODE_62244_length_1134_cov_22.080630	1134	843439	743.77	440	883
NODE_63159_length_1119_cov_4.332707	1119	7592	6.78	2	11
NODE_63448_length_1114_cov_72.220019	1114	100489	90.21	36	129
NODE_63547_length_1113_cov_2.963138	1113	8445	7.59	1	35
NODE_63920_length_1106_cov_23.646051	1106	30399	27.49	10	60
NODE_64394_length_1098_cov_41.093960	1098	60442	55.05	5	162
NODE_64715_length_1093_cov_86.047206	1093	103764	94.94	47	113
NODE_66035_length_1073_cov_2.193517	1073	4383	4.08	1	8
NODE_66044_length_1072_cov_14.129794	1072	39255	36.62	8	157
NODE_66376_length_1068_cov_1.863771	1068	6720	6.29	2	11
NODE_66384_length_1067_cov_16.900198	1067	23081	21.63	5	36
NODE_66584_length_1064_cov_21.848365	1064	77196	72.55	8	333
NODE_66796_length_1061_cov_37.984095	1061	286457	269.99	39	952
NODE_66820_length_1061_cov_3.657058	1061	6807	6.42	1	11
NODE_67076_length_1058_cov_2.657029	1058	4700	4.44	0	9
NODE_67122_length_1057_cov_4.722555	1057	6364	6.02	2	13
NODE_67241_length_1055_cov_16.476000	1055	21731	20.60	5	34
NODE_67296_length_1054_cov_38.429429	1054	421966	400.35	20	767
NODE_67373_length_1053_cov_160.373747	1053	179286	170.26	66	213
NODE_67375_length_1053_cov_20.857715	1053	24031	22.82	15	36
NODE_67376_length_1053_cov_19.483968	1053	23810	22.61	7	36
NODE_67675_length_1049_cov_11.577465	1049	15727	14.99	4	21
NODE_68770_length_1034_cov_33.706844	1034	429385	415.27	6	3186
NODE_69065_length_1031_cov_2.248975	1031	2975	2.89	1	6
NODE_69156_length_1029_cov_15.275154	1029	24641	23.95	9	83
NODE_69226_length_1029_cov_1.744353	1029	5383	5.23	1	10
NODE_69232_length_1028_cov_43.690647	1028	84739	82.43	14	276
NODE_69450_length_1025_cov_30.447423	1025	57244	55.85	11	92
NODE_69566_length_1024_cov_2.592363	1024	5048	4.93	1	12
NODE_70198_length_1015_cov_8.696875	1015	13288	13.09	2	20
NODE_70279_length_1014_cov_4.423358	1014	6964	6.87	1	15
NODE_70553_length_1010_cov_29.929843	1010	137553	136.19	10	742
NODE_70863_length_1006_cov_16.910620	1006	28116	27.95	13	50
NODE_71092_length_1003_cov_36.330169	1003	83809	83.56	23	324
NODE_71387_length_1000_cov_3.296296	1000	4947	4.95	1	17
NODE_315_length_84762_cov_13.521161	84762	4099728	48.37	3	1907
NODE_369_length_78961_cov_66.400261	78961	7062408	89.44	30	815
NODE_453_length_71666_cov_7.827931	71666	2845827	39.71	0	916
NODE_599_length_62529_cov_7.563146	62529	1159832	18.55	1	685
NODE_682_length_58647_cov_8.188405	58647	648390	11.06	0	366
NODE_854_length_50874_cov_7.890572	50874	1732258	34.05	0	759
NODE_1010_length_46082_cov_8.064701	46082	1808409	39.24	0	930
NODE_1214_length_40734_cov_7.315863	40734	403610	9.91	1	145
NODE_1265_length_39756_cov_6.945367	39756	310651	7.81	1	48
NODE_1556_length_34261_cov_8.299304	34261	1135510	33.14	0	782
NODE_1746_length_32048_cov_7.746570	32048	441698	13.78	0	408
NODE_1791_length_31426_cov_7.429951	31426	368530	11.73	1	284
NODE_1861_length_30566_cov_8.355020	30566	1143361	37.41	0	708
NODE_1864_length_30547_cov_7.302243	30547	295328	9.67	1	25
NODE_1869_length_30519_cov_8.098674	30519	337042	11.04	0	97
NODE_1953_length_29486_cov_14.224661	29486	1154670	39.16	5	841
NODE_2301_length_26211_cov_7.962877	26211	2169702	82.78	1	979
NODE_2373_length_25580_cov_8.187855	25580	739435	28.91	0	620
NODE_2411_length_25327_cov_8.224517	25327	547819	21.63	2	958
NODE_2429_length_25207_cov_29.836951	25207	864611	34.30	14	67
NODE_2536_length_24373_cov_7.396085	24373	496251	20.36	0	546
NODE_2564_length_24165_cov_8.314019	24165	504879	20.89	0	424
NODE_2611_length_23891_cov_8.187490	23891	457119	19.13	1	496
NODE_2695_length_23308_cov_7.333806	23308	261644	11.23	1	157
NODE_2736_length_23122_cov_7.818572	23122	232358	10.05	0	31
NODE_3033_length_21404_cov_7.390932	21404	1342361	62.72	0	973
NODE_3127_length_20774_cov_8.442010	20774	976606	47.01	1	887
NODE_3232_length_20095_cov_8.690868	20095	464229	23.10	0	758
NODE_3286_length_19849_cov_7.147418	19849	452183	22.78	0	527
NODE_3348_length_19569_cov_8.198473	19569	1269759	64.89	0	991
NODE_3370_length_19476_cov_8.161887	19476	609184	31.28	1	593
NODE_3397_length_19360_cov_8.239420	19360	517415	26.73	2	640
NODE_3440_length_19127_cov_7.787332	19127	190464	9.96	0	25
NODE_3485_length_18968_cov_7.696822	18968	200408	10.57	0	36
NODE_3516_length_18876_cov_6.631901	18876	179340	9.50	1	118
NODE_3541_length_18767_cov_7.457460	18767	597082	31.82	1	768
NODE_3544_length_18764_cov_8.174889	18764	201293	10.73	0	23
NODE_3618_length_18461_cov_8.195751	18461	908906	49.23	0	690
NODE_3627_length_18424_cov_8.267679	18424	437158	23.73	1	1050
NODE_3825_length_17637_cov_8.022296	17637	201042	11.40	1	99
NODE_3848_length_17526_cov_7.639059	17526	540573	30.84	1	651
NODE_4022_length_16902_cov_7.263489	16902	251699	14.89	0	302
NODE_4091_length_16707_cov_7.788254	16707	569354	34.08	1	593
NODE_4108_length_16628_cov_8.091534	16628	235007	14.13	1	351
NODE_4118_length_16588_cov_8.242001	16588	183090	11.04	1	27
NODE_4123_length_16581_cov_8.503147	16581	178051	10.74	1	43
NODE_4144_length_16511_cov_7.304448	16511	277829	16.83	1	152
NODE_4148_length_16500_cov_6.930252	16500	150529	9.12	1	30
NODE_4158_length_16470_cov_7.616022	16470	170445	10.35	1	82
NODE_4246_length_16111_cov_7.087444	16111	151019	9.37	0	38
NODE_4402_length_15614_cov_7.528055	15614	164788	10.55	0	68
NODE_4403_length_15610_cov_7.880360	15610	271514	17.39	1	396
NODE_4445_length_15463_cov_7.279011	15463	164576	10.64	2	184
NODE_4522_length_15260_cov_8.037093	15260	204008	13.37	0	162
NODE_4524_length_15256_cov_7.307348	15256	201260	13.19	0	370
NODE_4535_length_15222_cov_8.452034	15222	701122	46.06	1	604
NODE_4576_length_15144_cov_7.936974	15144	192395	12.70	2	189
NODE_4591_length_15115_cov_8.147211	15115	180204	11.92	1	127
NODE_4611_length_15046_cov_7.341872	15046	335488	22.30	1	357
NODE_4679_length_14832_cov_34.921229	14832	596962	40.25	20	85
NODE_4744_length_14642_cov_6.981833	14642	149199	10.19	1	87
NODE_4747_length_14634_cov_7.486247	14634	409565	27.99	0	601
NODE_4755_length_14608_cov_7.713599	14608	248916	17.04	2	557
NODE_4773_length_14562_cov_7.793893	14562	158534	10.89	1	71
NODE_4861_length_14314_cov_7.587629	14314	330635	23.10	1	675
NODE_4862_length_14309_cov_11.271783	14309	356088	24.89	1	401
NODE_4875_length_14283_cov_87.813537	14283	1822251	127.58	66	926
NODE_4902_length_14189_cov_7.411136	14189	478769	33.74	0	624
NODE_4929_length_14127_cov_7.882319	14127	169523	12.00	0	123
NODE_5044_length_13846_cov_7.300123	13846	132947	9.60	1	23
NODE_5173_length_13560_cov_7.670492	13560	322975	23.82	2	348
NODE_5190_length_13530_cov_7.866345	13530	133478	9.87	0	35
NODE_5222_length_13452_cov_7.818019	13452	152432	11.33	1	82
NODE_5281_length_13324_cov_27.641043	13324	470979	35.35	12	73
NODE_5356_length_13143_cov_8.024068	13143	568644	43.27	2	456
NODE_5384_length_13079_cov_8.073480	13079	267735	20.47	1	421
NODE_5632_length_12586_cov_8.386881	12586	157119	12.48	2	105
NODE_5649_length_12561_cov_7.534623	12561	488677	38.90	2	1010
NODE_5656_length_12538_cov_7.922294	12538	457968	36.53	1	606
NODE_5716_length_12420_cov_36.850708	12420	508426	40.94	11	157
NODE_5773_length_12287_cov_8.089192	12287	126424	10.29	0	23
NODE_5913_length_12004_cov_7.380450	12004	435017	36.24	0	489
NODE_5999_length_11852_cov_8.363143	11852	715943	60.41	0	692
NODE_6024_length_11803_cov_46.645897	11803	679765	57.59	5	127
NODE_6043_length_11763_cov_8.055091	11763	140710	11.96	0	205
NODE_6051_length_11741_cov_8.492298	11741	133682	11.39	1	110
NODE_6116_length_11618_cov_7.131021	11618	109232	9.40	1	27
NODE_6141_length_11573_cov_7.251953	11573	300930	26.00	0	643
NODE_6145_length_11558_cov_7.219073	11558	476405	41.22	1	640
NODE_6348_length_11180_cov_7.326742	11180	533709	47.74	2	640
NODE_6421_length_11054_cov_7.238113	11054	103545	9.37	1	34
NODE_6475_length_10950_cov_84.666544	10950	1030023	94.07	64	177
NODE_6515_length_10882_cov_8.950864	10882	123515	11.35	1	29
NODE_6525_length_10868_cov_6.624064	10868	944908	86.94	1	663
NODE_6623_length_10707_cov_7.328483	10707	552415	51.59	3	686
NODE_6669_length_10644_cov_8.443857	10644	634770	59.64	1	802
NODE_6745_length_10499_cov_7.661528	10499	199328	18.99	1	439
NODE_6754_length_10490_cov_25.537230	10490	306308	29.20	0	56
NODE_6762_length_10483_cov_7.560222	10483	123180	11.75	3	182
NODE_6786_length_10459_cov_8.439831	10459	220702	21.10	3	461
NODE_6834_length_10383_cov_7.352343	10383	332294	32.00	0	622
NODE_6864_length_10336_cov_7.701002	10336	118451	11.46	1	80
NODE_6890_length_10288_cov_8.285351	10288	157877	15.35	0	488
NODE_6927_length_10221_cov_7.637222	10221	665446	65.11	2	852
NODE_6959_length_10176_cov_8.132003	10176	109047	10.72	0	21
NODE_7150_length_9905_cov_29.004467	9905	346696	35.00	19	149
NODE_7160_length_9888_cov_8.026848	9888	187168	18.93	0	375
NODE_7203_length_9818_cov_8.587524	9818	105438	10.74	2	27
NODE_7294_length_9694_cov_7.839091	9694	474419	48.94	1	794
NODE_7300_length_9686_cov_7.514484	9686	112611	11.63	1	49
NODE_7307_length_9677_cov_7.227811	9677	963358	99.55	0	976
NODE_7421_length_9522_cov_7.412591	9522	241111	25.32	3	690
NODE_7465_length_9464_cov_8.495483	9464	552845	58.42	2	688
NODE_7506_length_9395_cov_7.741542	9395	131108	13.96	2	299
NODE_7532_length_9355_cov_7.939677	9355	500314	53.48	2	757
NODE_7543_length_9340_cov_16.349919	9340	398683	42.69	2	134
NODE_7607_length_9257_cov_8.128776	9257	524400	56.65	0	965
NODE_7616_length_9242_cov_9.929248	9242	133929	14.49	3	68
NODE_7676_length_9163_cov_8.822464	9163	503971	55.00	2	959
NODE_7705_length_9126_cov_7.691985	9126	170812	18.72	0	431
NODE_7776_length_9048_cov_7.439787	9048	328342	36.29	1	658
NODE_7861_length_8937_cov_6.924679	8937	163981	18.35	1	292
NODE_7923_length_8853_cov_7.354853	8853	131699	14.88	0	400
NODE_7933_length_8842_cov_7.475248	8842	369457	41.78	0	833
NODE_7942_length_8831_cov_7.168642	8831	177465	20.10	1	403
NODE_7953_length_8820_cov_8.504278	8820	123776	14.03	2	140
NODE_7975_length_8792_cov_12.218038	8792	886364	100.81	4	552
NODE_7983_length_8786_cov_8.040316	8786	93506	10.64	1	28
NODE_7991_length_8775_cov_7.845986	8775	90383	10.30	1	27
NODE_8130_length_8605_cov_7.591345	8605	1235819	143.62	3	872
NODE_8177_length_8544_cov_6.282130	8544	67412	7.89	1	68
NODE_8209_length_8511_cov_8.065516	8511	99863	11.73	2	152
NODE_8337_length_8370_cov_7.728082	8370	167849	20.05	2	336
NODE_8365_length_8341_cov_7.489983	8341	289007	34.65	0	573
NODE_8441_length_8250_cov_8.111043	8250	118777	14.40	1	263
NODE_8492_length_8190_cov_6.429994	8190	59431	7.26	0	40
NODE_8561_length_8119_cov_7.828869	8119	83417	10.27	1	56
NODE_8680_length_7976_cov_6.858730	7976	103787	13.01	1	39
NODE_8701_length_7960_cov_7.005946	7960	77510	9.74	3	47
NODE_8724_length_7933_cov_7.424727	7933	213942	26.97	2	440
NODE_8741_length_7915_cov_7.241221	7915	299811	37.88	2	692
NODE_8851_length_7793_cov_29.850866	7793	267934	34.38	14	63
NODE_8904_length_7744_cov_7.501886	7744	73834	9.53	2	26
NODE_8910_length_7738_cov_7.973188	7738	79354	10.26	3	24
NODE_8979_length_7663_cov_6.562697	7663	272467	35.56	1	490
NODE_9090_length_7552_cov_5.497132	7552	129261	17.12	1	51
NODE_9094_length_7548_cov_6.954491	7548	71047	9.41	1	21
NODE_9281_length_7385_cov_7.893588	7385	95904	12.99	2	89
NODE_9285_length_7384_cov_9.193069	7384	148199	20.07	3	276
NODE_9374_length_7297_cov_7.020713	7297	125486	17.20	2	571
NODE_9396_length_7284_cov_16.754461	7284	116142	15.94	5	31
NODE_9467_length_7219_cov_6.788247	7219	66906	9.27	0	20
NODE_9514_length_7169_cov_6.445460	7169	122339	17.07	1	178
NODE_9545_length_7146_cov_8.269356	7146	113002	15.81	3	171
NODE_9574_length_7114_cov_6.574727	7114	142814	20.08	1	316
NODE_9642_length_7060_cov_6.706638	7060	215794	30.57	1	433
NODE_9714_length_7006_cov_7.396346	7006	77475	11.06	2	84
NODE_9753_length_6976_cov_8.049415	6976	182188	26.12	3	385
NODE_9774_length_6957_cov_7.952767	6957	52260	7.51	1	17
NODE_9861_length_6889_cov_7.425958	6889	91813	13.33	1	49
NODE_9883_length_6870_cov_9.015554	6870	89151	12.98	2	157
NODE_10060_length_6735_cov_7.705090	6735	77044	11.44	3	71
NODE_10118_length_6695_cov_6.514910	6695	85405	12.76	1	55
NODE_10173_length_6663_cov_8.062651	6663	196464	29.49	2	461
NODE_10264_length_6582_cov_7.820898	6582	175788	26.71	2	674
NODE_10365_length_6510_cov_8.855616	6510	249402	38.31	1	654
NODE_10441_length_6469_cov_16.819302	6469	161580	24.98	8	95
NODE_10509_length_6431_cov_22.843632	6431	177216	27.56	6	107
NODE_10553_length_6401_cov_7.078947	6401	50735	7.93	2	16
NODE_10572_length_6391_cov_11.242424	6391	88628	13.87	0	27
NODE_10600_length_6367_cov_25.295786	6367	157389	24.72	13	37
NODE_10637_length_6344_cov_77.707585	6344	569157	89.72	46	434
NODE_10692_length_6299_cov_8.194907	6299	65363	10.38	3	19
NODE_10695_length_6298_cov_8.231780	6298	116411	18.48	0	309
NODE_10742_length_6261_cov_6.713181	6261	431727	68.95	1	715
NODE_10765_length_6244_cov_6.974794	6244	88348	14.15	1	363
NODE_10892_length_6146_cov_8.136102	6146	65253	10.62	3	21
NODE_10900_length_6138_cov_64.102910	6138	445408	72.57	28	152
NODE_11013_length_6065_cov_6.663228	6065	54256	8.95	1	17
NODE_11223_length_5931_cov_8.539312	5931	70554	11.90	1	47
NODE_11235_length_5925_cov_7.311414	5925	56429	9.52	2	21
NODE_11277_length_5897_cov_6.938891	5897	95922	16.27	1	211
NODE_11290_length_5888_cov_6.694325	5888	98115	16.66	2	113
NODE_11307_length_5879_cov_9.033310	5879	157685	26.82	3	253
NODE_11381_length_5832_cov_7.545093	5832	201010	34.47	1	725
NODE_11459_length_5782_cov_6.311158	5782	141569	24.48	1	182
NODE_11461_length_5780_cov_8.630742	5780	211085	36.52	3	454
NODE_11633_length_5681_cov_6.832919	5681	622830	109.63	3	870
NODE_11683_length_5652_cov_74.571020	5652	502989	88.99	35	277
NODE_11699_length_5644_cov_7.576311	5644	56067	9.93	3	20
NODE_11841_length_5566_cov_6.783887	5566	52141	9.37	1	44
NODE_11894_length_5537_cov_8.000365	5537	131119	23.68	2	178
NODE_12030_length_5465_cov_8.056192	5465	82917	15.17	1	107
NODE_12111_length_5426_cov_7.282443	5426	52528	9.68	0	22
NODE_12317_length_5308_cov_24.597944	5308	210611	39.68	19	85
NODE_12329_length_5303_cov_6.933308	5303	71443	13.47	2	172
NODE_12349_length_5295_cov_8.203817	5295	224080	42.32	2	530
NODE_12363_length_5286_cov_7.761996	5286	66037	12.49	1	173
NODE_12409_length_5265_cov_8.451056	5265	200560	38.09	1	550
NODE_12437_length_5251_cov_7.009815	5251	211699	40.32	2	759
NODE_12555_length_5195_cov_11.686381	5195	85440	16.45	6	34
NODE_12763_length_5113_cov_7.065243	5113	49760	9.73	0	82
NODE_12806_length_5093_cov_81.151052	5093	559014	109.76	18	377
NODE_12809_length_5093_cov_5.998809	5093	40143	7.88	1	41
NODE_13093_length_4966_cov_7.236815	4966	85339	17.18	0	372
NODE_13178_length_4932_cov_8.326225	4932	46672	9.46	2	18
NODE_13182_length_4931_cov_8.011895	4931	47662	9.67	1	50
NODE_13185_length_4929_cov_17.535700	4929	131379	26.65	4	58
NODE_13264_length_4896_cov_7.249948	4896	83646	17.08	3	61
NODE_13367_length_4856_cov_8.023537	4856	223442	46.01	1	713
NODE_13388_length_4847_cov_7.290067	4847	122570	25.29	1	461
NODE_13628_length_4746_cov_7.562140	4746	196471	41.40	2	559
NODE_13720_length_4704_cov_8.744891	4704	50252	10.68	1	28
NODE_13787_length_4682_cov_9.593041	4682	58545	12.50	4	74
NODE_13809_length_4674_cov_8.771596	4674	343859	73.57	3	582
NODE_13818_length_4670_cov_29.022102	4670	189278	40.53	9	68
NODE_13853_length_4660_cov_62.929642	4660	352253	75.59	38	168
NODE_13974_length_4609_cov_6.647123	4609	47073	10.21	1	98
NODE_14000_length_4600_cov_7.398680	4600	44395	9.65	2	22
NODE_14019_length_4590_cov_11.440132	4590	61842	13.47	6	64
NODE_14167_length_4534_cov_8.312347	4534	587528	129.58	4	839
NODE_14399_length_4450_cov_7.270762	4450	39763	8.94	1	84
NODE_14401_length_4449_cov_7.780610	4449	182062	40.92	0	581
NODE_14453_length_4430_cov_6.841829	4430	40035	9.04	3	19
NODE_14560_length_4393_cov_7.471185	4393	43825	9.98	3	20
NODE_14676_length_4351_cov_7.489060	4351	1197126	275.14	2	1065
NODE_14766_length_4321_cov_7.869902	4321	46713	10.81	1	26
NODE_14874_length_4284_cov_7.275242	4284	47196	11.02	1	42
NODE_14879_length_4283_cov_18.247871	4283	113545	26.51	9	89
NODE_15068_length_4227_cov_7.463567	4227	42636	10.09	1	21
NODE_15123_length_4210_cov_7.458484	4210	37652	8.94	2	23
NODE_15187_length_4188_cov_20.987660	4188	187534	44.78	9	704
NODE_15243_length_4171_cov_7.570457	4171	116962	28.04	2	470
NODE_15342_length_4146_cov_7.080665	4146	45211	10.90	2	182
NODE_15372_length_4141_cov_8.373960	4141	147956	35.73	3	716
NODE_15373_length_4141_cov_6.486050	4141	44605	10.77	1	41
NODE_15428_length_4128_cov_6.529340	4128	29213	7.08	1	20
NODE_15563_length_4087_cov_12.619048	4087	80172	19.62	6	43
NODE_15564_length_4087_cov_6.893601	4087	35561	8.70	1	17
NODE_15575_length_4082_cov_60.393593	4082	269602	66.05	38	87
NODE_15722_length_4041_cov_66.831661	4041	298733	73.93	42	243
NODE_15854_length_4011_cov_63.664307	4011	270317	67.39	6	862
NODE_15872_length_4007_cov_6.392206	4007	34279	8.55	1	61
NODE_16224_length_3913_cov_8.065319	3913	414094	105.83	5	815
NODE_16406_length_3869_cov_8.185894	3869	39524	10.22	2	26
NODE_16526_length_3838_cov_6.706582	3838	47348	12.34	2	74
NODE_16564_length_3831_cov_5.997617	3831	56861	14.84	1	133
NODE_16610_length_3819_cov_7.842455	3819	41532	10.88	3	30
NODE_16754_length_3778_cov_32.739457	3778	138756	36.73	21	58
NODE_16760_length_3777_cov_6.996507	3777	58579	15.51	2	170
NODE_16775_length_3774_cov_6.906426	3774	44442	11.78	1	40
NODE_16836_length_3763_cov_6.431769	3763	27318	7.26	2	52
NODE_16881_length_3752_cov_13.496889	3752	102019	27.19	6	283
NODE_16939_length_3739_cov_8.586862	3739	43804	11.72	1	79
NODE_17083_length_3710_cov_8.205746	3710	34987	9.43	1	18
NODE_17341_length_3651_cov_8.807286	3651	439486	120.37	4	789
NODE_17551_length_3604_cov_6.372781	3604	82208	22.81	4	47
NODE_17854_length_3538_cov_4.176285	3538	16277	4.60	1	15
NODE_18145_length_3484_cov_8.969087	3484	185368	53.21	1	350
NODE_18186_length_3475_cov_11.811696	3475	109111	31.40	5	443
NODE_18231_length_3468_cov_6.734251	3468	92441	26.66	1	440
NODE_18242_length_3466_cov_6.893580	3466	178331	51.45	1	509
NODE_18557_length_3405_cov_62.878209	3405	249440	73.26	20	355
NODE_18566_length_3404_cov_3.916990	3404	24693	7.25	1	35
NODE_18734_length_3373_cov_6.449367	3373	101304	30.03	0	192
NODE_18864_length_3351_cov_7.994842	3351	114344	34.12	3	81
NODE_18872_length_3350_cov_6.243399	3350	66447	19.83	1	168
NODE_18940_length_3340_cov_8.251750	3340	35045	10.49	4	21
NODE_19033_length_3324_cov_6.583665	3324	24639	7.41	1	26
NODE_19092_length_3316_cov_5.918737	3316	66035	19.91	2	404
NODE_19105_length_3313_cov_4.710559	3313	17626	5.32	0	13
NODE_19165_length_3303_cov_8.467980	3303	267028	80.84	2	397
NODE_19221_length_3293_cov_24.236858	3293	84723	25.73	14	40
NODE_19277_length_3283_cov_6.836121	3283	38469	11.72	1	174
NODE_19510_length_3242_cov_8.204581	3242	34621	10.68	1	24
NODE_19745_length_3209_cov_6.891249	3209	63514	19.79	2	332
NODE_20081_length_3154_cov_7.141981	3154	28242	8.95	1	24
NODE_20113_length_3150_cov_8.375121	3150	30251	9.60	1	53
NODE_20143_length_3146_cov_20.705273	3146	71249	22.65	14	46
NODE_20223_length_3135_cov_6.486039	3135	55761	17.79	3	143
NODE_20578_length_3086_cov_22.422303	3086	77798	25.21	0	58
NODE_20675_length_3069_cov_50.560385	3069	178499	58.16	33	109
NODE_20711_length_3065_cov_6.332558	3065	26312	8.58	2	13
NODE_20829_length_3050_cov_24.609683	3050	86781	28.45	3	47
NODE_20846_length_3048_cov_13.429335	3048	46526	15.26	3	33
NODE_20919_length_3040_cov_6.721273	3040	86581	28.48	1	51
NODE_21185_length_3000_cov_6.290662	3000	102125	34.04	2	205
NODE_21221_length_2995_cov_7.595238	2995	26173	8.74	1	19
NODE_21506_length_2958_cov_8.289700	2958	42210	14.27	2	101
NODE_21761_length_2926_cov_7.420759	2926	52361	17.90	3	62
NODE_22078_length_2890_cov_7.599295	2890	111117	38.45	3	308
NODE_22310_length_2865_cov_17.415658	2865	79499	27.75	1	50
NODE_22514_length_2844_cov_11.523127	2844	41399	14.56	3	23
NODE_22566_length_2838_cov_15.527848	2838	130218	45.88	10	538
NODE_22643_length_2829_cov_7.408435	2829	109492	38.70	4	83
NODE_22818_length_2808_cov_6.215401	2808	24004	8.55	2	25
NODE_22976_length_2789_cov_5.813460	2789	25402	9.11	1	75
NODE_22986_length_2788_cov_33.369557	2788	122064	43.78	6	96
NODE_23151_length_2768_cov_7.348691	2768	23868	8.62	0	16
NODE_23208_length_2762_cov_8.389730	2762	260669	94.38	2	896
NODE_23404_length_2740_cov_7.286778	2740	186376	68.02	2	453
NODE_24240_length_2656_cov_34.273356	2656	329535	124.07	4	726
NODE_24242_length_2656_cov_7.760477	2656	87870	33.08	1	597
NODE_24260_length_2654_cov_17.648711	2654	53731	20.25	1	62
NODE_24341_length_2645_cov_6.838996	2645	51189	19.35	1	43
NODE_24381_length_2639_cov_9.083591	2639	26945	10.21	5	16
NODE_24649_length_2614_cov_3.171161	2614	63444	24.27	0	185
NODE_24970_length_2582_cov_17.097744	2582	65836	25.50	12	44
NODE_25142_length_2565_cov_7.917530	2565	25370	9.89	1	24
NODE_25143_length_2565_cov_7.737450	2565	27544	10.74	1	32
NODE_25187_length_2561_cov_8.520750	2561	28323	11.06	4	22
NODE_25443_length_2537_cov_12.587429	2537	49032	19.33	5	52
NODE_25540_length_2528_cov_6.878690	2528	23651	9.36	0	16
NODE_25862_length_2500_cov_66.028221	2500	199897	79.96	51	134
NODE_25920_length_2496_cov_25.628021	2496	150962	60.48	15	220
NODE_26071_length_2482_cov_12.452410	2482	42920	17.29	4	38
NODE_26083_length_2481_cov_7.919621	2481	52280	21.07	1	374
NODE_26244_length_2466_cov_89.022397	2466	283169	114.83	11	417
NODE_26505_length_2441_cov_15.625733	2441	50666	20.76	5	34
NODE_26514_length_2440_cov_38.880084	2440	577529	236.69	22	314
NODE_26618_length_2430_cov_7.001263	2430	19944	8.21	1	47
NODE_26706_length_2422_cov_5.184622	2422	18478	7.63	1	18
NODE_27335_length_2370_cov_7.485097	2370	20537	8.67	2	15
NODE_27656_length_2347_cov_24.308028	2347	785860	334.84	13	971
NODE_27843_length_2333_cov_7.431080	2333	29066	12.46	2	21
NODE_28129_length_2309_cov_65.471162	2309	174811	75.71	28	96
NODE_28477_length_2284_cov_12.020188	2284	39608	17.34	5	31
NODE_28535_length_2280_cov_8.480899	2280	297317	130.40	4	817
NODE_28707_length_2267_cov_16.369801	2267	292202	128.89	11	237
NODE_29250_length_2228_cov_6.058445	2228	173982	78.09	2	702
NODE_29293_length_2225_cov_22.286175	2225	294763	132.48	7	796
NODE_29499_length_2210_cov_13.355916	2210	205520	93.00	8	463
NODE_29603_length_2204_cov_3.502559	2204	12248	5.56	1	11
NODE_30011_length_2176_cov_7.942480	2176	71847	33.02	2	236
NODE_30617_length_2141_cov_9.511505	2141	22380	10.45	3	16
NODE_30765_length_2131_cov_15.973025	2131	39386	18.48	12	26
NODE_31454_length_2087_cov_90.318898	2087	206188	98.80	34	131
NODE_32009_length_2056_cov_24.455772	2056	75240	36.60	13	320
NODE_32028_length_2055_cov_68.925000	2055	157998	76.88	22	101
NODE_32058_length_2054_cov_18.571786	2054	52697	25.66	9	59
NODE_32267_length_2043_cov_7.481388	2043	13874	6.79	0	14
NODE_32551_length_2026_cov_6.775748	2026	19123	9.44	1	17
NODE_32760_length_2014_cov_30.848392	2014	225522	111.98	19	294
NODE_32865_length_2008_cov_17.037890	2008	394304	196.37	9	298
NODE_33479_length_1973_cov_5.063087	1973	22315	11.31	1	98
NODE_33836_length_1954_cov_5.800421	1954	28381	14.52	3	106
NODE_33856_length_1953_cov_4.734984	1953	12712	6.51	1	13
NODE_34097_length_1940_cov_7.769761	1940	242897	125.20	3	560
NODE_34394_length_1925_cov_9.099465	1925	20513	10.66	1	17
NODE_34513_length_1920_cov_26.398391	1920	70073	36.50	11	63
NODE_34550_length_1918_cov_140.254428	1918	219596	114.49	23	348
NODE_34689_length_1912_cov_38.705439	1912	81270	42.51	26	62
NODE_35074_length_1893_cov_5.626768	1893	54228	28.65	0	53
NODE_35330_length_1879_cov_6.890899	1879	131282	69.87	4	521
NODE_35551_length_1869_cov_7.877619	1869	55713	29.81	2	382
NODE_35628_length_1866_cov_12.636665	1866	30015	16.09	3	28
NODE_35705_length_1862_cov_89.998893	1862	176508	94.79	33	125
NODE_35745_length_1860_cov_6.245983	1860	29854	16.05	1	36
NODE_35938_length_1851_cov_35.364143	1851	77491	41.86	27	68
NODE_36343_length_1832_cov_8.701182	1832	20822	11.37	1	28
NODE_36412_length_1829_cov_53.560316	1829	101608	55.55	16	89
NODE_36549_length_1823_cov_15.674774	1823	30956	16.98	8	29
NODE_36836_length_1811_cov_7.757973	1811	142971	78.95	1	371
NODE_37120_length_1799_cov_6.111812	1799	16944	9.42	3	60
NODE_37837_length_1769_cov_6.890898	1769	102085	57.71	4	499
NODE_37853_length_1768_cov_17.500292	1768	122099	69.06	15	252
NODE_38375_length_1747_cov_60.244681	1747	167853	96.08	2	319
NODE_38400_length_1747_cov_1.869385	1747	4091	2.34	1	6
NODE_38433_length_1745_cov_9.905917	1745	18518	10.61	3	17
NODE_38539_length_1741_cov_10.016014	1741	30882	17.74	5	63
NODE_38792_length_1731_cov_3.513723	1731	11087	6.40	1	11
NODE_39082_length_1719_cov_6.764423	1719	38201	22.22	2	34
NODE_39555_length_1701_cov_5.522479	1701	17495	10.29	2	37
NODE_39661_length_1697_cov_8.476857	1697	22826	13.45	1	128
NODE_39688_length_1696_cov_8080.845216	1696	13893249	8191.77	4073	9384
NODE_40071_length_1681_cov_19.343788	1681	40355	24.01	6	37
NODE_40141_length_1679_cov_6.775862	1679	16375	9.75	0	22
NODE_40741_length_1656_cov_8.231730	1656	14414	8.70	1	15
NODE_41389_length_1634_cov_7.068398	1634	34752	21.27	3	77
NODE_41939_length_1614_cov_6.345734	1614	26003	16.11	0	259
NODE_42351_length_1600_cov_8.208414	1600	305968	191.23	1	808
NODE_42714_length_1587_cov_17.478460	1587	32004	20.17	11	31
NODE_42990_length_1578_cov_34.299409	1578	40500	25.67	12	122
NODE_42995_length_1578_cov_6.655942	1578	33984	21.54	2	47
NODE_43020_length_1577_cov_43.736531	1577	84761	53.75	9	80
NODE_43269_length_1569_cov_12.196830	1569	47381	30.20	6	51
NODE_43490_length_1562_cov_24.907764	1562	40264	25.78	5	40
NODE_43568_length_1560_cov_11.694352	1560	4684380	3002.81	2	6397
NODE_43609_length_1559_cov_5.484707	1559	13496	8.66	1	25
NODE_43757_length_1554_cov_45.013342	1554	105370	67.81	14	164
NODE_43792_length_1553_cov_5.740320	1553	14544	9.37	1	21
NODE_43862_length_1552_cov_2.315297	1552	4152	2.68	1	5
NODE_43906_length_1550_cov_54.109699	1550	82124	52.98	36	66
NODE_44535_length_1530_cov_6.682712	1530	63187	41.30	6	70
NODE_44789_length_1523_cov_4.458447	1523	66038	43.36	1	315
NODE_44902_length_1520_cov_6.352218	1520	105560	69.45	2	477
NODE_44969_length_1518_cov_48.624744	1518	108560	71.52	36	206
NODE_45212_length_1511_cov_6.888049	1511	9671	6.40	1	21
NODE_45242_length_1510_cov_5.464605	1510	14376	9.52	1	25
NODE_45282_length_1509_cov_3.784044	1509	6859	4.55	1	10
NODE_45641_length_1498_cov_38.143451	1498	62114	41.46	27	52
NODE_45649_length_1498_cov_5.927235	1498	18799	12.55	5	56
NODE_45725_length_1496_cov_89.105482	1496	153193	102.40	18	419
NODE_45808_length_1494_cov_9.089646	1494	20918	14.00	0	22
NODE_45841_length_1493_cov_12.652295	1493	28159	18.86	1	45
NODE_45885_length_1492_cov_31.249826	1492	55780	37.39	22	53
NODE_46023_length_1488_cov_8.267271	1488	58826	39.53	0	334
NODE_46192_length_1483_cov_7.660364	1483	247319	166.77	6	792
NODE_46537_length_1474_cov_7.820296	1474	24863	16.87	2	52
NODE_46639_length_1471_cov_11.632768	1471	97264	66.12	7	507
NODE_46886_length_1464_cov_9.281050	1464	29075	19.86	1	111
NODE_47002_length_1461_cov_3.670697	1461	9038	6.19	0	13
NODE_47058_length_1459_cov_46.237892	1459	200876	137.68	15	246
NODE_47376_length_1449_cov_103.518651	1449	186319	128.58	67	248
NODE_47645_length_1441_cov_5.891775	1441	10490	7.28	1	16
NODE_47691_length_1440_cov_4.320578	1440	5663	3.93	1	8
NODE_48068_length_1430_cov_4.333818	1430	8085	5.65	1	10
NODE_48771_length_1411_cov_7.402655	1411	16224	11.50	2	22
NODE_49755_length_1387_cov_9.518769	1387	20896	15.07	4	43
NODE_49845_length_1385_cov_49.230827	1385	71805	51.84	23	70
NODE_49916_length_1383_cov_10.258283	1383	546170	394.92	8	1043
NODE_49974_length_1382_cov_2.883195	1382	7752	5.61	1	21
NODE_50265_length_1374_cov_12.331312	1374	779548	567.36	11	1043
NODE_50350_length_1372_cov_8.602885	1372	15368	11.20	4	19
NODE_50432_length_1370_cov_36.253992	1370	54552	39.82	30	52
NODE_50440_length_1370_cov_5.292776	1370	428642	312.88	1	739
NODE_50582_length_1366_cov_7.197559	1366	966277	707.38	11	1141
NODE_50697_length_1363_cov_57.383028	1363	80340	58.94	20	81
NODE_51507_length_1344_cov_38.791311	1344	61260	45.58	16	146
NODE_52290_length_1326_cov_5.483084	1326	20307	15.31	1	73
NODE_52587_length_1319_cov_6.437500	1319	14304	10.84	2	39
NODE_52820_length_1314_cov_50.283558	1314	71409	54.34	36	69
NODE_52969_length_1311_cov_38.733280	1311	61765	47.11	9	66
NODE_52973_length_1311_cov_7.610669	1311	27274	20.80	2	40
NODE_53064_length_1309_cov_6.858054	1309	10639	8.13	1	16
NODE_53348_length_1303_cov_63.183494	1303	94843	72.79	55	160
NODE_53457_length_1301_cov_6.172552	1301	15413	11.85	1	33
NODE_53611_length_1298_cov_3.398230	1298	8451	6.51	0	52
NODE_53650_length_1297_cov_84.747987	1297	150008	115.66	14	515
NODE_53954_length_1290_cov_12.419433	1290	54209	42.02	8	82
NODE_54374_length_1281_cov_78.841762	1281	112435	87.77	61	127
NODE_54557_length_1277_cov_8.130933	1277	11990	9.39	4	19
NODE_54688_length_1275_cov_2.258197	1275	3010	2.36	1	4
NODE_54821_length_1271_cov_19.644737	1271	36147	28.44	14	62
NODE_54993_length_1268_cov_3.726298	1268	7268	5.73	1	9
NODE_55022_length_1267_cov_16.792079	1267	25859	20.41	6	54
NODE_55027_length_1267_cov_7.432343	1267	93468	73.77	3	576
NODE_55366_length_1260_cov_22.796680	1260	32096	25.47	12	40
NODE_55371_length_1260_cov_6.941909	1260	59167	46.96	4	280
NODE_55373_length_1260_cov_4.715353	1260	10434	8.28	1	39
NODE_55527_length_1257_cov_3.046589	1257	7021	5.59	1	12
NODE_55604_length_1255_cov_62.582500	1255	81632	65.05	41	90
NODE_56064_length_1246_cov_2.648195	1246	3793	3.04	1	6
NODE_56134_length_1244_cov_20.019344	1244	786900	632.56	0	989
NODE_56312_length_1241_cov_3.395447	1241	7192	5.80	1	11
NODE_56446_length_1238_cov_46.966188	1238	69665	56.27	15	89
NODE_56605_length_1235_cov_8.357627	1235	13213	10.70	1	19
NODE_56748_length_1232_cov_70.811385	1232	94314	76.55	59	96
NODE_56849_length_1231_cov_2.100340	1231	3069	2.49	1	5
NODE_56958_length_1228_cov_23.269395	1228	1042724	849.12	46	1123
NODE_57069_length_1226_cov_10.432109	1226	25031	20.42	5	76
NODE_57083_length_1226_cov_3.917165	1226	5141	4.19	1	7
NODE_57545_length_1217_cov_12.762478	1217	149990	123.25	7	390
NODE_57783_length_1213_cov_3.968912	1213	9599	7.91	1	15
NODE_57871_length_1212_cov_2.235955	1212	2896	2.39	1	4
NODE_57996_length_1209_cov_12.318024	1209	111090	91.89	6	467
NODE_58278_length_1204_cov_4.458660	1204	8240	6.84	0	12
NODE_58363_length_1202_cov_43.770706	1202	57144	47.54	14	89
NODE_59565_length_1180_cov_8.712000	1180	12195	10.33	4	16
NODE_59928_length_1174_cov_3.696157	1174	5882	5.01	1	9
NODE_60092_length_1171_cov_62.757168	1171	90736	77.49	20	108
NODE_60356_length_1166_cov_6.777678	1166	111913	95.98	1	345
NODE_60689_length_1160_cov_7.580090	1160	22939	19.77	3	56
NODE_60916_length_1157_cov_1.964610	1157	2484	2.15	1	5
NODE_60924_length_1156_cov_6.368756	1156	40815	35.31	1	51
NODE_61355_length_1149_cov_3.830896	1149	5359	4.66	1	11
NODE_61496_length_1147_cov_3.047619	1147	7479	6.52	1	12
NODE_61701_length_1143_cov_74.457721	1143	94777	82.92	62	109
NODE_61827_length_1141_cov_19.354512	1141	106146	93.03	14	903
NODE_61874_length_1140_cov_114.897696	1140	142781	125.25	62	154
NODE_61875_length_1140_cov_50.903226	1140	63457	55.66	37	69
NODE_62413_length_1131_cov_56.721190	1131	61738	54.59	23	79
NODE_62954_length_1122_cov_6.298032	1122	10100	9.00	2	17
NODE_63080_length_1120_cov_14.237559	1120	17606	15.72	10	25
NODE_63276_length_1117_cov_16.967043	1117	21008	18.81	2	29
NODE_63301_length_1117_cov_3.075330	1117	6653	5.96	1	11
NODE_63449_length_1114_cov_34.139754	1114	154381	138.58	17	276
NODE_63453_length_1114_cov_7.368272	1114	9416	8.45	0	15
NODE_63870_length_1107_cov_60.546578	1107	68430	61.82	43	82
NODE_64027_length_1105_cov_2.415238	1105	3331	3.01	1	6
NODE_64164_length_1102_cov_3.204394	1102	6685	6.07	1	11
NODE_64349_length_1099_cov_3.920498	1099	6072	5.53	1	12
NODE_64965_length_1089_cov_6.147969	1089	17336	15.92	2	42
NODE_64989_length_1089_cov_3.041586	1089	5850	5.37	1	9
NODE_65929_length_1074_cov_6.378803	1074	104953	97.72	1	375
NODE_66034_length_1073_cov_2.210216	1073	2248	2.10	1	4
NODE_66308_length_1068_cov_12.181639	1068	434078	406.44	32	575
NODE_66458_length_1066_cov_24.399604	1066	72235	67.76	16	107
NODE_66793_length_1062_cov_1.909633	1062	2592	2.44	1	5
NODE_67142_length_1057_cov_3.243513	1057	4062	3.84	1	15
NODE_67185_length_1056_cov_43.837163	1056	67117	63.56	7	122
NODE_67273_length_1055_cov_2.565000	1055	2663	2.52	1	4
NODE_67473_length_1052_cov_4.671013	1052	4992	4.75	0	10
NODE_67522_length_1051_cov_59.275100	1051	117909	112.19	28	570
NODE_67853_length_1047_cov_3.470766	1047	5116	4.89	0	24
NODE_68065_length_1044_cov_66.336704	1044	77517	74.25	50	102
NODE_68215_length_1042_cov_5.149949	1042	7431	7.13	1	14
NODE_68597_length_1037_cov_3.617108	1037	5151	4.97	1	11
NODE_68702_length_1035_cov_9.031633	1035	206740	199.75	9	303
NODE_68707_length_1035_cov_6.989796	1035	24520	23.69	6	39
NODE_68920_length_1032_cov_193.523030	1032	373759	362.17	9	1758
NODE_68923_length_1032_cov_16.199591	1032	255773	247.84	0	448
NODE_69082_length_1030_cov_10.595897	1030	48011	46.61	7	295
NODE_69104_length_1030_cov_3.314872	1030	3681	3.57	1	6
NODE_69235_length_1028_cov_19.438849	1028	20326	19.77	3	33
NODE_69375_length_1026_cov_35.865088	1026	62368	60.79	28	122
NODE_69809_length_1020_cov_9.680829	1020	24394	23.92	0	120
NODE_70190_length_1016_cov_1.547347	1016	2160	2.13	1	4
NODE_70193_length_1015_cov_44.354167	1015	51334	50.58	35	69
NODE_70787_length_1007_cov_4.362395	1007	4907	4.87	1	10
NODE_71021_length_1004_cov_22.279241	1004	74441	74.14	0	242
NODE_71093_length_1003_cov_18.294304	1003	123319	122.95	9	416
NODE_49_length_174381_cov_29.084657	174381	5492347	31.50	0	67
NODE_57_length_162783_cov_27.974122	162783	5034352	30.93	0	85
NODE_73_length_151837_cov_28.477244	151837	5038216	33.18	0	529
NODE_148_length_118032_cov_28.805716	118032	3726427	31.57	0	62
NODE_198_length_105208_cov_28.215410	105208	3303184	31.40	0	151
NODE_240_length_96079_cov_28.264455	96079	3014249	31.37	0	55
NODE_308_length_85477_cov_27.560968	85477	2646442	30.96	0	132
NODE_325_length_83416_cov_29.776130	83416	2722957	32.64	0	56
NODE_361_length_79813_cov_28.938577	79813	2529982	31.70	0	62
NODE_371_length_78667_cov_28.651135	78667	2477040	31.49	0	57
NODE_393_length_76408_cov_29.362278	76408	2246762	29.40	3	182
NODE_462_length_70945_cov_27.395458	70945	2150014	30.31	0	117
NODE_519_length_66622_cov_28.861733	66622	2097564	31.48	0	70
NODE_592_length_62951_cov_28.207088	62951	1961782	31.16	0	114
NODE_634_length_60948_cov_28.525233	60948	1911416	31.36	0	94
NODE_679_length_58910_cov_29.484275	58910	1889486	32.07	0	65
NODE_741_length_56167_cov_28.419803	56167	1751824	31.19	0	52
NODE_803_length_53096_cov_29.564280	53096	1723648	32.46	0	53
NODE_887_length_49709_cov_28.181536	49709	1530065	30.78	0	54
NODE_908_length_48921_cov_29.955143	48921	1597912	32.66	0	56
NODE_972_length_47145_cov_28.979486	47145	1494352	31.70	0	52
NODE_1060_length_44553_cov_28.813969	44553	1404789	31.53	0	58
NODE_1142_length_42335_cov_24.896074	42335	1180125	27.88	0	235
NODE_1156_length_42002_cov_29.313705	42002	1356845	32.30	10	59
NODE_1205_length_40947_cov_27.422259	40947	1245435	30.42	0	55
NODE_1526_length_34617_cov_27.687200	34617	1058309	30.57	5	51
NODE_1542_length_34437_cov_28.768484	34437	1063420	30.88	1	55
NODE_1546_length_34350_cov_29.043272	34350	1085043	31.59	7	57
NODE_1585_length_33902_cov_29.781635	33902	1107219	32.66	0	56
NODE_1739_length_32133_cov_29.107114	32133	1019606	31.73	11	57
NODE_1769_length_31762_cov_28.589334	31762	999566	31.47	0	64
NODE_1776_length_31645_cov_29.089047	31645	997160	31.51	11	53
NODE_1858_length_30594_cov_28.222895	30594	948621	31.01	14	51
NODE_1888_length_30264_cov_28.560959	30264	959252	31.70	0	90
NODE_1926_length_29806_cov_29.720110	29806	985627	33.07	13	54
NODE_1969_length_29283_cov_28.303716	29283	909652	31.06	0	55
NODE_2269_length_26533_cov_29.152089	26533	841320	31.71	12	62
NODE_2335_length_25933_cov_28.417497	25933	809743	31.22	10	54
NODE_2347_length_25778_cov_28.708082	25778	814224	31.59	0	51
NODE_2703_length_23269_cov_27.157922	23269	702707	30.20	0	55
NODE_2804_length_22766_cov_28.304258	22766	706716	31.04	10	70
NODE_2895_length_22183_cov_29.044966	22183	708297	31.93	12	60
NODE_2953_length_21845_cov_27.194355	21845	724465	33.16	15	166
NODE_2982_length_21661_cov_29.342220	21661	707212	32.65	0	63
NODE_3012_length_21518_cov_27.240740	21518	656750	30.52	0	68
NODE_3052_length_21262_cov_29.092045	21262	679090	31.94	0	60
NODE_3137_length_20669_cov_28.519598	20669	647987	31.35	13	63
NODE_3160_length_20538_cov_27.940585	20538	641555	31.24	7	56
NODE_3265_length_19963_cov_23.945650	19963	531694	26.63	1	55
NODE_3406_length_19320_cov_25.853465	19320	561778	29.08	5	128
NODE_4048_length_16813_cov_27.957214	16813	520083	30.93	1	67
NODE_4055_length_16795_cov_29.643907	16795	542367	32.29	1	57
NODE_4219_length_16227_cov_26.848009	16227	480442	29.61	0	47
NODE_4257_length_16084_cov_30.892008	16084	304669	18.94	0	34
NODE_4344_length_15762_cov_27.410772	15762	475052	30.14	3	50
NODE_4413_length_15577_cov_27.636387	15577	475780	30.54	14	50
NODE_4760_length_14595_cov_29.375378	14595	470412	32.23	0	51
NODE_4772_length_14566_cov_32.234374	14566	541137	37.15	16	114
NODE_5020_length_13915_cov_40.424675	13915	599989	43.12	17	181
NODE_5101_length_13738_cov_29.056932	13738	439856	32.02	14	54
NODE_5103_length_13730_cov_30.301426	13730	451212	32.86	17	62
NODE_5336_length_13178_cov_28.071782	13178	399327	30.30	6	49
NODE_5494_length_12827_cov_28.303790	12827	402215	31.36	0	53
NODE_5591_length_12664_cov_28.303355	12664	396570	31.31	13	54
NODE_5726_length_12403_cov_28.695011	12403	397880	32.08	9	51
NODE_6368_length_11145_cov_28.098106	11145	354686	31.82	0	53
NODE_6388_length_11104_cov_28.912390	11104	350078	31.53	15	63
NODE_6461_length_10977_cov_26.737044	10977	323466	29.47	8	57
NODE_6557_length_10799_cov_28.683172	10799	333256	30.86	9	52
NODE_6749_length_10496_cov_34.633368	10496	371958	35.44	9	183
NODE_6752_length_10491_cov_33.684266	10491	383958	36.60	11	106
NODE_7044_length_10043_cov_29.997397	10043	339308	33.79	16	51
NODE_7209_length_9810_cov_26.846028	9810	280951	28.64	3	43
NODE_7525_length_9362_cov_30.006339	9362	318348	34.00	20	78
NODE_7548_length_9332_cov_30.312709	9332	329092	35.26	16	159
NODE_7708_length_9119_cov_28.807259	9119	285602	31.32	16	48
NODE_7791_length_9025_cov_18.622185	9025	217507	24.10	4	76
NODE_7866_length_8933_cov_31.412368	8933	295987	33.13	9	47
NODE_8218_length_8501_cov_29.940564	8501	271678	31.96	0	49
NODE_8529_length_8149_cov_28.689276	8149	252359	30.97	6	53
NODE_8603_length_8069_cov_27.933991	8069	249794	30.96	0	49
NODE_8657_length_7999_cov_30.281344	7999	249948	31.25	1	49
NODE_8819_length_7829_cov_29.099177	7829	249795	31.91	0	49
NODE_8836_length_7808_cov_29.809364	7808	260339	33.34	0	48
NODE_9279_length_7385_cov_34.062210	7385	285006	38.59	21	57
NODE_9294_length_7377_cov_36.527588	7377	331380	44.92	18	167
NODE_9707_length_7010_cov_37.287994	7010	291920	41.64	18	106
NODE_10000_length_6775_cov_34.624107	6775	278912	41.17	18	76
NODE_10072_length_6724_cov_7.568301	6724	78054	11.61	1	179
NODE_10296_length_6559_cov_27.606857	6559	199226	30.37	15	54
NODE_10378_length_6505_cov_6.520930	6505	51656	7.94	3	96
NODE_10387_length_6495_cov_34.686801	6495	262317	40.39	1	68
NODE_10942_length_6108_cov_30.884024	6108	280243	45.88	20	238
NODE_10958_length_6101_cov_29.544988	6101	191965	31.46	15	81
NODE_11096_length_6013_cov_31.445284	6013	196840	32.74	9	58
NODE_11135_length_5987_cov_8.024949	5987	54070	9.03	2	20
NODE_11170_length_5968_cov_30.058684	5968	187249	31.38	8	52
NODE_11182_length_5961_cov_30.546055	5961	305193	51.20	24	100
NODE_11270_length_5901_cov_32.648991	5901	189007	32.03	11	49
NODE_11435_length_5796_cov_27.683679	5796	178162	30.74	11	56
NODE_11438_length_5795_cov_4.724042	5795	33018	5.70	1	14
NODE_11958_length_5499_cov_35.484203	5499	283902	51.63	13	328
NODE_12004_length_5477_cov_10.680192	5477	102095	18.64	4	67
NODE_12124_length_5419_cov_27.593028	5419	165754	30.59	7	43
NODE_12385_length_5276_cov_5.156292	5276	40160	7.61	1	33
NODE_12449_length_5245_cov_30.484200	5245	173829	33.14	8	52
NODE_12783_length_5105_cov_29.978218	5105	173535	33.99	14	92
NODE_12920_length_5041_cov_30.576414	5041	174596	34.64	14	57
NODE_13448_length_4817_cov_34.155817	4817	191494	39.75	14	65
NODE_13897_length_4640_cov_5.402399	4640	96803	20.86	1	89
NODE_14348_length_4466_cov_28.392201	4466	139310	31.19	18	46
NODE_14543_length_4397_cov_5.281207	4397	28640	6.51	1	25
NODE_15145_length_4202_cov_29.876778	4202	137899	32.82	20	49
NODE_15298_length_4156_cov_27.445257	4156	128963	31.03	18	53
NODE_15494_length_4110_cov_32.029593	4110	151020	36.74	8	62
NODE_15957_length_3985_cov_27.613232	3985	122642	30.78	9	46
NODE_16379_length_3875_cov_27.828272	3875	116441	30.05	5	49
NODE_16473_length_3852_cov_5.797735	3852	38700	10.05	1	44
NODE_16941_length_3739_cov_7.057818	3739	395848	105.87	2	912
NODE_17589_length_3596_cov_33.046879	3596	123573	34.36	10	50
NODE_18478_length_3420_cov_25.286478	3420	94821	27.73	14	39
NODE_18585_length_3400_cov_7.646936	3400	33679	9.91	4	25
NODE_18719_length_3374_cov_18.451943	3374	148897	44.13	11	83
NODE_19187_length_3299_cov_29.144883	3299	104637	31.72	5	51
NODE_19333_length_3274_cov_4.860205	3274	18199	5.56	1	12
NODE_20164_length_3143_cov_10.783031	3143	84389	26.85	3	101
NODE_20301_length_3124_cov_29.135875	3124	99979	32.00	5	46
NODE_20912_length_3041_cov_32.805425	3041	106385	34.98	7	58
NODE_21182_length_3000_cov_32.677080	3000	105678	35.23	7	51
NODE_21195_length_2998_cov_33.024805	2998	107979	36.02	21	74
NODE_21906_length_2910_cov_4.215061	2910	14207	4.88	1	16
NODE_21944_length_2905_cov_28.905263	2905	94324	32.47	9	74
NODE_25019_length_2577_cov_9.310071	2577	47223	18.32	5	49
NODE_25213_length_2558_cov_34.555733	2558	98225	38.40	6	56
NODE_25320_length_2548_cov_18.194946	2548	69600	27.32	12	71
NODE_26681_length_2424_cov_8.940903	2424	23372	9.64	2	20
NODE_27167_length_2385_cov_24.975107	2385	62876	26.36	6	39
NODE_27684_length_2345_cov_5.549345	2345	18118	7.73	1	32
NODE_28080_length_2312_cov_45.137794	2312	105989	45.84	34	73
NODE_29000_length_2246_cov_31.865815	2246	79609	35.44	13	48
NODE_29444_length_2214_cov_4.993979	2214	55390	25.02	1	78
NODE_30679_length_2137_cov_5.744476	2137	13108	6.13	1	12
NODE_32492_length_2029_cov_35.832827	2029	48750	24.03	7	42
NODE_32799_length_2012_cov_41.434338	2012	64134	31.88	6	100
NODE_32919_length_2005_cov_27.500000	2005	57275	28.57	4	46
NODE_33373_length_1979_cov_13.395010	1979	29978	15.15	6	24
NODE_33581_length_1968_cov_5.372190	1968	36242	18.42	2	52
NODE_34132_length_1938_cov_8.338821	1938	19304	9.96	1	25
NODE_34205_length_1934_cov_6.344864	1934	17737	9.17	1	24
NODE_35244_length_1883_cov_25.992888	1883	48041	25.51	5	39
NODE_36521_length_1824_cov_35.611080	1824	70950	38.90	23	96
NODE_36818_length_1812_cov_6.389869	1812	13960	7.70	2	15
NODE_36833_length_1811_cov_15.562073	1811	16728	9.24	0	24
NODE_37030_length_1803_cov_31.493707	1803	52707	29.23	17	43
NODE_37652_length_1776_cov_35.261476	1776	64917	36.55	9	48
NODE_37653_length_1776_cov_31.399768	1776	68157	38.38	7	61
NODE_40574_length_1662_cov_13.226509	1662	706676	425.20	7	1148
NODE_40718_length_1657_cov_5.758427	1657	19137	11.55	1	53
NODE_40738_length_1656_cov_36.439725	1656	65147	39.34	25	49
NODE_40846_length_1652_cov_49.504696	1652	99901	60.47	20	80
NODE_41359_length_1635_cov_10.504430	1635	30842	18.86	4	34
NODE_41819_length_1618_cov_13.760077	1618	26031	16.09	3	55
NODE_42015_length_1611_cov_8.787275	1611	15633	9.70	1	17
NODE_42804_length_1584_cov_25.612819	1584	46329	29.25	10	53
NODE_44090_length_1544_cov_8.368704	1544	11922	7.72	1	12
NODE_44179_length_1541_cov_15.340511	1541	291489	189.16	5	682
NODE_46387_length_1478_cov_6.959241	1478	27168	18.38	1	151
NODE_46705_length_1469_cov_36.821075	1469	68032	46.31	20	105
NODE_50637_length_1365_cov_2.755725	1365	3421	2.51	0	5
NODE_50794_length_1361_cov_14.872894	1361	23884	17.55	4	33
NODE_52586_length_1319_cov_9.520570	1319	23779	18.03	2	210
NODE_55549_length_1256_cov_5.780183	1256	280140	223.04	1	825
NODE_55696_length_1253_cov_36.689482	1253	52956	42.26	17	57
NODE_55884_length_1249_cov_31.698492	1249	46301	37.07	22	48
NODE_56081_length_1245_cov_17.205882	1245	26878	21.59	15	33
NODE_56285_length_1241_cov_50.573356	1241	66072	53.24	36	75
NODE_56955_length_1228_cov_46.723785	1228	34574	28.15	2	55
NODE_56956_length_1228_cov_32.558397	1228	41231	33.58	14	50
NODE_56957_length_1228_cov_27.769821	1228	40238	32.77	15	53
NODE_57488_length_1218_cov_28.247635	1218	38764	31.83	7	43
NODE_58621_length_1197_cov_31.534151	1197	37408	31.25	9	42
NODE_59053_length_1189_cov_30.342152	1189	43640	36.70	10	79
NODE_60250_length_1168_cov_9.306379	1168	15080	12.91	1	23
NODE_60301_length_1167_cov_15.487410	1167	41639	35.68	12	50
NODE_62064_length_1137_cov_13.694085	1137	22636	19.91	5	47
NODE_62945_length_1122_cov_13.530459	1122	25312	22.56	7	75
NODE_63689_length_1111_cov_1.936553	1111	2636	2.37	1	4
NODE_64149_length_1102_cov_4.332378	1102	6397	5.80	1	22
NODE_64550_length_1096_cov_2.982709	1096	4704	4.29	0	7
NODE_64655_length_1094_cov_6.508181	1094	13318	12.17	1	155
NODE_65209_length_1085_cov_9.573786	1085	14979	13.81	2	25
NODE_65357_length_1083_cov_4.248054	1083	62547	57.75	1	369
NODE_66006_length_1073_cov_3.345776	1073	13671	12.74	1	64
NODE_66725_length_1063_cov_1.822421	1063	2889	2.72	1	5
NODE_67474_length_1052_cov_4.533601	1052	5108	4.86	1	9
NODE_67676_length_1049_cov_11.328974	1049	30344	28.93	2	283
NODE_67680_length_1049_cov_4.679074	1049	4814	4.59	0	8
NODE_68852_length_1033_cov_6.660532	1033	8288	8.02	2	19
NODE_70554_length_1010_cov_26.135079	1010	27554	27.28	8	38
NODE_71267_length_1001_cov_7.423890	1001	207800	207.59	7	592
NODE_15_length_243939_cov_33.533573	243939	9454859	38.76	0	661
NODE_29_length_200974_cov_34.235931	200974	8832618	43.95	0	981
NODE_105_length_135265_cov_35.097167	135265	5383523	39.80	0	534
NODE_110_length_132109_cov_34.922229	132109	5256679	39.79	0	793
NODE_121_length_126422_cov_33.766775	126422	4690886	37.10	0	76
NODE_124_length_125492_cov_35.021094	125492	4962867	39.55	10	223
NODE_170_length_112266_cov_33.834731	112266	4346686	38.72	1	717
NODE_180_length_110096_cov_34.448424	110096	4360355	39.61	0	1490
NODE_201_length_104537_cov_34.905419	104537	4203950	40.21	13	243
NODE_237_length_96427_cov_33.588885	96427	3608397	37.42	0	332
NODE_238_length_96424_cov_36.119022	96424	4001951	41.50	0	515
NODE_273_length_90311_cov_35.134296	90311	3522543	39.00	13	291
NODE_333_length_82776_cov_35.093495	82776	3227040	38.99	0	258
NODE_342_length_81575_cov_35.892358	81575	3364026	41.24	13	529
NODE_420_length_74477_cov_34.109726	74477	2861919	38.43	12	448
NODE_459_length_71343_cov_35.930984	71343	2877379	40.33	7	432
NODE_476_length_69916_cov_32.710468	69916	2974699	42.55	0	1258
NODE_506_length_67556_cov_61.534511	67556	4593466	67.99	9	1216
NODE_545_length_65324_cov_34.706216	65324	2520340	38.58	10	68
NODE_578_length_63883_cov_36.546359	63883	2629363	41.16	10	241
NODE_580_length_63743_cov_19.931745	63743	1520611	23.86	0	488
NODE_611_length_61759_cov_38.228672	61759	2873100	46.52	17	830
NODE_683_length_58590_cov_35.481438	58590	2485868	42.43	14	992
NODE_877_length_50106_cov_34.055144	50106	2006576	40.05	7	235
NODE_1033_length_45182_cov_36.301815	45182	2344319	51.89	17	976
NODE_1135_length_42594_cov_33.731305	42594	1581376	37.13	12	108
NODE_1287_length_39321_cov_33.461239	39321	3255534	82.79	10	345
NODE_1577_length_33994_cov_37.125814	33994	1409711	41.47	20	210
NODE_1781_length_31586_cov_35.234468	31586	1242982	39.35	7	224
NODE_1811_length_31231_cov_34.477771	31231	1191891	38.16	6	62
NODE_1853_length_30652_cov_35.598490	30652	1316311	42.94	20	142
NODE_1945_length_29598_cov_20.118708	29598	684851	23.14	7	101
NODE_1967_length_29300_cov_61.495948	29300	2251162	76.83	6	1224
NODE_2045_length_28456_cov_35.360938	28456	1936512	68.05	11	580
NODE_2125_length_27822_cov_38.058739	27822	1175027	42.23	10	117
NODE_2585_length_24030_cov_33.356663	24030	887285	36.92	16	111
NODE_2705_length_23260_cov_36.138332	23260	929376	39.96	16	64
NODE_2720_length_23165_cov_37.634444	23165	1067754	46.09	21	468
NODE_2766_length_22953_cov_34.870600	22953	1411098	61.48	13	551
NODE_2897_length_22175_cov_15.370886	22175	517518	23.34	6	166
NODE_3163_length_20527_cov_36.089830	20527	803197	39.13	13	61
NODE_3345_length_19587_cov_28.880862	19587	745426	38.06	13	295
NODE_3429_length_19191_cov_35.902435	19191	817806	42.61	6	440
NODE_3450_length_19086_cov_36.253271	19086	762220	39.94	10	69
NODE_3463_length_19050_cov_34.138615	19050	796613	41.82	9	250
NODE_4202_length_16288_cov_15.912585	16288	375475	23.05	5	406
NODE_4332_length_15824_cov_34.319678	15824	594036	37.54	9	59
NODE_4681_length_14820_cov_33.292855	14820	543416	36.67	1	56
NODE_4830_length_14388_cov_38.870509	14388	875110	60.82	23	577
NODE_4858_length_14320_cov_32.790116	14320	542476	37.88	12	311
NODE_4966_length_14035_cov_36.651717	14035	707693	50.42	13	203
NODE_4975_length_14016_cov_35.548958	14016	1135805	81.04	17	686
NODE_5119_length_13693_cov_37.898959	13693	583329	42.60	22	107
NODE_5123_length_13674_cov_25.593509	13674	520882	38.09	11	214
NODE_5437_length_12944_cov_106.861665	12944	1136175	87.78	19	446
NODE_5558_length_12711_cov_51.612990	12711	923236	72.63	0	472
NODE_5848_length_12144_cov_116.247911	12144	1059652	87.26	25	321
NODE_5858_length_12127_cov_35.039430	12127	487698	40.22	13	181
NODE_5871_length_12087_cov_31.013298	12087	1658231	137.19	16	602
NODE_6291_length_11274_cov_37.876281	11274	494120	43.83	10	124
NODE_6467_length_10965_cov_35.573602	10965	495841	45.22	0	512
NODE_6626_length_10702_cov_28.090072	10702	370322	34.60	11	153
NODE_7047_length_10033_cov_38.773903	10033	476054	47.45	25	200
NODE_7066_length_10014_cov_30.658199	10014	342557	34.21	7	65
NODE_7070_length_10005_cov_43.425628	10005	487307	48.71	0	489
NODE_7103_length_9951_cov_38.181791	9951	422791	42.49	9	244
NODE_7133_length_9917_cov_42.004867	9917	1231101	124.14	19	446
NODE_7143_length_9912_cov_31.467485	9912	552047	55.69	15	357
NODE_7317_length_9666_cov_26.535948	9666	531154	54.95	0	675
NODE_7333_length_9640_cov_40.627543	9640	432718	44.89	0	66
NODE_7408_length_9536_cov_34.604578	9536	368288	38.62	10	56
NODE_7633_length_9224_cov_30.874359	9224	408152	44.25	15	181
NODE_7898_length_8890_cov_29.932428	8890	295669	33.26	11	56
NODE_8033_length_8719_cov_32.585411	8719	312670	35.86	11	54
NODE_8424_length_8270_cov_43.135240	8270	579452	70.07	14	373
NODE_8427_length_8269_cov_32.417945	8269	362505	43.84	10	236
NODE_8989_length_7656_cov_40.691225	7656	362957	47.41	4	175
NODE_9250_length_7418_cov_18.400924	7418	170271	22.95	10	136
NODE_9277_length_7386_cov_35.199700	7386	285831	38.70	7	59
NODE_10025_length_6761_cov_25.366687	6761	934055	138.15	4	835
NODE_10574_length_6389_cov_17.813704	6389	140973	22.06	10	42
NODE_10793_length_6225_cov_18.218963	6225	124802	20.05	10	38
NODE_10821_length_6202_cov_41.490646	6202	588438	94.88	22	551
NODE_10881_length_6159_cov_24.458224	6159	594892	96.59	1	696
NODE_11380_length_5832_cov_27.639778	5832	204792	35.12	7	154
NODE_11650_length_5673_cov_24.438234	5673	159111	28.05	15	99
NODE_11694_length_5647_cov_36.931330	5647	233539	41.36	17	116
NODE_11884_length_5543_cov_28.366436	5543	404146	72.91	11	331
NODE_12091_length_5435_cov_67.767472	5435	306719	56.43	3	230
NODE_12182_length_5385_cov_32.261163	5385	185672	34.48	16	71
NODE_12211_length_5366_cov_27.713048	5366	168758	31.45	17	50
NODE_12656_length_5151_cov_33.797488	5151	199051	38.64	10	89
NODE_12685_length_5140_cov_30.619862	5140	201653	39.23	15	185
NODE_13267_length_4895_cov_37.004752	4895	267192	54.58	26	194
NODE_13379_length_4851_cov_36.156797	4851	197006	40.61	18	56
NODE_13426_length_4829_cov_63.594680	4829	817871	169.37	29	978
NODE_13571_length_4770_cov_63.874867	4770	355778	74.59	30	109
NODE_13812_length_4672_cov_16.906433	4672	91655	19.62	8	30
NODE_14125_length_4552_cov_29.460085	4552	171411	37.66	15	294
NODE_14263_length_4498_cov_29.918974	4498	303927	67.57	10	333
NODE_14584_length_4384_cov_14.411411	4384	143333	32.69	8	66
NODE_14661_length_4356_cov_37.830970	4356	175201	40.22	5	62
NODE_15346_length_4145_cov_32.055012	4145	150944	36.42	15	133
NODE_15766_length_4033_cov_37.985671	4033	186164	46.16	27	207
NODE_15927_length_3994_cov_3.220360	3994	25796	6.46	0	35
NODE_16368_length_3879_cov_38.418933	3879	182722	47.11	23	162
NODE_18055_length_3502_cov_72.674790	3502	1111704	317.45	34	855
NODE_18077_length_3497_cov_36.898896	3497	138875	39.71	14	54
NODE_18091_length_3494_cov_31.000000	3494	272768	78.07	19	155
NODE_18303_length_3454_cov_27.937040	3454	122901	35.58	9	113
NODE_18477_length_3420_cov_33.633581	3420	219289	64.12	21	435
NODE_18968_length_3334_cov_38.436109	3334	137604	41.27	16	58
NODE_19553_length_3236_cov_47.494813	3236	194920	60.23	28	162
NODE_19563_length_3235_cov_66.424528	3235	1365063	421.97	51	651
NODE_19760_length_3205_cov_60.373968	3205	258470	80.65	0	168
NODE_20674_length_3069_cov_75.843729	3069	401362	130.78	13	416
NODE_20696_length_3066_cov_45.521421	3066	321417	104.83	3	348
NODE_20779_length_3057_cov_75.525650	3057	207318	67.82	21	104
NODE_20889_length_3043_cov_30.610442	3043	180028	59.16	23	406
NODE_21498_length_2959_cov_7.303375	2959	242431	81.93	4	945
NODE_22067_length_2891_cov_66.882581	2891	207672	71.83	23	93
NODE_22265_length_2869_cov_72.383795	2869	252086	87.87	0	172
NODE_23093_length_2774_cov_34.492460	2774	97121	35.01	12	51
NODE_23379_length_2743_cov_81.987723	2743	131343	47.88	1	145
NODE_23411_length_2740_cov_3.871136	2740	16274	5.94	1	14
NODE_23469_length_2733_cov_11.537715	2733	77010	28.18	8	42
NODE_23645_length_2714_cov_35.904851	2714	891722	328.56	7	908
NODE_23936_length_2686_cov_69.076017	2686	138279	51.48	9	92
NODE_25263_length_2554_cov_33.663866	2554	88806	34.77	14	51
NODE_25436_length_2538_cov_60.312525	2538	212134	83.58	33	202
NODE_26114_length_2478_cov_5.959967	2478	78508	31.68	1	118
NODE_26292_length_2462_cov_33.241379	2462	88359	35.89	17	49
NODE_27974_length_2321_cov_28.849073	2321	201501	86.82	14	130
NODE_28612_length_2273_cov_1276.598287	2273	3226020	1419.28	621	1976
NODE_28737_length_2265_cov_24.809955	2265	298968	131.99	1	745
NODE_31309_length_2096_cov_30.442920	2096	74703	35.64	11	66
NODE_31322_length_2095_cov_6.550000	2095	16518	7.88	1	13
NODE_31370_length_2092_cov_40.795778	2092	90716	43.36	28	63
NODE_32076_length_2053_cov_38.085586	2053	181669	88.49	15	624
NODE_32297_length_2041_cov_43.746727	2041	169192	82.90	28	229
NODE_32374_length_2036_cov_30.654720	2036	71657	35.19	23	50
NODE_32548_length_2026_cov_51.856418	2026	137404	67.82	14	134
NODE_32652_length_2021_cov_24.396745	2021	64549	31.94	16	51
NODE_32920_length_2005_cov_24.012821	2005	74218	37.02	16	131
NODE_33039_length_1998_cov_45.710242	1998	567300	283.93	35	973
NODE_34223_length_1933_cov_30.526624	1933	382899	198.09	24	784
NODE_34391_length_1925_cov_41.106952	1925	116940	60.75	24	159
NODE_35437_length_1874_cov_32.133590	1874	585725	312.55	11	1009
NODE_36129_length_1841_cov_38.589026	1841	79964	43.44	13	62
NODE_36914_length_1808_cov_29.771249	1808	288086	159.34	21	401
NODE_36937_length_1807_cov_36.989155	1807	85467	47.30	16	113
NODE_37313_length_1790_cov_39.791354	1790	76416	42.69	16	61
NODE_37935_length_1765_cov_47.477193	1765	94262	53.41	35	77
NODE_38560_length_1740_cov_19.289614	1740	40261	23.14	9	44
NODE_40440_length_1668_cov_4.514569	1668	16024	9.61	1	24
NODE_40649_length_1659_cov_29.455112	1659	82647	49.82	21	219
NODE_41507_length_1630_cov_30.344762	1630	53986	33.12	15	48
NODE_41552_length_1629_cov_3.554638	1629	8630	5.30	1	15
NODE_41716_length_1622_cov_20.280791	1622	42994	26.51	12	75
NODE_42020_length_1611_cov_4.503213	1611	8609	5.34	0	20
NODE_42229_length_1604_cov_45.648160	1604	67710	42.21	10	79
NODE_42434_length_1597_cov_22.357328	1597	41134	25.76	5	38
NODE_42860_length_1582_cov_40.212836	1582	99376	62.82	15	174
NODE_43129_length_1573_cov_28.236495	1573	62726	39.88	12	132
NODE_44231_length_1539_cov_40.327493	1539	82375	53.53	17	87
NODE_44818_length_1522_cov_42.538514	1522	71974	47.29	25	70
NODE_45726_length_1496_cov_78.106176	1496	252743	168.95	35	660
NODE_45971_length_1489_cov_24.625523	1489	42828	28.76	16	66
NODE_46261_length_1481_cov_29.059607	1481	926385	625.51	14	2456
NODE_46498_length_1475_cov_32.384507	1475	47804	32.41	12	44
NODE_46676_length_1470_cov_16.786572	1470	26273	17.87	6	25
NODE_48499_length_1418_cov_31.837858	1418	117587	82.92	21	252
NODE_49158_length_1401_cov_35.109212	1401	57312	40.91	9	128
NODE_49162_length_1401_cov_12.157504	1401	22305	15.92	5	92
NODE_50698_length_1363_cov_26.915902	1363	89324	65.53	22	398
NODE_51042_length_1355_cov_9.899231	1355	21499	15.87	3	42
NODE_51179_length_1352_cov_40.134927	1352	60696	44.89	26	65
NODE_51310_length_1349_cov_40.569552	1349	61584	45.65	27	59
NODE_51717_length_1339_cov_51.785826	1339	87135	65.07	33	118
NODE_53214_length_1306_cov_54.069544	1306	115728	88.61	44	208
NODE_53298_length_1304_cov_25.885508	1304	40880	31.35	18	68
NODE_54120_length_1286_cov_49.022746	1286	158021	122.88	46	202
NODE_54270_length_1283_cov_22.493485	1283	29138	22.71	5	37
NODE_54322_length_1282_cov_33.366748	1282	43892	34.24	6	50
NODE_55799_length_1251_cov_36.047659	1251	56264	44.98	9	85
NODE_55800_length_1251_cov_33.076923	1251	57270	45.78	17	82
NODE_55926_length_1248_cov_31.963118	1248	42066	33.71	10	46
NODE_56594_length_1235_cov_36.163559	1235	50329	40.75	18	81
NODE_56653_length_1234_cov_20.545377	1234	39913	32.34	5	170
NODE_56859_length_1230_cov_31.114894	1230	84652	68.82	22	154
NODE_56970_length_1228_cov_4.000000	1228	7865	6.40	1	11
NODE_58335_length_1203_cov_3.573171	1203	5083	4.23	1	9
NODE_58658_length_1196_cov_80.519720	1196	260639	217.93	47	452
NODE_59225_length_1186_cov_21.995579	1186	32618	27.50	15	42
NODE_59338_length_1184_cov_21.650133	1184	51695	43.66	6	98
NODE_59775_length_1177_cov_2.598930	1177	5601	4.76	1	15
NODE_61087_length_1153_cov_30.263206	1153	47809	41.46	18	95
NODE_61150_length_1152_cov_27.992707	1152	33588	29.16	14	40
NODE_61265_length_1150_cov_30.350685	1150	89950	78.22	24	161
NODE_62755_length_1125_cov_30.020561	1125	56961	50.63	11	177
NODE_63279_length_1117_cov_9.572505	1117	36258	32.46	16	129
NODE_63528_length_1113_cov_3.673913	1113	6973	6.27	1	22
NODE_65543_length_1080_cov_5.098537	1080	6459	5.98	1	11
NODE_65812_length_1076_cov_26.007835	1076	36763	34.17	14	174
NODE_65985_length_1073_cov_38.435167	1073	41684	38.85	28	54
NODE_66524_length_1065_cov_35.012871	1065	78724	73.92	16	659
NODE_66960_length_1059_cov_32.210159	1059	37831	35.72	19	48
NODE_67404_length_1053_cov_3.483968	1053	8049	7.64	1	16
NODE_67526_length_1051_cov_13.903614	1051	32876	31.28	5	70
NODE_67980_length_1045_cov_34.830303	1045	68865	65.90	26	285
NODE_68067_length_1044_cov_39.055612	1044	61624	59.03	29	123
NODE_68319_length_1041_cov_3.061866	1041	6487	6.23	1	10
NODE_68771_length_1034_cov_32.756895	1034	36964	35.75	11	46
NODE_69086_length_1030_cov_4.797949	1030	24889	24.16	12	90
NODE_69155_length_1029_cov_28.535934	1029	27794	27.01	9	37
NODE_70197_length_1015_cov_12.950000	1015	5318	5.24	1	11
NODE_71264_length_1001_cov_20.329810	1001	20713	20.69	3	30
NODE_202_length_104438_cov_14.017551	104438	6913318	66.20	5	1001
NODE_253_length_93661_cov_11.481315	93661	4011489	42.83	3	726
NODE_266_length_91443_cov_12.051659	91443	5414731	59.21	3	985
NODE_478_length_69682_cov_12.289801	69682	2513707	36.07	0	752
NODE_678_length_59084_cov_13.064511	59084	4199376	71.07	6	861
NODE_727_length_56583_cov_11.551514	56583	4832395	85.40	4	970
NODE_738_length_56238_cov_11.633021	56238	2681093	47.67	4	848
NODE_768_length_54831_cov_12.696199	54831	3071587	56.02	4	1003
NODE_802_length_53135_cov_11.667370	53135	2128559	40.06	2	761
NODE_862_length_50759_cov_13.315971	50759	2391678	47.12	7	710
NODE_930_length_48351_cov_11.573526	48351	2653178	54.87	4	869
NODE_947_length_47651_cov_12.795781	47651	2108318	44.24	4	806
NODE_967_length_47200_cov_12.526694	47200	2152617	45.61	3	718
NODE_1136_length_42488_cov_10.855867	42488	1379760	32.47	3	517
NODE_1202_length_41007_cov_13.219086	41007	1631702	39.79	4	1018
NODE_1255_length_39924_cov_11.393639	39924	3204647	80.27	0	1010
NODE_1303_length_39032_cov_13.395874	39032	1266997	32.46	3	605
NODE_1319_length_38569_cov_14.739783	38569	1727024	44.78	0	1182
NODE_1323_length_38467_cov_14.344346	38467	3148207	81.84	5	970
NODE_1472_length_35486_cov_12.198216	35486	1688852	47.59	5	626
NODE_1511_length_34811_cov_10.885027	34811	3857935	110.83	1	1048
NODE_1607_length_33697_cov_10.653944	33697	3845824	114.13	3	942
NODE_1617_length_33650_cov_13.261557	33650	2089330	62.09	4	938
NODE_1651_length_33249_cov_13.810086	33249	4319758	129.92	5	1495
NODE_1727_length_32323_cov_13.510320	32323	487206	15.07	2	44
NODE_1770_length_31739_cov_11.635021	31739	894402	28.18	3	146
NODE_1793_length_31418_cov_12.175908	31418	1035856	32.97	6	445
NODE_1852_length_30653_cov_14.013628	30653	1019510	33.26	6	99
NODE_1871_length_30499_cov_11.997569	30499	4105327	134.61	3	818
NODE_1957_length_29432_cov_13.941349	29432	1915714	65.09	5	855
NODE_1980_length_29143_cov_12.289913	29143	954785	32.76	5	579
NODE_2043_length_28464_cov_11.372171	28464	1575357	55.35	0	751
NODE_2063_length_28307_cov_14.791448	28307	3022366	106.77	4	1248
NODE_2078_length_28200_cov_11.961450	28200	610597	21.65	0	244
NODE_2080_length_28183_cov_12.133675	28183	858708	30.47	5	224
NODE_2103_length_27988_cov_11.020155	27988	780238	27.88	3	563
NODE_2150_length_27597_cov_11.472478	27597	950271	34.43	4	563
NODE_2187_length_27233_cov_12.529288	27233	1289657	47.36	1	883
NODE_2217_length_26943_cov_11.863619	26943	1080856	40.12	4	683
NODE_2222_length_26918_cov_13.391133	26918	2255200	83.78	6	899
NODE_2230_length_26814_cov_13.936246	26814	908925	33.90	5	307
NODE_2406_length_25369_cov_12.248835	25369	839649	33.10	4	194
NODE_2413_length_25310_cov_13.542784	25310	3781940	149.42	4	1080
NODE_2453_length_24961_cov_11.680639	24961	1176702	47.14	0	781
NODE_2593_length_23973_cov_14.149051	23973	1587450	66.22	2	1004
NODE_2606_length_23914_cov_13.450648	23914	831359	34.76	5	536
NODE_2608_length_23900_cov_12.207633	23900	751822	31.46	4	291
NODE_2723_length_23147_cov_13.692101	23147	486192	21.00	5	53
NODE_2731_length_23132_cov_11.469818	23132	823966	35.62	6	249
NODE_2869_length_22395_cov_13.523814	22395	694083	30.99	6	191
NODE_2882_length_22263_cov_12.506889	22263	584688	26.26	4	87
NODE_2985_length_21653_cov_10.607464	21653	1387652	64.09	1	781
NODE_3024_length_21459_cov_13.281116	21459	2085500	97.19	4	1057
NODE_3040_length_21338_cov_12.064465	21338	596657	27.96	3	53
NODE_3077_length_21103_cov_13.545895	21103	543182	25.74	3	365
NODE_3154_length_20579_cov_13.330101	20579	1098076	53.36	6	1092
NODE_3191_length_20306_cov_14.142314	20306	1649083	81.21	7	816
NODE_3280_length_19884_cov_13.217964	19884	1703817	85.69	5	954
NODE_3376_length_19444_cov_11.153076	19444	1526323	78.50	0	755
NODE_3455_length_19070_cov_12.464949	19070	1390897	72.94	4	991
NODE_3520_length_18856_cov_13.530397	18856	910926	48.31	5	768
NODE_3589_length_18552_cov_12.075688	18552	1265811	68.23	2	741
NODE_3629_length_18411_cov_15.329048	18411	511783	27.80	0	262
NODE_3668_length_18251_cov_12.416795	18251	553975	30.35	4	58
NODE_3712_length_18064_cov_14.020934	18064	1306317	72.32	8	925
NODE_3732_length_18008_cov_13.155239	18008	1339472	74.38	4	1107
NODE_3760_length_17894_cov_13.856718	17894	1525748	85.27	5	743
NODE_3768_length_17868_cov_13.938247	17868	749913	41.97	3	767
NODE_3793_length_17761_cov_15.543601	17761	863962	48.64	6	787
NODE_3871_length_17420_cov_13.881774	17420	2016250	115.74	4	1111
NODE_4017_length_16918_cov_16.444701	16918	2637714	155.91	8	872
NODE_4079_length_16732_cov_13.561852	16732	1164407	69.59	7	834
NODE_4327_length_15836_cov_13.277739	15836	498640	31.49	7	82
NODE_4331_length_15833_cov_12.086323	15833	1157704	73.12	0	1180
NODE_4349_length_15746_cov_14.402205	15746	1007472	63.98	6	857
NODE_4362_length_15696_cov_13.279394	15696	1039393	66.22	6	962
NODE_4375_length_15678_cov_13.848301	15678	471751	30.09	5	61
NODE_4466_length_15401_cov_13.332204	15401	504307	32.75	6	515
NODE_4519_length_15263_cov_36.333772	15263	615614	40.33	8	64
NODE_4711_length_14731_cov_12.954075	14731	725677	49.26	4	875
NODE_4739_length_14651_cov_13.108934	14651	1243048	84.84	3	892
NODE_4746_length_14635_cov_15.601509	14635	1312237	89.66	6	714
NODE_4790_length_14511_cov_12.081558	14511	625425	43.10	5	648
NODE_4953_length_14060_cov_15.841342	14060	669861	47.64	7	705
NODE_5066_length_13804_cov_14.496400	13804	1210961	87.73	6	959
NODE_5158_length_13593_cov_12.846137	13593	482783	35.52	3	185
NODE_5159_length_13593_cov_11.255946	13593	565097	41.57	2	424
NODE_5274_length_13343_cov_10.714028	13343	1557438	116.72	1	773
NODE_5532_length_12760_cov_6.121448	12760	165423	12.96	1	247
NODE_5559_length_12711_cov_14.295354	12711	852898	67.10	7	954
NODE_5618_length_12624_cov_13.282600	12624	813812	64.47	5	721
NODE_5715_length_12422_cov_12.624323	12422	337397	27.16	5	718
NODE_5843_length_12161_cov_14.011730	12161	739528	60.81	10	715
NODE_5859_length_12123_cov_6.097116	12123	332786	27.45	1	711
NODE_5952_length_11939_cov_11.224083	11939	469713	39.34	5	609
NODE_6126_length_11601_cov_12.694093	11601	256673	22.13	4	62
NODE_6130_length_11593_cov_15.893656	11593	776432	66.97	11	630
NODE_6241_length_11383_cov_11.448711	11383	933453	82.00	4	1013
NODE_6340_length_11191_cov_13.469468	11191	1822006	162.81	7	994
NODE_6416_length_11067_cov_6.616328	11067	131829	11.91	0	337
NODE_6419_length_11062_cov_28.135732	11062	373694	33.78	14	119
NODE_6438_length_11019_cov_10.994801	11019	722879	65.60	4	263
NODE_6484_length_10927_cov_14.169886	10927	368631	33.74	2	498
NODE_6505_length_10897_cov_14.973990	10897	764200	70.13	8	734
NODE_6538_length_10835_cov_22.561224	10835	459383	42.40	10	194
NODE_6554_length_10806_cov_12.155985	10806	520465	48.16	6	616
NODE_6584_length_10759_cov_16.596226	10759	496034	46.10	8	675
NODE_6810_length_10425_cov_12.038959	10425	413843	39.70	1	690
NODE_6839_length_10373_cov_10.751115	10373	1029953	99.29	4	845
NODE_6954_length_10183_cov_12.457148	10183	905685	88.94	3	1035
NODE_6970_length_10149_cov_11.798593	10149	398943	39.31	3	757
NODE_6984_length_10132_cov_13.823261	10132	930416	91.83	5	976
NODE_7116_length_9937_cov_21.847804	9937	648189	65.23	4	317
NODE_7180_length_9861_cov_17.153885	9861	1488464	150.94	2	1156
NODE_7289_length_9698_cov_13.035570	9698	351737	36.27	5	359
NODE_7311_length_9671_cov_13.339226	9671	384385	39.75	6	510
NODE_7363_length_9605_cov_15.477592	9605	332943	34.66	2	115
NODE_7492_length_9416_cov_38.278603	9416	427282	45.38	25	175
NODE_7539_length_9347_cov_13.389582	9347	426421	45.62	6	498
NODE_7639_length_9220_cov_14.148500	9220	410996	44.58	2	216
NODE_7748_length_9075_cov_33.617073	9075	341104	37.59	19	86
NODE_7869_length_8930_cov_12.107155	8930	605904	67.85	4	589
NODE_7893_length_8895_cov_12.080769	8895	1855455	208.60	7	1024
NODE_8036_length_8711_cov_13.591728	8711	359189	41.23	2	533
NODE_8134_length_8601_cov_13.540136	8601	305607	35.53	7	434
NODE_8260_length_8456_cov_16.804904	8456	464303	54.91	6	780
NODE_8271_length_8442_cov_20.988554	8442	646724	76.61	11	286
NODE_8331_length_8378_cov_14.565902	8378	268092	32.00	7	63
NODE_8548_length_8134_cov_13.225523	8134	260955	32.08	3	84
NODE_8624_length_8044_cov_6.320816	8044	64449	8.01	1	21
NODE_8638_length_8020_cov_15.556811	8020	539546	67.28	3	867
NODE_8759_length_7897_cov_14.128666	7897	253863	32.15	3	328
NODE_8788_length_7855_cov_10.530385	7855	212358	27.03	4	98
NODE_8792_length_7853_cov_16.719543	7853	152991	19.48	4	82
NODE_8803_length_7843_cov_12.771828	7843	734046	93.59	6	781
NODE_9012_length_7632_cov_11.926488	7632	255655	33.50	5	66
NODE_9030_length_7613_cov_10.719767	7613	179700	23.60	4	61
NODE_9095_length_7547_cov_12.132942	7547	235365	31.19	7	95
NODE_9316_length_7356_cov_12.898644	7356	202936	27.59	7	55
NODE_9368_length_7301_cov_36.639249	7301	396667	54.33	24	489
NODE_9439_length_7242_cov_12.373313	7242	253493	35.00	4	213
NODE_9475_length_7207_cov_14.065996	7207	255293	35.42	9	224
NODE_9529_length_7157_cov_7.604900	7157	314715	43.97	1	413
NODE_9538_length_7151_cov_14.194476	7151	187933	26.28	3	62
NODE_9780_length_6947_cov_35.882182	6947	289242	41.64	25	191
NODE_9899_length_6857_cov_11.816819	6857	189600	27.65	5	49
NODE_9941_length_6825_cov_12.143722	6825	310262	45.46	3	747
NODE_10104_length_6705_cov_14.929624	6705	460175	68.63	8	791
NODE_10294_length_6562_cov_6.600891	6562	52948	8.07	1	16
NODE_10356_length_6517_cov_12.628907	6517	196896	30.21	7	91
NODE_10359_length_6513_cov_11.639672	6513	205199	31.51	7	67
NODE_10480_length_6448_cov_19.541686	6448	220703	34.23	11	229
NODE_10570_length_6392_cov_13.704434	6392	179542	28.09	3	53
NODE_10812_length_6210_cov_10.518278	6210	132303	21.30	5	44
NODE_10837_length_6191_cov_15.074967	6191	140307	22.66	5	88
NODE_10931_length_6118_cov_20.356424	6118	247715	40.49	13	95
NODE_10979_length_6090_cov_12.979785	6090	155792	25.58	7	168
NODE_11123_length_5999_cov_31.198688	5999	224356	37.40	0	63
NODE_11342_length_5854_cov_10.883946	5854	400979	68.50	6	695
NODE_11387_length_5829_cov_12.482335	5829	191942	32.93	3	59
NODE_11392_length_5825_cov_16.726516	5825	202161	34.71	11	393
NODE_11534_length_5735_cov_6.375528	5735	72254	12.60	1	170
NODE_11550_length_5725_cov_16.848148	5725	222862	38.93	5	59
NODE_11676_length_5657_cov_11.215637	5657	314835	55.65	5	381
NODE_11776_length_5599_cov_12.849026	5599	449581	80.30	9	688
NODE_11814_length_5580_cov_10.697738	5580	168458	30.19	2	59
NODE_11940_length_5510_cov_12.070211	5510	219386	39.82	8	255
NODE_12044_length_5458_cov_11.949287	5458	1050366	192.45	7	324
NODE_12143_length_5408_cov_12.042967	5408	108571	20.08	5	159
NODE_12205_length_5373_cov_18.278488	5373	235468	43.82	13	489
NODE_12361_length_5287_cov_14.013188	5287	344859	65.23	7	650
NODE_12369_length_5282_cov_6.104075	5282	239824	45.40	1	629
NODE_12465_length_5234_cov_10.031666	5234	743478	142.05	3	797
NODE_12581_length_5184_cov_15.085982	5184	760188	146.64	7	988
NODE_12672_length_5147_cov_6.183425	5147	49789	9.67	1	39
NODE_12880_length_5059_cov_10.806954	5059	821177	162.32	2	507
NODE_13164_length_4936_cov_12.449293	4936	133057	26.96	5	52
NODE_13285_length_4889_cov_9.938353	4889	168893	34.55	2	203
NODE_13343_length_4868_cov_15.722211	4868	177865	36.54	7	59
NODE_13398_length_4842_cov_5.429079	4842	148455	30.66	1	591
NODE_13483_length_4802_cov_13.793133	4802	908690	189.23	5	1013
NODE_13495_length_4799_cov_9.004848	4799	143951	30.00	2	456
NODE_13559_length_4774_cov_29.276542	4774	600277	125.74	0	539
NODE_13590_length_4761_cov_8.943689	4761	178114	37.41	6	496
NODE_13938_length_4622_cov_6.519378	4622	223264	48.30	0	558
NODE_13954_length_4616_cov_12.295988	4616	545278	118.13	3	307
NODE_14059_length_4577_cov_15.627156	4577	161721	35.33	8	276
NODE_14081_length_4569_cov_11.859327	4569	74020	16.20	7	40
NODE_14089_length_4566_cov_15.634892	4566	137007	30.01	5	59
NODE_14189_length_4525_cov_15.390157	4525	2397645	529.87	14	1030
NODE_14205_length_4517_cov_13.155760	4517	146003	32.32	8	79
NODE_14217_length_4514_cov_13.000449	4514	143136	31.71	3	213
NODE_14365_length_4461_cov_5.847254	4461	33336	7.47	1	28
NODE_14536_length_4399_cov_13.793508	4399	153697	34.94	6	61
NODE_14621_length_4371_cov_11.151529	4371	155352	35.54	9	135
NODE_14667_length_4354_cov_5.626425	4354	94964	21.81	0	361
NODE_14729_length_4335_cov_11.312383	4335	188254	43.43	5	721
NODE_14741_length_4330_cov_10.606550	4330	84137	19.43	3	147
NODE_14831_length_4300_cov_12.323910	4300	104463	24.29	4	45
NODE_14832_length_4300_cov_11.093286	4300	840300	195.42	12	1022
NODE_14875_length_4284_cov_6.456373	4284	261199	60.97	0	286
NODE_14940_length_4266_cov_4.971741	4266	48227	11.30	1	304
NODE_15291_length_4157_cov_6.672111	4157	256816	61.78	1	759
NODE_15304_length_4155_cov_13.592683	4155	98662	23.75	6	51
NODE_15439_length_4126_cov_11.738639	4126	1028573	249.29	10	488
NODE_15492_length_4111_cov_3.384615	4111	15183	3.69	1	8
NODE_15585_length_4080_cov_6.184099	4080	298602	73.19	2	999
NODE_15683_length_4052_cov_71.585689	4052	361846	89.30	30	160
NODE_15807_length_4024_cov_12.983875	4024	148716	36.96	12	63
NODE_15863_length_4009_cov_14.988366	4009	1092934	272.62	2	900
NODE_15883_length_4004_cov_5.420866	4004	27621	6.90	0	14
NODE_16011_length_3970_cov_13.299872	3970	145543	36.66	7	357
NODE_16285_length_3898_cov_11.226386	3898	98629	25.30	9	41
NODE_16295_length_3896_cov_11.732361	3896	626636	160.84	6	1001
NODE_16312_length_3892_cov_11.805838	3892	538626	138.39	3	832
NODE_16402_length_3870_cov_13.586894	3870	302053	78.05	11	291
NODE_16506_length_3844_cov_12.729480	3844	60900	15.84	6	59
NODE_16547_length_3834_cov_14.242392	3834	140379	36.61	5	57
NODE_16702_length_3793_cov_13.746656	3793	784301	206.78	11	1022
NODE_16734_length_3783_cov_15.952790	3783	429196	113.45	6	1044
NODE_16822_length_3765_cov_16.003235	3765	160938	42.75	12	131
NODE_16875_length_3754_cov_6.369019	3754	172601	45.98	1	555
NODE_16884_length_3751_cov_11.451028	3751	195857	52.21	8	243
NODE_17160_length_3692_cov_9.323893	3692	43282	11.72	2	40
NODE_17293_length_3662_cov_6.143055	3662	30631	8.36	2	18
NODE_17386_length_3643_cov_14.987737	3643	353839	97.13	9	642
NODE_17455_length_3627_cov_5.741321	3627	25473	7.02	1	17
NODE_17629_length_3586_cov_10.707732	3586	68737	19.17	4	70
NODE_17832_length_3544_cov_5.159645	3544	54958	15.51	2	140
NODE_18137_length_3485_cov_14.115160	3485	232787	66.80	9	626
NODE_18212_length_3471_cov_19.120316	3471	449866	129.61	0	264
NODE_18708_length_3377_cov_6.729079	3377	27096	8.02	0	17
NODE_18770_length_3367_cov_12.223732	3367	140156	41.63	4	540
NODE_18879_length_3349_cov_7.458106	3349	31669	9.46	1	65
NODE_19126_length_3308_cov_12.836766	3308	161790	48.91	3	1032
NODE_19141_length_3306_cov_50.249462	3306	168774	51.05	28	227
NODE_19144_length_3306_cov_10.788065	3306	204278	61.79	2	618
NODE_19145_length_3306_cov_9.784066	3306	110266	33.35	4	296
NODE_19361_length_3269_cov_5.509023	3269	35509	10.86	0	105
NODE_19865_length_3188_cov_12.522502	3188	91179	28.60	3	196
NODE_20544_length_3090_cov_13.592092	3090	107541	34.80	6	56
NODE_21267_length_2988_cov_7.417320	2988	27392	9.17	4	16
NODE_21290_length_2986_cov_26.876834	2986	460250	154.14	11	383
NODE_21777_length_2925_cov_4.525436	2925	84510	28.89	1	228
NODE_22112_length_2886_cov_17.606499	2886	145322	50.35	9	235
NODE_22216_length_2875_cov_6.625532	2875	24428	8.50	0	19
NODE_22742_length_2817_cov_18.390297	2817	107817	38.27	12	206
NODE_22748_length_2816_cov_12.254980	2816	155698	55.29	7	680
NODE_23058_length_2779_cov_12.112702	2779	98202	35.34	11	53
NODE_23259_length_2757_cov_17.107698	2757	167841	60.88	8	550
NODE_23345_length_2747_cov_13.772660	2747	76622	27.89	7	50
NODE_23380_length_2743_cov_5.823661	2743	21830	7.96	1	37
NODE_23396_length_2741_cov_6.614669	2741	25789	9.41	2	18
NODE_23767_length_2702_cov_10.537968	2702	232311	85.98	1	770
NODE_23860_length_2694_cov_3.037135	2694	9614	3.57	1	8
NODE_23951_length_2684_cov_13.047166	2684	86084	32.07	8	58
NODE_23987_length_2679_cov_15.000000	2679	85751	32.01	15	152
NODE_24127_length_2666_cov_34.675220	2666	103366	38.77	11	56
NODE_24280_length_2651_cov_14.808166	2651	54272	20.47	8	205
NODE_24320_length_2647_cov_4.574846	2647	17088	6.46	1	16
NODE_24364_length_2641_cov_9.379737	2641	48335	18.30	4	68
NODE_24449_length_2632_cov_14.994179	2632	685940	260.62	7	1012
NODE_24533_length_2624_cov_9.573375	2624	1124773	428.65	3	1378
NODE_24631_length_2615_cov_4.660156	2615	20597	7.88	1	15
NODE_24882_length_2590_cov_10.426824	2590	187404	72.36	6	726
NODE_25791_length_2507_cov_4.336868	2507	11369	4.53	1	9
NODE_26484_length_2444_cov_10.082043	2444	485683	198.72	7	997
NODE_26617_length_2430_cov_7.237895	2430	26153	10.76	0	48
NODE_26816_length_2413_cov_7.378287	2413	20750	8.60	1	18
NODE_27571_length_2354_cov_3.465420	2354	9997	4.25	1	30
NODE_27727_length_2341_cov_5.603237	2341	19110	8.16	1	55
NODE_27828_length_2334_cov_4.644581	2334	20653	8.85	0	21
NODE_28457_length_2286_cov_12.541461	2286	401046	175.44	3	661
NODE_28537_length_2280_cov_5.355955	2280	42476	18.63	2	238
NODE_28545_length_2279_cov_12.450989	2279	64484	28.29	10	51
NODE_28898_length_2253_cov_22.223385	2253	454930	201.92	12	809
NODE_29262_length_2228_cov_2.868845	2228	8602	3.86	1	16
NODE_29519_length_2209_cov_23.036676	2209	74038	33.52	4	59
NODE_29558_length_2206_cov_29.883775	2206	72506	32.87	18	51
NODE_29808_length_2189_cov_34.628866	2189	98230	44.87	25	256
NODE_30265_length_2162_cov_15.944945	2162	81247	37.58	7	132
NODE_30488_length_2149_cov_17.764088	2149	134931	62.79	10	663
NODE_30492_length_2149_cov_6.366285	2149	18167	8.45	1	18
NODE_30507_length_2148_cov_24.267081	2148	61210	28.50	8	43
NODE_31323_length_2095_cov_6.422059	2095	32579	15.55	1	49
NODE_31595_length_2080_cov_18.659753	2080	43898	21.10	10	35
NODE_31857_length_2064_cov_38.503733	2064	133657	64.76	25	343
NODE_31888_length_2062_cov_14.598904	2062	61837	29.99	7	45
NODE_31911_length_2061_cov_46.433200	2061	105829	51.35	28	70
NODE_32126_length_2050_cov_4.468672	2050	16304	7.95	1	51
NODE_32223_length_2046_cov_2.784530	2046	6380	3.12	1	7
NODE_32254_length_2044_cov_3.486677	2044	9494	4.64	1	25
NODE_33075_length_1996_cov_6.540958	1996	15597	7.81	1	16
NODE_33179_length_1990_cov_20.149871	1990	286460	143.95	14	316
NODE_33502_length_1972_cov_4.603026	1972	11701	5.93	1	27
NODE_34116_length_1939_cov_35.770701	1939	84825	43.75	12	86
NODE_34161_length_1936_cov_13.251994	1936	122057	63.05	9	594
NODE_34779_length_1908_cov_12.360496	1908	66358	34.78	13	49
NODE_34780_length_1908_cov_10.499191	1908	57325	30.04	2	117
NODE_34890_length_1902_cov_22.545208	1902	332720	174.93	9	298
NODE_35712_length_1862_cov_6.278915	1862	95607	51.35	1	387
NODE_35788_length_1858_cov_4.036606	1858	9931	5.34	1	14
NODE_35962_length_1849_cov_28.712932	1849	63876	34.55	19	69
NODE_36150_length_1840_cov_18.194398	1840	200349	108.89	13	440
NODE_36325_length_1833_cov_3.817210	1833	7531	4.11	0	9
NODE_36414_length_1829_cov_21.940248	1829	47979	26.23	14	69
NODE_36816_length_1812_cov_27.346044	1812	71022	39.20	14	55
NODE_36895_length_1809_cov_3.866591	1809	7014	3.88	1	8
NODE_36976_length_1805_cov_22.849143	1805	1069405	592.47	29	2265
NODE_37064_length_1802_cov_2.946766	1802	6940	3.85	1	18
NODE_37140_length_1798_cov_5.205393	1798	12456	6.93	0	24
NODE_37163_length_1797_cov_12.393226	1797	46093	25.65	8	114
NODE_37554_length_1781_cov_4.612978	1781	11913	6.69	1	13
NODE_37719_length_1774_cov_3.079697	1774	100352	56.57	1	248
NODE_37729_length_1773_cov_14.286380	1773	68668	38.73	13	60
NODE_37803_length_1770_cov_18.957434	1770	549604	310.51	5	1092
NODE_37808_length_1770_cov_7.709038	1770	23036	13.01	4	31
NODE_37919_length_1766_cov_5.744009	1766	70592	39.97	1	456
NODE_38435_length_1745_cov_6.075740	1745	13560	7.77	1	15
NODE_38720_length_1734_cov_2.867183	1734	5567	3.21	1	8
NODE_39051_length_1720_cov_10.909309	1720	62120	36.12	11	68
NODE_39384_length_1708_cov_3.014519	1708	6600	3.86	1	9
NODE_39422_length_1706_cov_3.951545	1706	16942	9.93	1	73
NODE_39713_length_1695_cov_12.802439	1695	29600	17.46	9	60
NODE_39826_length_1690_cov_12.855657	1690	76503	45.27	6	399
NODE_40072_length_1681_cov_16.440959	1681	296347	176.29	0	689
NODE_40234_length_1676_cov_3.537323	1676	6525	3.89	0	34
NODE_40243_length_1676_cov_2.838988	1676	6208	3.70	1	14
NODE_40495_length_1665_cov_13.224845	1665	47782	28.70	13	56
NODE_40681_length_1658_cov_11.760449	1658	128811	77.69	7	691
NODE_41688_length_1624_cov_2.794774	1624	6011	3.70	1	7
NODE_41789_length_1620_cov_3.145687	1620	10542	6.51	1	13
NODE_42049_length_1610_cov_3.938907	1610	8133	5.05	1	16
NODE_42162_length_1606_cov_37.742747	1606	332735	207.18	17	1617
NODE_42329_length_1601_cov_11.668823	1601	59570	37.21	8	60
NODE_42413_length_1599_cov_2.328368	1599	5299	3.31	1	6
NODE_42955_length_1579_cov_10.682415	1579	54308	34.39	7	125
NODE_43168_length_1572_cov_5.842452	1572	12979	8.26	1	15
NODE_43798_length_1553_cov_3.954606	1553	9848	6.34	2	22
NODE_44178_length_1541_cov_20.851279	1541	218827	142.00	5	435
NODE_44406_length_1534_cov_12.084517	1534	35121	22.90	4	42
NODE_44532_length_1530_cov_12.741695	1530	47436	31.00	3	53
NODE_44713_length_1525_cov_4.653061	1525	28282	18.55	1	257
NODE_44821_length_1522_cov_10.201091	1522	91870	60.36	7	286
NODE_45052_length_1516_cov_4.064339	1516	10398	6.86	1	13
NODE_45137_length_1514_cov_3.103496	1514	15012	9.92	1	131
NODE_45184_length_1512_cov_5.752917	1512	13306	8.80	2	14
NODE_45239_length_1510_cov_5.685223	1510	13893	9.20	1	16
NODE_45445_length_1504_cov_4.758454	1504	14579	9.69	1	41
NODE_45689_length_1497_cov_4.561720	1497	9014	6.02	1	19
NODE_46262_length_1481_cov_19.723703	1481	255917	172.80	15	274
NODE_46471_length_1476_cov_4.475018	1476	8272	5.60	0	12
NODE_46815_length_1466_cov_13.447201	1466	41830	28.53	7	48
NODE_46849_length_1465_cov_11.841844	1465	46390	31.67	14	48
NODE_47516_length_1445_cov_6.570504	1445	54540	37.74	1	360
NODE_48333_length_1423_cov_3.070906	1423	4818	3.39	1	6
NODE_48766_length_1411_cov_13.159292	1411	114402	81.08	5	376
NODE_48983_length_1406_cov_5.684678	1406	12423	8.84	1	20
NODE_49391_length_1395_cov_12.382836	1395	361793	259.35	10	339
NODE_49464_length_1394_cov_2.679612	1394	4230	3.03	1	5
NODE_49624_length_1390_cov_13.522846	1390	23055	16.59	4	59
NODE_49977_length_1382_cov_2.782216	1382	18504	13.39	0	81
NODE_49990_length_1382_cov_1.889977	1382	3769	2.73	0	5
NODE_50040_length_1380_cov_30.737358	1380	50277	36.43	21	65
NODE_50194_length_1376_cov_11.379258	1376	46176	33.56	1	161
NODE_50436_length_1370_cov_9.361217	1370	66224	48.34	4	536
NODE_50799_length_1361_cov_5.864472	1361	8366	6.15	1	12
NODE_50807_length_1361_cov_4.362175	1361	7351	5.40	0	13
NODE_50880_length_1359_cov_4.068252	1359	5100	3.75	1	9
NODE_50901_length_1359_cov_2.279908	1359	6543	4.81	1	16
NODE_51882_length_1336_cov_3.177986	1336	15575	11.66	1	29
NODE_52118_length_1330_cov_4.529412	1330	5813	4.37	1	11
NODE_52380_length_1324_cov_4.016548	1324	23249	17.56	1	129
NODE_52730_length_1316_cov_4.203807	1316	8897	6.76	1	40
NODE_53776_length_1294_cov_8.312349	1294	12759	9.86	2	18
NODE_53822_length_1293_cov_3.719709	1293	10332	7.99	1	17
NODE_54073_length_1287_cov_11.564123	1287	161539	125.52	7	600
NODE_54377_length_1281_cov_14.310767	1281	1190914	929.68	0	1263
NODE_54648_length_1275_cov_7.541803	1275	11138	8.74	2	14
NODE_55172_length_1265_cov_2.171901	1265	4555	3.60	1	7
NODE_55321_length_1261_cov_7.998342	1261	172029	136.42	2	547
NODE_55644_length_1254_cov_21.374479	1254	162945	129.94	8	805
NODE_56031_length_1246_cov_20.112510	1246	215051	172.59	17	264
NODE_56235_length_1242_cov_6.769166	1242	284574	229.13	6	303
NODE_56447_length_1238_cov_15.914624	1238	787430	636.05	25	782
NODE_57188_length_1224_cov_3.039350	1224	3968	3.24	1	6
NODE_57257_length_1223_cov_2.779966	1223	3633	2.97	1	8
NODE_57778_length_1213_cov_4.623489	1213	9860	8.13	1	20
NODE_58048_length_1208_cov_13.723330	1208	116432	96.38	3	260
NODE_58366_length_1202_cov_6.401918	1202	125117	104.09	1	288
NODE_58471_length_1200_cov_4.219214	1200	4973	4.14	1	8
NODE_58794_length_1194_cov_4.669008	1194	110812	92.81	1	463
NODE_59147_length_1188_cov_2.511915	1188	4151	3.49	1	7
NODE_59406_length_1183_cov_4.137411	1183	13980	11.82	2	26
NODE_59607_length_1180_cov_2.496889	1180	2913	2.47	1	5
NODE_59796_length_1176_cov_4.826048	1176	6433	5.47	0	9
NODE_60004_length_1173_cov_2.703936	1173	3238	2.76	0	21
NODE_60094_length_1171_cov_14.157706	1171	394424	336.83	14	546
NODE_60150_length_1170_cov_7.734529	1170	127081	108.62	7	349
NODE_61433_length_1148_cov_2.690759	1148	3312	2.89	1	6
NODE_61458_length_1147_cov_9.112637	1147	8706	7.59	1	13
NODE_61707_length_1143_cov_6.307904	1143	187001	163.61	6	371
NODE_62017_length_1138_cov_5.445983	1138	16474	14.48	0	194
NODE_62060_length_1137_cov_26.236599	1137	37440	32.93	8	49
NODE_62438_length_1131_cov_3.357807	1131	7976	7.05	1	24
NODE_62582_length_1128_cov_22.147251	1128	26391	23.40	5	32
NODE_62736_length_1126_cov_2.451914	1126	4062	3.61	1	8
NODE_62826_length_1124_cov_19.775491	1124	224303	199.56	15	935
NODE_63152_length_1119_cov_6.264098	1119	263632	235.60	1	613
NODE_63384_length_1116_cov_2.454288	1116	3307	2.96	1	7
NODE_63400_length_1115_cov_16.966981	1115	35933	32.23	8	380
NODE_63804_length_1108_cov_34.935423	1108	43340	39.12	14	68
NODE_63822_length_1108_cov_3.992403	1108	808746	729.92	1	2612
NODE_64087_length_1104_cov_1.601525	1104	190129	172.22	0	653
NODE_64088_length_1103_cov_26.420802	1103	182560	165.51	27	262
NODE_64518_length_1096_cov_22.668588	1096	59365	54.17	15	114
NODE_64579_length_1095_cov_28.776923	1095	35749	32.65	9	46
NODE_64800_length_1092_cov_3.481196	1092	8378	7.67	1	30
NODE_65313_length_1084_cov_2.899903	1084	5527	5.10	1	14
NODE_65548_length_1080_cov_4.587317	1080	7945	7.36	3	12
NODE_66151_length_1070_cov_18.187192	1070	28048	26.21	14	62
NODE_66591_length_1064_cov_10.346878	1064	163226	153.41	9	417
NODE_66969_length_1059_cov_5.786853	1059	10641	10.05	1	23
NODE_67079_length_1058_cov_2.557328	1058	2164	2.05	0	4
NODE_67113_length_1057_cov_16.071856	1057	176181	166.68	15	455
NODE_67824_length_1047_cov_21.885081	1047	161235	154.00	8	405
NODE_68358_length_1040_cov_6.871066	1040	171046	164.47	10	377
NODE_68421_length_1039_cov_22.927846	1039	26835	25.83	6	35
NODE_68445_length_1039_cov_3.693089	1039	10297	9.91	1	17
NODE_68527_length_1038_cov_3.707019	1038	4231	4.08	1	7
NODE_68911_length_1033_cov_1.967280	1033	2885	2.79	0	7
NODE_69735_length_1021_cov_2003.357143	1021	2046060	2003.98	1091	2461
NODE_69798_length_1021_cov_2.144928	1021	2751	2.69	1	6
NODE_69970_length_1018_cov_3.865005	1018	6033	5.93	1	13
NODE_70077_length_1017_cov_2.939709	1017	24486	24.08	1	211
NODE_70109_length_1017_cov_2.155925	1017	3035	2.98	1	7
NODE_71309_length_1001_cov_3.082452	1001	5694	5.69	2	19
NODE_18_length_240776_cov_18.475563	240776	10401500	43.20	0	420
NODE_52_length_167528_cov_17.604318	167528	3479745	20.77	3	199
NODE_132_length_122559_cov_19.193316	122559	3431522	28.00	0	414
NODE_346_length_81355_cov_17.155301	81355	2227173	27.38	3	1976
NODE_383_length_77687_cov_19.135833	77687	1688379	21.73	1	116
NODE_412_length_75004_cov_17.383354	75004	1477938	19.70	3	238
NODE_512_length_67184_cov_18.979115	67184	2411806	35.90	4	269
NODE_561_length_64657_cov_18.422201	64657	1395659	21.59	5	145
NODE_586_length_63358_cov_18.316431	63358	1305609	20.61	4	49
NODE_607_length_61979_cov_17.651654	61979	1262024	20.36	0	58
NODE_646_length_60402_cov_18.495352	60402	1810734	29.98	2	389
NODE_648_length_60299_cov_16.959730	60299	1183697	19.63	5	66
NODE_690_length_58216_cov_19.205842	58216	1305415	22.42	0	393
NODE_783_length_54252_cov_18.591546	54252	1153825	21.27	8	59
NODE_831_length_51842_cov_18.849924	51842	1116967	21.55	6	119
NODE_933_length_48268_cov_18.546906	48268	1902821	39.42	1	1522
NODE_982_length_46956_cov_18.606789	46956	993465	21.16	5	38
NODE_985_length_46941_cov_18.116623	46941	1009228	21.50	6	140
NODE_1269_length_39635_cov_17.588984	39635	841975	21.24	6	147
NODE_1278_length_39481_cov_18.687922	39481	835574	21.16	6	57
NODE_1415_length_36708_cov_19.516738	36708	840845	22.91	8	114
NODE_1490_length_35137_cov_18.393336	35137	1318110	37.51	6	189
NODE_1602_length_33741_cov_20.557502	33741	861126	25.52	7	119
NODE_1669_length_33097_cov_18.844622	33097	699784	21.14	2	57
NODE_1910_length_29978_cov_17.822678	29978	631456	21.06	7	121
NODE_2006_length_28843_cov_22.060511	28843	754108	26.15	3	316
NODE_2048_length_28417_cov_17.791058	28417	607613	21.38	6	113
NODE_2102_length_27991_cov_18.793492	27991	685789	24.50	0	150
NODE_2199_length_27110_cov_17.953280	27110	987457	36.42	4	1583
NODE_2255_length_26630_cov_19.273565	26630	603101	22.65	9	138
NODE_2346_length_25785_cov_17.569957	25785	524754	20.35	7	43
NODE_2378_length_25555_cov_18.642706	25555	549952	21.52	7	87
NODE_2568_length_24129_cov_18.636787	24129	511588	21.20	3	43
NODE_2590_length_23990_cov_18.328097	23990	503355	20.98	0	68
NODE_2613_length_23872_cov_20.621699	23872	580303	24.31	8	150
NODE_2691_length_23347_cov_18.493603	23347	486633	20.84	7	59
NODE_2817_length_22682_cov_18.504530	22682	485222	21.39	8	44
NODE_3007_length_21542_cov_18.347885	21542	460866	21.39	9	46
NODE_3257_length_19995_cov_17.462839	19995	409284	20.47	2	110
NODE_3270_length_19920_cov_17.859351	19920	411275	20.65	7	45
NODE_3344_length_19589_cov_18.716546	19589	419922	21.44	7	38
NODE_3407_length_19317_cov_18.912522	19317	406065	21.02	7	60
NODE_3861_length_17465_cov_18.672028	17465	380369	21.78	9	77
NODE_3907_length_17279_cov_19.555852	17279	384517	22.25	8	214
NODE_3954_length_17107_cov_18.008855	17107	433593	25.35	0	220
NODE_4435_length_15489_cov_18.106712	15489	321110	20.73	4	40
NODE_4454_length_15432_cov_17.659882	15432	315844	20.47	1	40
NODE_4509_length_15292_cov_17.664370	15292	307439	20.10	6	72
NODE_4589_length_15118_cov_19.192724	15118	333383	22.05	7	40
NODE_4866_length_14302_cov_18.758054	14302	305820	21.38	7	77
NODE_4884_length_14254_cov_20.515529	14254	336189	23.59	5	85
NODE_5009_length_13946_cov_19.065510	13946	303419	21.76	8	55
NODE_5209_length_13488_cov_18.289734	13488	390632	28.96	8	291
NODE_5440_length_12939_cov_20.155542	12939	299733	23.17	11	38
NODE_5770_length_12291_cov_17.317587	12291	415234	33.78	3	256
NODE_5784_length_12270_cov_19.334343	12270	286810	23.37	7	175
NODE_5904_length_12017_cov_19.710166	12017	265036	22.06	7	67
NODE_5911_length_12006_cov_23.711405	12006	372722	31.04	9	159
NODE_5918_length_11997_cov_18.557696	11997	244226	20.36	5	38
NODE_6305_length_11250_cov_20.926485	11250	267210	23.75	5	61
NODE_6531_length_10853_cov_20.578626	10853	248999	22.94	11	37
NODE_6574_length_10776_cov_18.073874	10776	247781	22.99	8	291
NODE_6593_length_10750_cov_19.379804	10750	254232	23.65	11	200
NODE_6770_length_10475_cov_7.566315	10475	182486	17.42	2	180
NODE_6853_length_10350_cov_18.652744	10350	221261	21.38	4	58
NODE_6947_length_10191_cov_17.468331	10191	206213	20.23	9	106
NODE_7015_length_10089_cov_18.382300	10089	211745	20.99	11	58
NODE_7267_length_9726_cov_21.653604	9726	212429	21.84	0	44
NODE_7316_length_9667_cov_18.426966	9667	205878	21.30	9	92
NODE_7637_length_9220_cov_19.192144	9220	198584	21.54	4	36
NODE_7722_length_9101_cov_20.535485	9101	200273	22.01	5	69
NODE_8000_length_8765_cov_18.890011	8765	188512	21.51	5	61
NODE_8267_length_8447_cov_18.615705	8447	179869	21.29	4	40
NODE_8681_length_7975_cov_17.124369	7975	156014	19.56	8	35
NODE_8700_length_7960_cov_22.478305	7960	205946	25.87	9	120
NODE_8721_length_7936_cov_19.053547	7936	176503	22.24	11	41
NODE_9225_length_7439_cov_18.537514	7439	227765	30.62	7	151
NODE_9270_length_7397_cov_18.670526	7397	168474	22.78	5	115
NODE_9578_length_7110_cov_19.110135	7110	278411	39.16	10	360
NODE_9588_length_7105_cov_18.794326	7105	153740	21.64	4	40
NODE_9639_length_7061_cov_18.589637	7061	149602	21.19	4	41
NODE_9649_length_7056_cov_20.302671	7056	391325	55.46	5	379
NODE_10068_length_6725_cov_19.207946	6725	151259	22.49	11	38
NODE_11190_length_5957_cov_24.518977	5957	303297	50.91	12	562
NODE_11622_length_5686_cov_16.889895	5686	109840	19.32	1	34
NODE_11665_length_5665_cov_18.922282	5665	121244	21.40	6	42
NODE_12128_length_5414_cov_20.626423	5414	331702	61.27	13	287
NODE_12367_length_5282_cov_17.268223	5282	102250	19.36	1	34
NODE_12709_length_5133_cov_17.552777	5133	115583	22.52	3	81
NODE_12953_length_5026_cov_16.698250	5026	108108	21.51	4	126
NODE_13038_length_4990_cov_15.139210	4990	86144	17.26	7	30
NODE_13997_length_4600_cov_19.476568	4600	141317	30.72	10	220
NODE_15006_length_4246_cov_20.862563	4246	104671	24.65	8	55
NODE_16755_length_3778_cov_18.946548	3778	124024	32.83	8	329
NODE_17246_length_3673_cov_17.212548	3673	76506	20.83	9	91
NODE_18170_length_3480_cov_18.369635	3480	85452	24.56	10	100
NODE_18748_length_3371_cov_24.385706	3371	91012	27.00	9	45
NODE_21325_length_2982_cov_17.657328	2982	63405	21.26	10	38
NODE_21689_length_2936_cov_16.253384	2936	50786	17.30	7	39
NODE_22333_length_2863_cov_34.764957	2863	111458	38.93	14	51
NODE_26442_length_2447_cov_18.386706	2447	60770	24.83	2	53
NODE_27777_length_2337_cov_17.373357	2337	46420	19.86	5	41
NODE_31000_length_2116_cov_16.426492	2116	40888	19.32	11	27
NODE_31433_length_2088_cov_18.568126	2088	79921	38.28	5	86
NODE_32011_length_2056_cov_17.185407	2056	49760	24.20	10	53
NODE_34885_length_1903_cov_2.939394	1903	6009	3.16	0	6
NODE_34914_length_1901_cov_17.249729	1901	42043	22.12	10	65
NODE_37836_length_1769_cov_7.252625	1769	27160	15.35	1	114
NODE_38224_length_1754_cov_8.080047	1754	16700	9.52	2	17
NODE_39369_length_1708_cov_4.220811	1708	8664	5.07	1	10
NODE_43130_length_1573_cov_16.440053	1573	27891	17.73	11	24
NODE_44820_length_1522_cov_26.273347	1522	53504	35.15	5	116
NODE_45209_length_1511_cov_21.960165	1511	39531	26.16	13	147
NODE_45522_length_1502_cov_3.365584	1502	6169	4.11	1	8
NODE_45547_length_1501_cov_3.772476	1501	4578	3.05	0	12
NODE_48020_length_1431_cov_17.183866	1431	40652	28.41	12	152
NODE_48681_length_1413_cov_16.588365	1413	53141	37.61	13	237
NODE_50783_length_1362_cov_2.584545	1362	4544	3.34	1	9
NODE_50948_length_1357_cov_19.017665	1357	28741	21.18	5	31
NODE_53204_length_1307_cov_2.727636	1307	8439	6.46	1	74
NODE_55021_length_1267_cov_17.782178	1267	29197	23.04	9	41
NODE_56960_length_1228_cov_8.844842	1228	41038	33.42	6	74
NODE_67108_length_1058_cov_1.323031	1058	2135	2.02	1	3
NODE_67823_length_1047_cov_29.240927	1047	61023	58.28	15	105
NODE_69410_length_1026_cov_2.630278	1026	8774	8.55	1	63
NODE_1505_length_34899_cov_10.807714	34899	451326	12.93	1	79
NODE_4482_length_15364_cov_4.291593	15364	81089	5.28	0	14
NODE_4601_length_15072_cov_10.684405	15072	182434	12.10	3	30
NODE_5168_length_13579_cov_4.323943	13579	65721	4.84	1	20
NODE_5685_length_12482_cov_4.285990	12482	62713	5.02	0	14
NODE_6250_length_11363_cov_3.834984	11363	50835	4.47	0	20
NODE_6457_length_10988_cov_5.127778	10988	60445	5.50	1	15
NODE_6616_length_10715_cov_4.137242	10715	49334	4.60	1	10
NODE_6638_length_10690_cov_3.979502	10690	47292	4.42	0	15
NODE_6666_length_10652_cov_4.129471	10652	49475	4.64	1	16
NODE_6771_length_10475_cov_4.776104	10475	57427	5.48	1	17
NODE_7028_length_10068_cov_4.404774	10068	48735	4.84	1	12
NODE_7049_length_10031_cov_3.942462	10031	42575	4.24	1	17
NODE_7112_length_9940_cov_4.689226	9940	51582	5.19	1	15
NODE_7137_length_9916_cov_4.471656	9916	47201	4.76	0	29
NODE_7247_length_9758_cov_4.817376	9758	49483	5.07	1	13
NODE_7441_length_9501_cov_4.017468	9501	43893	4.62	0	18
NODE_7443_length_9500_cov_5.195024	9500	58345	6.14	1	18
NODE_7537_length_9348_cov_3.664909	9348	40972	4.38	0	12
NODE_7546_length_9334_cov_4.881345	9334	50666	5.43	0	12
NODE_7663_length_9188_cov_4.420453	9188	43863	4.77	1	14
NODE_7766_length_9061_cov_3.755052	9061	42884	4.73	0	34
NODE_7910_length_8874_cov_4.417394	8874	45112	5.08	1	14
NODE_7965_length_8807_cov_5.019995	8807	47736	5.42	1	26
NODE_8235_length_8482_cov_4.010443	8482	40586	4.78	1	16
NODE_8281_length_8437_cov_4.597829	8437	42009	4.98	1	19
NODE_8310_length_8402_cov_4.162813	8402	39032	4.65	0	10
NODE_8325_length_8386_cov_3.788981	8386	36144	4.31	1	11
NODE_8382_length_8318_cov_4.252451	8318	39076	4.70	1	15
NODE_8396_length_8304_cov_4.089465	8304	37498	4.52	1	13
NODE_8407_length_8291_cov_4.225109	8291	56185	6.78	0	430
NODE_8409_length_8290_cov_4.756527	8290	43936	5.30	0	18
NODE_8432_length_8263_cov_4.379630	8263	40301	4.88	0	13
NODE_8523_length_8153_cov_3.475179	8153	32559	3.99	0	9
NODE_8563_length_8118_cov_4.509612	8118	46459	5.72	0	39
NODE_8592_length_8081_cov_4.229629	8081	37083	4.59	0	46
NODE_8593_length_8077_cov_5.759910	8077	53121	6.58	1	36
NODE_8629_length_8036_cov_4.632878	8036	41628	5.18	1	12
NODE_8749_length_7909_cov_4.219124	7909	37932	4.80	1	12
NODE_8854_length_7792_cov_3.880574	7792	34097	4.38	0	17
NODE_8933_length_7716_cov_3.919462	7716	35360	4.58	1	17
NODE_8973_length_7670_cov_4.755877	7670	40341	5.26	1	18
NODE_8974_length_7670_cov_4.569534	7670	38648	5.04	0	15
NODE_8981_length_7663_cov_4.226866	7663	37292	4.87	0	24
NODE_9018_length_7625_cov_4.137517	7625	32501	4.26	0	13
NODE_9043_length_7600_cov_4.091849	7600	38996	5.13	0	21
NODE_9129_length_7522_cov_3.768180	7522	36557	4.86	0	35
NODE_9134_length_7517_cov_4.448137	7517	37956	5.05	0	12
NODE_9166_length_7487_cov_5.119752	7487	42341	5.66	1	24
NODE_9179_length_7475_cov_3.134097	7475	31093	4.16	1	14
NODE_9196_length_7459_cov_4.545111	7459	36964	4.96	0	11
NODE_9214_length_7446_cov_5.344608	7446	40120	5.39	1	15
NODE_9324_length_7344_cov_4.016326	7344	35367	4.82	1	14
NODE_9325_length_7343_cov_4.087267	7343	37679	5.13	1	20
NODE_9346_length_7323_cov_4.357045	7323	40497	5.53	0	22
NODE_9352_length_7314_cov_5.070671	7314	41839	5.72	1	19
NODE_9398_length_7283_cov_4.360266	7283	38805	5.33	1	16
NODE_9411_length_7272_cov_4.437301	7272	36277	4.99	1	11
NODE_9486_length_7195_cov_3.989356	7195	36052	5.01	0	19
NODE_9498_length_7181_cov_4.883244	7181	43052	6.00	0	28
NODE_9587_length_7106_cov_4.372713	7106	36787	5.18	0	12
NODE_9606_length_7090_cov_4.037527	7090	35507	5.01	1	25
NODE_9625_length_7074_cov_4.263855	7074	33258	4.70	1	10
NODE_9644_length_7060_cov_4.104925	7060	34436	4.88	0	15
NODE_9666_length_7046_cov_4.154770	7046	33410	4.74	1	11
NODE_9814_length_6921_cov_4.064375	6921	31071	4.49	0	10
NODE_9851_length_6896_cov_4.981289	6896	35405	5.13	1	14
NODE_9878_length_6877_cov_3.755790	6877	28489	4.14	0	19
NODE_9891_length_6863_cov_4.364718	6863	30857	4.50	0	10
NODE_9925_length_6840_cov_5.032867	6840	41649	6.09	1	23
NODE_10021_length_6764_cov_4.499776	6764	35182	5.20	1	12
NODE_10095_length_6710_cov_3.917806	6710	30677	4.57	0	39
NODE_10152_length_6678_cov_4.369621	6678	32670	4.89	1	14
NODE_10158_length_6673_cov_4.291931	6673	31907	4.78	1	13
NODE_10184_length_6653_cov_4.634889	6653	36009	5.41	0	78
NODE_10192_length_6648_cov_4.917943	6648	34785	5.23	1	15
NODE_10428_length_6475_cov_4.609346	6475	31956	4.94	1	16
NODE_10507_length_6433_cov_4.795390	6433	34151	5.31	0	15
NODE_10519_length_6423_cov_3.841709	6423	37909	5.90	1	81
NODE_10522_length_6422_cov_3.876394	6422	28901	4.50	1	20
NODE_10679_length_6307_cov_4.533269	6307	32299	5.12	0	13
NODE_10712_length_6285_cov_4.054575	6285	28406	4.52	1	11
NODE_10747_length_6256_cov_4.897113	6256	32540	5.20	1	11
NODE_10759_length_6250_cov_4.292978	6250	51364	8.22	1	51
NODE_10766_length_6244_cov_4.868315	6244	33871	5.42	0	29
NODE_10778_length_6237_cov_4.708994	6237	32506	5.21	1	27
NODE_10819_length_6204_cov_4.621402	6204	81368	13.12	0	35
NODE_10922_length_6125_cov_5.062932	6125	34942	5.70	0	18
NODE_10929_length_6120_cov_4.155153	6120	28689	4.69	1	13
NODE_10953_length_6104_cov_4.463713	6104	31632	5.18	1	18
NODE_11002_length_6073_cov_4.423230	6073	29228	4.81	1	20
NODE_11053_length_6042_cov_4.648071	6042	31439	5.20	1	10
NODE_11086_length_6018_cov_4.889317	6018	35970	5.98	1	14
NODE_11129_length_5994_cov_4.396026	5994	30993	5.17	1	13
NODE_11227_length_5929_cov_3.467143	5929	27557	4.65	0	18
NODE_11251_length_5915_cov_4.571160	5915	32515	5.50	0	13
NODE_11301_length_5885_cov_4.347170	5885	28854	4.90	1	28
NODE_11336_length_5860_cov_5.507838	5860	32722	5.58	1	20
NODE_11349_length_5853_cov_4.625905	5853	28368	4.85	1	21
NODE_11358_length_5846_cov_4.611639	5846	29418	5.03	0	12
NODE_11373_length_5836_cov_3.867670	5836	25546	4.38	1	12
NODE_11424_length_5802_cov_4.572125	5802	30285	5.22	0	11
NODE_11446_length_5788_cov_4.366126	5788	28854	4.99	1	23
NODE_11452_length_5786_cov_6.798639	5786	59418	10.27	1	42
NODE_11466_length_5778_cov_4.172811	5778	25775	4.46	1	10
NODE_11469_length_5776_cov_4.915924	5776	30431	5.27	1	19
NODE_11504_length_5758_cov_4.754866	5758	27956	4.86	1	13
NODE_11555_length_5724_cov_4.371318	5724	31884	5.57	0	32
NODE_11576_length_5714_cov_5.534370	5714	34932	6.11	1	14
NODE_11583_length_5709_cov_4.497524	5709	26889	4.71	0	11
NODE_11624_length_5685_cov_3.593428	5685	22567	3.97	1	10
NODE_11653_length_5673_cov_3.876290	5673	25718	4.53	0	11
NODE_11673_length_5661_cov_4.089904	5661	27625	4.88	1	27
NODE_11713_length_5638_cov_3.622604	5638	23823	4.23	1	9
NODE_11745_length_5619_cov_3.867721	5619	25350	4.51	1	20
NODE_11753_length_5614_cov_3.981112	5614	27326	4.87	1	14
NODE_11819_length_5578_cov_4.249321	5578	26041	4.67	1	11
NODE_12006_length_5476_cov_3.597676	5476	23824	4.35	0	13
NODE_12013_length_5473_cov_4.100037	5473	24292	4.44	1	15
NODE_12024_length_5467_cov_3.584442	5467	21951	4.02	0	10
NODE_12059_length_5450_cov_4.515663	5450	26535	4.87	1	10
NODE_12063_length_5449_cov_4.290508	5449	26891	4.94	0	19
NODE_12067_length_5447_cov_3.826224	5447	25361	4.66	1	19
NODE_12081_length_5442_cov_4.410247	5442	27247	5.01	1	11
NODE_12099_length_5432_cov_4.742979	5432	25625	4.72	0	13
NODE_12101_length_5432_cov_4.084806	5432	25266	4.65	1	11
NODE_12114_length_5425_cov_4.296462	5425	26252	4.84	0	22
NODE_12148_length_5406_cov_4.362175	5406	29314	5.42	1	12
NODE_12224_length_5361_cov_5.589144	5361	30008	5.60	1	13
NODE_12315_length_5309_cov_4.587172	5309	27119	5.11	1	20
NODE_12316_length_5309_cov_3.845261	5309	21932	4.13	0	9
NODE_12336_length_5300_cov_3.742803	5300	23949	4.52	1	12
NODE_12360_length_5289_cov_3.693542	5289	23547	4.45	1	10
NODE_12441_length_5249_cov_4.184444	5249	24283	4.63	1	10
NODE_12513_length_5210_cov_4.062076	5210	25408	4.88	1	10
NODE_12522_length_5207_cov_4.552213	5207	24963	4.79	1	28
NODE_12541_length_5200_cov_3.973761	5200	54701	10.52	1	56
NODE_12544_length_5199_cov_4.429238	5199	26861	5.17	1	10
NODE_12573_length_5188_cov_4.932398	5188	26599	5.13	1	11
NODE_12615_length_5168_cov_4.241932	5168	23526	4.55	1	13
NODE_12621_length_5167_cov_3.964984	5167	27281	5.28	1	55
NODE_12627_length_5165_cov_3.981213	5165	24943	4.83	1	10
NODE_12636_length_5161_cov_4.691344	5161	25255	4.89	1	11
NODE_12648_length_5155_cov_4.433922	5155	25046	4.86	0	31
NODE_12673_length_5147_cov_4.552632	5147	26065	5.06	1	13
NODE_12683_length_5142_cov_4.511893	5142	24543	4.77	1	12
NODE_12746_length_5122_cov_4.130452	5122	26695	5.21	1	14
NODE_12757_length_5116_cov_4.904169	5116	26848	5.25	1	12
NODE_12775_length_5108_cov_4.050663	5108	23544	4.61	1	17
NODE_12786_length_5104_cov_4.741137	5104	25399	4.98	1	11
NODE_12787_length_5104_cov_4.498713	5104	25815	5.06	1	12
NODE_12836_length_5081_cov_4.786709	5081	29269	5.76	1	12
NODE_12854_length_5071_cov_4.301236	5071	23267	4.59	0	9
NODE_12858_length_5070_cov_3.359521	5070	22032	4.35	1	21
NODE_12909_length_5046_cov_4.829092	5046	30037	5.95	1	45
NODE_12937_length_5033_cov_4.222178	5033	24116	4.79	1	11
NODE_12938_length_5032_cov_4.863572	5032	29316	5.83	1	16
NODE_12939_length_5032_cov_4.435001	5032	22549	4.48	1	12
NODE_12949_length_5029_cov_4.560515	5029	27059	5.38	0	17
NODE_12961_length_5023_cov_5.934984	5023	33029	6.58	1	17
NODE_12974_length_5019_cov_3.613215	5019	23464	4.68	1	23
NODE_13006_length_5005_cov_4.626869	5005	24776	4.95	0	13
NODE_13015_length_5000_cov_4.505359	5000	23263	4.65	1	24
NODE_13030_length_4993_cov_4.959903	4993	26549	5.32	1	13
NODE_13043_length_4988_cov_3.247922	4988	21131	4.24	1	23
NODE_13085_length_4969_cov_4.383598	4969	26484	5.33	0	15
NODE_13091_length_4967_cov_3.417142	4967	18835	3.79	0	15
NODE_13115_length_4958_cov_4.508668	4958	26907	5.43	0	13
NODE_13146_length_4943_cov_4.492226	4943	28999	5.87	1	32
NODE_13174_length_4933_cov_4.042230	4933	22577	4.58	1	11
NODE_13184_length_4931_cov_4.417555	4931	26785	5.43	1	11
NODE_13205_length_4922_cov_4.277584	4922	24773	5.03	0	11
NODE_13223_length_4916_cov_3.919564	4916	22931	4.66	1	12
NODE_13247_length_4907_cov_3.604493	4907	23236	4.74	1	50
NODE_13260_length_4900_cov_4.411558	4900	24734	5.05	1	13
NODE_13265_length_4896_cov_4.703161	4896	24164	4.94	1	11
NODE_13338_length_4870_cov_4.511526	4870	23707	4.87	1	22
NODE_13346_length_4868_cov_3.743611	4868	20623	4.24	1	10
NODE_13354_length_4865_cov_4.636175	4865	23587	4.85	1	15
NODE_13361_length_4861_cov_3.951935	4861	22984	4.73	1	10
NODE_13485_length_4802_cov_4.071414	4802	24543	5.11	1	16
NODE_13502_length_4797_cov_3.942218	4797	22592	4.71	1	10
NODE_13510_length_4792_cov_4.122440	4792	21670	4.52	1	29
NODE_13550_length_4777_cov_3.976917	4777	20736	4.34	1	14
NODE_13613_length_4752_cov_4.683841	4752	24033	5.06	1	27
NODE_13621_length_4748_cov_4.290859	4748	27136	5.72	1	20
NODE_13639_length_4742_cov_4.924259	4742	26343	5.56	1	26
NODE_13658_length_4734_cov_3.575764	4734	18670	3.94	1	12
NODE_13673_length_4728_cov_4.260646	4728	21898	4.63	0	13
NODE_13705_length_4711_cov_3.664304	4711	20790	4.41	1	27
NODE_13726_length_4703_cov_4.690404	4703	22497	4.78	1	11
NODE_13749_length_4694_cov_4.219444	4694	22230	4.74	1	9
NODE_13755_length_4692_cov_3.862627	4692	19790	4.22	1	21
NODE_13773_length_4686_cov_3.986396	4686	22813	4.87	1	11
NODE_13811_length_4673_cov_3.564097	4673	18931	4.05	0	9
NODE_13899_length_4639_cov_4.930410	4639	25173	5.43	1	19
NODE_13948_length_4619_cov_4.278922	4619	24316	5.26	1	14
NODE_13993_length_4602_cov_4.531779	4602	27383	5.95	1	29
NODE_14021_length_4590_cov_4.668798	4590	20127	4.38	0	8
NODE_14069_length_4573_cov_3.733732	4573	74110	16.21	0	96
NODE_14076_length_4571_cov_4.613153	4571	22656	4.96	1	13
NODE_14079_length_4570_cov_4.889258	4570	23813	5.21	1	12
NODE_14082_length_4569_cov_4.961896	4569	26216	5.74	1	22
NODE_14092_length_4566_cov_2.982487	4566	19823	4.34	1	16
NODE_14098_length_4564_cov_5.308938	4564	25257	5.53	1	12
NODE_14171_length_4534_cov_4.104711	4534	18747	4.13	1	11
NODE_14182_length_4530_cov_4.138101	4530	22576	4.98	1	17
NODE_14222_length_4513_cov_4.049574	4513	21072	4.67	0	10
NODE_14223_length_4513_cov_3.756842	4513	20249	4.49	1	10
NODE_14256_length_4501_cov_4.286325	4501	20313	4.51	1	10
NODE_14258_length_4500_cov_4.293363	4500	20400	4.53	1	35
NODE_14265_length_4498_cov_3.984470	4498	27060	6.02	1	41
NODE_14292_length_4488_cov_4.320099	4488	21346	4.76	1	13
NODE_14325_length_4473_cov_3.722725	4473	17272	3.86	0	10
NODE_14341_length_4469_cov_3.951065	4469	17976	4.02	1	12
NODE_14373_length_4458_cov_4.518056	4458	22543	5.06	1	12
NODE_14375_length_4458_cov_4.060413	4458	17743	3.98	0	9
NODE_14386_length_4453_cov_5.013870	4453	22897	5.14	0	13
NODE_14391_length_4452_cov_4.355697	4452	35741	8.03	1	169
NODE_14395_length_4451_cov_4.296406	4451	21808	4.90	0	19
NODE_14406_length_4448_cov_4.841338	4448	25309	5.69	1	16
NODE_14421_length_4442_cov_3.511511	4442	16046	3.61	1	20
NODE_14428_length_4440_cov_4.056556	4440	19116	4.31	0	25
NODE_14440_length_4434_cov_3.406257	4434	17961	4.05	1	11
NODE_14444_length_4433_cov_4.291457	4433	22208	5.01	1	10
NODE_14479_length_4421_cov_4.817453	4421	23765	5.38	1	10
NODE_14484_length_4420_cov_4.527377	4420	20815	4.71	1	10
NODE_14520_length_4407_cov_4.396829	4407	21641	4.91	0	16
NODE_14531_length_4401_cov_4.415324	4401	21066	4.79	1	11
NODE_14544_length_4397_cov_4.470290	4397	20303	4.62	1	9
NODE_14556_length_4394_cov_3.913575	4394	20654	4.70	0	10
NODE_14574_length_4387_cov_4.570406	4387	24965	5.69	1	42
NODE_14598_length_4380_cov_4.328555	4380	21934	5.01	1	17
NODE_14614_length_4374_cov_3.597824	4374	19265	4.40	1	11
NODE_14633_length_4367_cov_4.919759	4367	21735	4.98	1	13
NODE_14738_length_4332_cov_4.441899	4332	22102	5.10	1	12
NODE_14755_length_4325_cov_5.287354	4325	21106	4.88	1	9
NODE_14771_length_4320_cov_4.471043	4320	23741	5.50	1	14
NODE_14824_length_4303_cov_4.554614	4303	20984	4.88	0	15
NODE_14826_length_4303_cov_3.728578	4303	16336	3.80	1	19
NODE_14833_length_4300_cov_3.678681	4300	17517	4.07	1	14
NODE_14844_length_4294_cov_5.330502	4294	25459	5.93	1	33
NODE_14852_length_4291_cov_4.354344	4291	19205	4.48	1	11
NODE_14889_length_4281_cov_4.316848	4281	23103	5.40	1	13
NODE_14890_length_4281_cov_3.477283	4281	17187	4.01	1	13
NODE_14959_length_4261_cov_3.933428	4261	20411	4.79	1	30
NODE_14985_length_4251_cov_5.768589	4251	27555	6.48	1	16
NODE_15000_length_4248_cov_3.347484	4248	17477	4.11	1	11
NODE_15005_length_4247_cov_4.648378	4247	20461	4.82	0	17
NODE_15013_length_4245_cov_4.291647	4245	19711	4.64	1	11
NODE_15033_length_4237_cov_4.891679	4237	23139	5.46	1	25
NODE_15079_length_4225_cov_3.856595	4225	19266	4.56	1	12
NODE_15105_length_4218_cov_5.696853	4218	25595	6.07	1	14
NODE_15108_length_4216_cov_4.472002	4216	20362	4.83	0	10
NODE_15226_length_4175_cov_4.425728	4175	21879	5.24	1	12
NODE_15235_length_4173_cov_4.736037	4173	22383	5.36	1	12
NODE_15238_length_4173_cov_4.221710	4173	21956	5.26	1	12
NODE_15293_length_4157_cov_4.185519	4157	20353	4.90	1	11
NODE_15307_length_4155_cov_4.258780	4155	20504	4.93	1	13
NODE_15360_length_4143_cov_3.343444	4143	15022	3.63	0	10
NODE_15365_length_4142_cov_4.916320	4142	22902	5.53	1	11
NODE_15443_length_4125_cov_4.228747	4125	20678	5.01	0	13
NODE_15498_length_4110_cov_4.177559	4110	20401	4.96	0	25
NODE_15538_length_4096_cov_4.379856	4096	21267	5.19	1	14
NODE_15539_length_4096_cov_4.330364	4096	19015	4.64	1	10
NODE_15552_length_4090_cov_4.296159	4090	20588	5.03	1	24
NODE_15594_length_4078_cov_4.003729	4078	16467	4.04	1	9
NODE_15684_length_4052_cov_4.598949	4052	19512	4.82	1	12
NODE_15740_length_4038_cov_6.711022	4038	31037	7.69	1	18
NODE_15747_length_4038_cov_3.693447	4038	16539	4.10	1	8
NODE_15789_length_4028_cov_4.246413	4028	19517	4.85	1	11
NODE_15845_length_4014_cov_3.882546	4014	25609	6.38	1	453
NODE_15869_length_4008_cov_5.068050	4008	22196	5.54	1	13
NODE_15879_length_4006_cov_3.663376	4006	18069	4.51	0	12
NODE_15889_length_4003_cov_4.090426	4003	19947	4.98	1	24
NODE_15950_length_3988_cov_4.180015	3988	17896	4.49	1	17
NODE_15951_length_3987_cov_5.883266	3987	22587	5.67	0	13
NODE_16029_length_3966_cov_4.863718	3966	19810	4.99	1	27
NODE_16062_length_3958_cov_3.017422	3958	13708	3.46	1	16
NODE_16089_length_3950_cov_3.362003	3950	15105	3.82	1	11
NODE_16096_length_3949_cov_3.553416	3949	17501	4.43	0	12
NODE_16117_length_3942_cov_3.889118	3942	18217	4.62	1	18
NODE_16177_length_3926_cov_4.967450	3926	20130	5.13	1	54
NODE_16195_length_3921_cov_5.419814	3921	21107	5.38	1	13
NODE_16218_length_3914_cov_3.635657	3914	19618	5.01	1	21
NODE_16225_length_3913_cov_4.502333	3913	18613	4.76	1	9
NODE_16250_length_3905_cov_4.996883	3905	21561	5.52	0	11
NODE_16259_length_3903_cov_3.574844	3903	15779	4.04	0	11
NODE_16316_length_3891_cov_5.361575	3891	21533	5.53	1	11
NODE_16354_length_3883_cov_4.346134	3883	18595	4.79	0	11
NODE_16386_length_3874_cov_4.242734	3874	23436	6.05	0	39
NODE_16432_length_3864_cov_4.156734	3864	19612	5.08	0	21
NODE_16443_length_3860_cov_8.506439	3860	70357	18.23	5	32
NODE_16445_length_3860_cov_4.031275	3860	18469	4.78	1	21
NODE_16449_length_3859_cov_4.367508	3859	21311	5.52	1	15
NODE_16450_length_3859_cov_4.254732	3859	18603	4.82	1	9
NODE_16455_length_3857_cov_4.596528	3857	19691	5.11	1	16
NODE_16483_length_3850_cov_5.167852	3850	20253	5.26	1	11
NODE_16504_length_3845_cov_3.886016	3845	16605	4.32	1	11
NODE_16516_length_3842_cov_4.750198	3842	20745	5.40	1	14
NODE_16530_length_3838_cov_4.391753	3838	18467	4.81	0	26
NODE_16532_length_3837_cov_8.470650	3837	78095	20.35	4	42
NODE_16539_length_3836_cov_4.022481	3836	19616	5.11	1	13
NODE_16559_length_3832_cov_4.091342	3832	16184	4.22	1	9
NODE_16598_length_3822_cov_4.775153	3822	23482	6.14	1	15
NODE_16607_length_3820_cov_3.750863	3820	14278	3.74	0	8
NODE_16611_length_3819_cov_5.067747	3819	23441	6.14	1	17
NODE_16651_length_3808_cov_3.788169	3808	17046	4.48	1	10
NODE_16663_length_3804_cov_3.669779	3804	17064	4.49	1	9
NODE_16671_length_3801_cov_4.306727	3801	20605	5.42	1	11
NODE_16674_length_3800_cov_3.313752	3800	16842	4.43	1	16
NODE_16727_length_3785_cov_4.786595	3785	22966	6.07	1	34
NODE_16732_length_3784_cov_3.412175	3784	16059	4.24	1	9
NODE_16784_length_3773_cov_4.074771	3773	18790	4.98	0	26
NODE_16813_length_3767_cov_4.149515	3767	16931	4.49	1	10
NODE_16831_length_3764_cov_5.916150	3764	24928	6.62	1	13
NODE_16832_length_3764_cov_5.096522	3764	21345	5.67	1	17
NODE_16904_length_3746_cov_5.235167	3746	22815	6.09	1	12
NODE_16913_length_3745_cov_3.585366	3745	16922	4.52	1	21
NODE_16937_length_3740_cov_3.449932	3740	14928	3.99	1	14
NODE_17008_length_3728_cov_4.421182	3728	19028	5.10	0	25
NODE_17019_length_3726_cov_5.180332	3726	20730	5.56	0	30
NODE_17034_length_3723_cov_3.806161	3723	17264	4.64	1	14
NODE_17052_length_3720_cov_4.458663	3720	17871	4.80	1	13
NODE_17077_length_3712_cov_3.612524	3712	14725	3.97	0	9
NODE_17151_length_3695_cov_4.044231	3695	17769	4.81	1	19
NODE_17162_length_3692_cov_3.957932	3692	15866	4.30	1	9
NODE_17186_length_3687_cov_4.811949	3687	19370	5.25	1	15
NODE_17196_length_3685_cov_4.463912	3685	18369	4.98	1	20
NODE_17260_length_3670_cov_5.321715	3670	20571	5.61	1	11
NODE_17327_length_3655_cov_4.507222	3655	18376	5.03	1	21
NODE_17336_length_3653_cov_4.172596	3653	17679	4.84	1	17
NODE_17340_length_3652_cov_4.830970	3652	20466	5.60	1	16
NODE_17373_length_3645_cov_5.646797	3645	20698	5.68	1	12
NODE_17412_length_3635_cov_5.334358	3635	22936	6.31	0	18
NODE_17481_length_3621_cov_4.063376	3621	15569	4.30	0	10
NODE_17487_length_3620_cov_3.258345	3620	18818	5.20	1	58
NODE_17512_length_3613_cov_4.304666	3613	16846	4.66	1	11
NODE_17614_length_3591_cov_4.162613	3591	20199	5.62	1	13
NODE_17636_length_3585_cov_4.254674	3585	15759	4.40	1	10
NODE_17651_length_3583_cov_3.802438	3583	13869	3.87	0	8
NODE_17665_length_3579_cov_3.802497	3579	16534	4.62	1	11
NODE_17668_length_3578_cov_5.443372	3578	19542	5.46	1	11
NODE_17706_length_3571_cov_4.114050	3571	15891	4.45	1	9
NODE_17712_length_3569_cov_4.289414	3569	16833	4.72	0	13
NODE_17714_length_3569_cov_4.102732	3569	14313	4.01	0	10
NODE_17734_length_3565_cov_4.188889	3565	16115	4.52	0	10
NODE_17743_length_3563_cov_4.003706	3563	14989	4.21	1	11
NODE_17762_length_3559_cov_3.635559	3559	12791	3.59	0	12
NODE_17796_length_3552_cov_5.163283	3552	20528	5.78	1	27
NODE_17870_length_3536_cov_3.769606	3536	18809	5.32	1	26
NODE_17905_length_3529_cov_3.995970	3529	22084	6.26	1	35
NODE_17921_length_3527_cov_4.390553	3527	17602	4.99	1	13
NODE_17937_length_3523_cov_4.195790	3523	17618	5.00	1	11
NODE_17989_length_3513_cov_4.855986	3513	17190	4.89	1	10
NODE_18008_length_3510_cov_4.706802	3510	20172	5.75	1	27
NODE_18023_length_3508_cov_3.671590	3508	13401	3.82	1	9
NODE_18039_length_3505_cov_4.805507	3505	17596	5.02	1	11
NODE_18049_length_3503_cov_4.073666	3503	16335	4.66	1	10
NODE_18080_length_3497_cov_4.841662	3497	19250	5.50	1	15
NODE_18093_length_3494_cov_7.078220	3494	20865	5.97	1	26
NODE_18098_length_3493_cov_4.620710	3493	16794	4.81	0	10
NODE_18125_length_3488_cov_4.140402	3488	21344	6.12	1	34
NODE_18168_length_3481_cov_4.253357	3481	19513	5.61	1	12
NODE_18187_length_3475_cov_5.399123	3475	21135	6.08	1	14
NODE_18199_length_3473_cov_4.718549	3473	18266	5.26	1	25
NODE_18256_length_3464_cov_3.907598	3464	15124	4.37	1	9
NODE_18321_length_3451_cov_5.261190	3451	20280	5.88	1	13
NODE_18326_length_3450_cov_5.064212	3450	16190	4.69	1	11
NODE_18345_length_3446_cov_4.383368	3446	16580	4.81	1	12
NODE_18357_length_3443_cov_4.310508	3443	16314	4.74	1	29
NODE_18439_length_3426_cov_4.688816	3426	18146	5.30	1	15
NODE_18534_length_3409_cov_3.829756	3409	14693	4.31	1	8
NODE_18573_length_3403_cov_3.936081	3403	12479	3.67	1	8
NODE_18581_length_3401_cov_3.741184	3401	14641	4.30	1	12
NODE_18598_length_3399_cov_3.982656	3399	13769	4.05	1	16
NODE_18761_length_3369_cov_4.258600	3369	16471	4.89	1	12
NODE_18797_length_3362_cov_4.791654	3362	17049	5.07	1	10
NODE_18806_length_3361_cov_4.226255	3361	16623	4.95	0	9
NODE_18818_length_3359_cov_5.258475	3359	18762	5.59	1	21
NODE_18819_length_3359_cov_4.371368	3359	18485	5.50	1	16
NODE_18836_length_3356_cov_2.994547	3356	14163	4.22	1	10
NODE_18886_length_3348_cov_4.965988	3348	17810	5.32	1	10
NODE_18887_length_3348_cov_4.775888	3348	18664	5.57	1	12
NODE_18933_length_3341_cov_4.473828	3341	16747	5.01	0	19
NODE_18989_length_3331_cov_3.634005	3331	14156	4.25	0	12
NODE_18998_length_3330_cov_3.612519	3330	14693	4.41	1	12
NODE_19027_length_3325_cov_4.237920	3325	16552	4.98	1	12
NODE_19063_length_3320_cov_4.912098	3320	18142	5.46	1	11
NODE_19106_length_3313_cov_3.453653	3313	13535	4.09	1	10
NODE_19113_length_3311_cov_4.205774	3311	14459	4.37	1	23
NODE_19128_length_3308_cov_3.543498	3308	12714	3.84	1	10
NODE_19156_length_3305_cov_4.126462	3305	16539	5.00	0	12
NODE_19166_length_3303_cov_3.913485	3303	26098	7.90	0	29
NODE_19172_length_3302_cov_5.329843	3302	14691	4.45	0	11
NODE_19182_length_3300_cov_4.520493	3300	17938	5.44	1	13
NODE_19195_length_3298_cov_3.861240	3298	15776	4.78	1	18
NODE_19206_length_3296_cov_3.874730	3296	14793	4.49	1	10
NODE_19227_length_3292_cov_3.740809	3292	14510	4.41	1	16
NODE_19237_length_3289_cov_7.460421	3289	34652	10.54	0	36
NODE_19246_length_3288_cov_3.746056	3288	14209	4.32	1	12
NODE_19269_length_3284_cov_4.844224	3284	18122	5.52	1	17
NODE_19281_length_3283_cov_4.450743	3283	16848	5.13	1	19
NODE_19284_length_3283_cov_3.511152	3283	13225	4.03	1	8
NODE_19295_length_3281_cov_3.579045	3281	14505	4.42	0	11
NODE_19315_length_3277_cov_3.995655	3277	14610	4.46	1	10
NODE_19323_length_3276_cov_4.866501	3276	16056	4.90	0	25
NODE_19345_length_3272_cov_4.935965	3272	21037	6.43	1	37
NODE_19346_length_3272_cov_3.715574	3272	14660	4.48	0	8
NODE_19351_length_3271_cov_10.194652	3271	49002	14.98	2	99
NODE_19389_length_3265_cov_3.545483	3265	13138	4.02	1	13
NODE_19395_length_3264_cov_3.647554	3264	14799	4.53	1	25
NODE_19412_length_3261_cov_3.993138	3261	15719	4.82	1	11
NODE_19418_length_3260_cov_4.227457	3260	15132	4.64	0	11
NODE_19419_length_3260_cov_3.702340	3260	13403	4.11	1	9
NODE_19421_length_3260_cov_3.600936	3260	13057	4.01	1	16
NODE_19462_length_3252_cov_3.480450	3252	13845	4.26	0	9
NODE_19472_length_3250_cov_5.286072	3250	17973	5.53	1	15
NODE_19496_length_3244_cov_4.824396	3244	16833	5.19	1	16
NODE_19583_length_3232_cov_4.483475	3232	20973	6.49	1	30
NODE_19585_length_3232_cov_3.863078	3232	14966	4.63	0	17
NODE_19588_length_3231_cov_7.062657	3231	27355	8.47	1	19
NODE_19592_length_3231_cov_4.197418	3231	15442	4.78	0	14
NODE_19613_length_3227_cov_4.863493	3227	17121	5.31	1	12
NODE_19644_length_3224_cov_7.599878	3224	30252	9.38	3	29
NODE_19646_length_3224_cov_4.349953	3224	17218	5.34	1	11
NODE_19658_length_3223_cov_4.247159	3223	13727	4.26	1	11
NODE_19682_length_3220_cov_3.607267	3220	16433	5.10	0	43
NODE_19698_length_3217_cov_3.279886	3217	13723	4.27	0	9
NODE_19713_length_3214_cov_4.664134	3214	15440	4.80	0	12
NODE_19719_length_3213_cov_4.146928	3213	15329	4.77	1	17
NODE_19720_length_3213_cov_4.106396	3213	13942	4.34	1	9
NODE_19736_length_3211_cov_3.815272	3211	14170	4.41	0	12
NODE_19741_length_3210_cov_4.504279	3210	16452	5.13	0	24
NODE_19764_length_3205_cov_3.971111	3205	13382	4.18	1	9
NODE_19829_length_3193_cov_4.410134	3193	22151	6.94	0	161
NODE_19885_length_3185_cov_4.078914	3185	14816	4.65	1	9
NODE_19888_length_3185_cov_3.020767	3185	11414	3.58	1	9
NODE_19901_length_3183_cov_4.634591	3183	15794	4.96	1	12
NODE_19950_length_3177_cov_4.141896	3177	13585	4.28	1	12
NODE_19951_length_3177_cov_3.843370	3177	13565	4.27	1	14
NODE_19979_length_3172_cov_4.287777	3172	21656	6.83	0	31
NODE_19985_length_3171_cov_4.781451	3171	16289	5.14	0	14
NODE_20014_length_3166_cov_5.267760	3166	24297	7.67	1	38
NODE_20040_length_3161_cov_5.489053	3161	19375	6.13	1	13
NODE_20069_length_3156_cov_3.708804	3156	12528	3.97	1	8
NODE_20169_length_3143_cov_4.613666	3143	16492	5.25	1	11
NODE_20192_length_3140_cov_3.306321	3140	18230	5.81	1	21
NODE_20197_length_3139_cov_3.504864	3139	15016	4.78	1	12
NODE_20202_length_3138_cov_4.154071	3138	13626	4.34	1	11
NODE_20220_length_3136_cov_3.925349	3136	15331	4.89	1	29
NODE_20285_length_3127_cov_4.974935	3127	16434	5.26	1	11
NODE_20315_length_3123_cov_4.842568	3123	16790	5.38	1	13
NODE_20332_length_3120_cov_7.030016	3120	24835	7.96	1	24
NODE_20350_length_3118_cov_4.427359	3118	15401	4.94	1	13
NODE_20380_length_3113_cov_7.084696	3113	44241	14.21	2	26
NODE_20396_length_3111_cov_3.292539	3111	12263	3.94	1	15
NODE_20401_length_3110_cov_4.897218	3110	18683	6.01	1	21
NODE_20419_length_3108_cov_4.506387	3108	14662	4.72	1	10
NODE_20433_length_3106_cov_4.430351	3106	14934	4.81	1	11
NODE_20480_length_3101_cov_5.077150	3101	16179	5.22	1	12
NODE_20504_length_3098_cov_4.654946	3098	21334	6.89	1	17
NODE_20559_length_3089_cov_3.294990	3089	12763	4.13	1	16
NODE_20586_length_3085_cov_4.333333	3085	15730	5.10	1	20
NODE_20601_length_3082_cov_4.029072	3082	14790	4.80	1	9
NODE_20610_length_3081_cov_3.776933	3081	13797	4.48	1	10
NODE_20613_length_3080_cov_4.019504	3080	14284	4.64	1	14
NODE_20650_length_3073_cov_2.971173	3073	11964	3.89	0	8
NODE_20655_length_3072_cov_4.666556	3072	12509	4.07	1	10
NODE_20656_length_3072_cov_4.243288	3072	14411	4.69	1	10
NODE_20670_length_3070_cov_3.698839	3070	13249	4.32	1	27
NODE_20678_length_3069_cov_4.273391	3069	15063	4.91	1	12
NODE_20680_length_3069_cov_3.664897	3069	14959	4.87	0	10
NODE_20684_length_3068_cov_4.391636	3068	15734	5.13	1	16
NODE_20701_length_3066_cov_5.338758	3066	49717	16.22	4	28
NODE_20752_length_3061_cov_5.123752	3061	15196	4.96	1	9
NODE_20802_length_3054_cov_3.946982	3054	13199	4.32	1	10
NODE_20850_length_3048_cov_4.364851	3048	14708	4.83	1	12
NODE_20851_length_3048_cov_3.369529	3048	12045	3.95	1	9
NODE_20869_length_3046_cov_4.662655	3046	16072	5.28	1	11
NODE_20894_length_3043_cov_3.979250	3043	14895	4.89	1	10
NODE_20927_length_3039_cov_4.510054	3039	16161	5.32	0	11
NODE_20939_length_3037_cov_4.554326	3037	15252	5.02	1	27
NODE_20956_length_3033_cov_3.867361	3033	13848	4.57	1	13
NODE_20966_length_3032_cov_3.792408	3032	12083	3.99	0	10
NODE_21006_length_3026_cov_4.995961	3026	14787	4.89	1	11
NODE_21017_length_3024_cov_4.073425	3024	12165	4.02	1	12
NODE_21038_length_3021_cov_5.458530	3021	17845	5.91	1	16
NODE_21039_length_3021_cov_4.506069	3021	14495	4.80	1	10
NODE_21041_length_3020_cov_5.852277	3020	19064	6.31	1	15
NODE_21068_length_3015_cov_5.173311	3015	16454	5.46	1	11
NODE_21073_length_3015_cov_3.251351	3015	10644	3.53	1	10
NODE_21080_length_3014_cov_4.269010	3014	16359	5.43	1	28
NODE_21138_length_3007_cov_3.369919	3007	13158	4.38	1	9
NODE_21155_length_3004_cov_3.335707	3004	11741	3.91	0	10
NODE_21172_length_3002_cov_3.531049	3002	13659	4.55	0	10
NODE_21206_length_2997_cov_4.161115	2997	15788	5.27	1	11
NODE_21261_length_2989_cov_4.779823	2989	15264	5.11	1	20
NODE_21262_length_2989_cov_3.871847	2989	13552	4.53	1	10
NODE_21286_length_2987_cov_3.398704	2987	12418	4.16	1	9
NODE_21295_length_2986_cov_3.665302	2986	12076	4.04	1	9
NODE_21301_length_2985_cov_4.220819	2985	14850	4.97	1	12
NODE_21312_length_2984_cov_4.154660	2984	13342	4.47	1	11
NODE_21316_length_2984_cov_3.454080	2984	12455	4.17	1	16
NODE_21337_length_2982_cov_3.720191	2982	14781	4.96	0	23
NODE_21350_length_2980_cov_3.729231	2980	12252	4.11	1	9
NODE_21363_length_2977_cov_4.656742	2977	15467	5.20	0	10
NODE_21372_length_2976_cov_3.673400	2976	11547	3.88	1	10
NODE_21418_length_2970_cov_6.308062	2970	22243	7.49	1	28
NODE_21433_length_2967_cov_5.400069	2967	16566	5.58	0	15
NODE_21437_length_2967_cov_3.882555	2967	13769	4.64	1	9
NODE_21458_length_2964_cov_3.270883	2964	11556	3.90	1	8
NODE_21481_length_2961_cov_3.552306	2961	11878	4.01	1	10
NODE_21482_length_2961_cov_3.331383	2961	11947	4.03	1	9
NODE_21492_length_2960_cov_4.059208	2960	14812	5.00	1	11
NODE_21493_length_2960_cov_3.911188	2960	11743	3.97	1	10
NODE_21499_length_2959_cov_4.524449	2959	12710	4.30	1	10
NODE_21582_length_2948_cov_3.117525	2948	12833	4.35	0	17
NODE_21605_length_2945_cov_5.257785	2945	18425	6.26	1	14
NODE_21629_length_2943_cov_3.520083	2943	12534	4.26	1	8
NODE_21662_length_2939_cov_4.522885	2939	15322	5.21	1	26
NODE_21666_length_2939_cov_2.939320	2939	10837	3.69	1	18
NODE_21672_length_2938_cov_4.399237	2938	14119	4.81	1	8
NODE_21693_length_2936_cov_3.022562	2936	11207	3.82	1	10
NODE_21705_length_2934_cov_5.472386	2934	16832	5.74	1	14
NODE_21739_length_2929_cov_5.241475	2929	19333	6.60	1	20
NODE_21763_length_2926_cov_5.055381	2926	17061	5.83	1	12
NODE_21766_length_2926_cov_4.420411	2926	12683	4.33	0	9
NODE_21776_length_2925_cov_4.793728	2925	15550	5.32	1	14
NODE_21821_length_2920_cov_4.193717	2920	14290	4.89	1	16
NODE_21823_length_2920_cov_3.264921	2920	11366	3.89	1	13
NODE_21902_length_2911_cov_4.541317	2911	14728	5.06	1	13
NODE_21909_length_2910_cov_3.459545	2910	11649	4.00	0	8
NODE_21936_length_2906_cov_5.027710	2906	16307	5.61	0	13
NODE_21955_length_2904_cov_4.241137	2904	13733	4.73	1	9
NODE_21995_length_2900_cov_3.366257	2900	11472	3.96	1	10
NODE_22015_length_2897_cov_3.084096	2897	10735	3.71	1	7
NODE_22022_length_2896_cov_5.719113	2896	15537	5.36	0	13
NODE_22050_length_2894_cov_3.280380	2894	11713	4.05	1	9
NODE_22083_length_2890_cov_3.738624	2890	13693	4.74	1	22
NODE_22089_length_2889_cov_5.167608	2889	14767	5.11	1	12
NODE_22097_length_2888_cov_4.675962	2888	15012	5.20	1	13
NODE_22144_length_2883_cov_4.241160	2883	14816	5.14	1	13
NODE_22149_length_2882_cov_4.776441	2882	14513	5.04	1	13
NODE_22228_length_2874_cov_4.817311	2874	15514	5.40	1	14
NODE_22233_length_2873_cov_4.084812	2873	10903	3.79	1	9
NODE_22242_length_2872_cov_4.648562	2872	15020	5.23	1	11
NODE_22271_length_2869_cov_4.230633	2869	13001	4.53	1	13
NODE_22286_length_2868_cov_4.224316	2868	15209	5.30	1	10
NODE_22381_length_2858_cov_3.383161	2858	13931	4.87	1	12
NODE_22398_length_2856_cov_4.330953	2856	14130	4.95	1	11
NODE_22406_length_2855_cov_3.735357	2855	12605	4.42	0	12
NODE_22414_length_2854_cov_4.219364	2854	14431	5.06	1	19
NODE_22469_length_2849_cov_5.148175	2849	14127	4.96	1	9
NODE_22470_length_2849_cov_4.757695	2849	14370	5.04	1	26
NODE_22481_length_2848_cov_4.916935	2848	14168	4.97	1	9
NODE_22595_length_2834_cov_4.735516	2834	13590	4.80	1	11
NODE_22630_length_2831_cov_4.127522	2831	19204	6.78	1	22
NODE_22666_length_2826_cov_4.402021	2826	12429	4.40	1	10
NODE_22703_length_2821_cov_4.479393	2821	13653	4.84	0	15
NODE_22751_length_2816_cov_4.339370	2816	13145	4.67	1	15
NODE_22845_length_2805_cov_3.924364	2805	12535	4.47	0	12
NODE_22894_length_2798_cov_4.444404	2798	13138	4.70	0	10
NODE_22917_length_2796_cov_3.865013	2796	30040	10.74	1	27
NODE_22959_length_2791_cov_3.914108	2791	12684	4.54	1	15
NODE_22998_length_2787_cov_5.293192	2787	17572	6.30	1	29
NODE_23017_length_2785_cov_4.399267	2785	13349	4.79	1	12
NODE_23040_length_2782_cov_4.547855	2782	12734	4.58	1	9
NODE_23041_length_2782_cov_4.529520	2782	14419	5.18	1	9
NODE_23078_length_2777_cov_7.011389	2777	30630	11.03	2	24
NODE_23098_length_2774_cov_3.931225	2774	12107	4.36	1	10
NODE_23107_length_2773_cov_4.478293	2773	14360	5.18	1	11
NODE_23119_length_2772_cov_4.147957	2772	12103	4.37	1	12
NODE_23145_length_2769_cov_3.404200	2769	10297	3.72	1	7
NODE_23166_length_2766_cov_4.268536	2766	13517	4.89	1	15
NODE_23192_length_2764_cov_2.655962	2764	10024	3.63	1	11
NODE_23213_length_2762_cov_4.475065	2762	11520	4.17	0	10
NODE_23220_length_2761_cov_4.366962	2761	13587	4.92	1	11
NODE_23241_length_2759_cov_3.831361	2759	12131	4.40	0	9
NODE_23255_length_2758_cov_4.168701	2758	11966	4.34	1	9
NODE_23262_length_2757_cov_7.253516	2757	49600	17.99	5	29
NODE_23320_length_2750_cov_4.520965	2750	18214	6.62	1	15
NODE_23331_length_2749_cov_3.835932	2749	12443	4.53	1	8
NODE_23372_length_2744_cov_4.618817	2744	15617	5.69	1	12
NODE_23387_length_2742_cov_5.192780	2742	15409	5.62	1	14
NODE_23388_length_2742_cov_3.425754	2742	12039	4.39	1	25
NODE_23397_length_2741_cov_5.863366	2741	17662	6.44	1	14
NODE_23439_length_2736_cov_8.729952	2736	30114	11.01	0	94
NODE_23442_length_2736_cov_5.292055	2736	14357	5.25	1	20
NODE_23451_length_2735_cov_4.439552	2735	11947	4.37	0	10
NODE_23474_length_2733_cov_3.402539	2733	10192	3.73	0	10
NODE_23483_length_2732_cov_4.522226	2732	14267	5.22	1	11
NODE_23492_length_2731_cov_4.617713	2731	13926	5.10	2	14
NODE_23505_length_2730_cov_3.874019	2730	12262	4.49	1	9
NODE_23543_length_2725_cov_4.784644	2725	14820	5.44	1	13
NODE_23544_length_2725_cov_4.513858	2725	22704	8.33	1	15
NODE_23561_length_2724_cov_4.144623	2724	13371	4.91	0	26
NODE_23584_length_2721_cov_4.336834	2721	15999	5.88	1	11
NODE_23600_length_2719_cov_4.835961	2719	14449	5.31	1	11
NODE_23604_length_2719_cov_4.082583	2719	11722	4.31	1	9
NODE_23615_length_2718_cov_3.135561	2718	9201	3.39	0	9
NODE_23616_length_2718_cov_3.039429	2718	16184	5.95	1	14
NODE_23635_length_2716_cov_5.068020	2716	14982	5.52	0	16
NODE_23655_length_2714_cov_2.942836	2714	9658	3.56	1	7
NODE_23664_length_2712_cov_5.084306	2712	17830	6.57	1	26
NODE_23678_length_2711_cov_4.855422	2711	14818	5.47	1	32
NODE_23710_length_2708_cov_5.317000	2708	16076	5.94	1	23
NODE_23751_length_2704_cov_4.058135	2704	12290	4.55	1	12
NODE_23813_length_2698_cov_3.427923	2698	11305	4.19	0	8
NODE_23910_length_2689_cov_5.126424	2689	13637	5.07	1	12
NODE_23912_length_2689_cov_4.323462	2689	14009	5.21	1	11
NODE_23956_length_2684_cov_4.181438	2684	14466	5.39	1	15
NODE_23994_length_2679_cov_4.084223	2679	11538	4.31	1	8
NODE_24041_length_2674_cov_4.952272	2674	14091	5.27	1	14
NODE_24053_length_2673_cov_4.124905	2673	13482	5.04	1	33
NODE_24092_length_2670_cov_3.881453	2670	11340	4.25	1	10
NODE_24133_length_2666_cov_4.376484	2666	13112	4.92	1	10
NODE_24155_length_2664_cov_4.864316	2664	13823	5.19	1	23
NODE_24223_length_2658_cov_4.507107	2658	13229	4.98	0	10
NODE_24256_length_2655_cov_3.102308	2655	9489	3.57	0	20
NODE_24313_length_2648_cov_4.129965	2648	14025	5.30	1	12
NODE_24315_length_2648_cov_3.457000	2648	10245	3.87	1	8
NODE_24350_length_2644_cov_3.621475	2644	9803	3.71	0	9
NODE_24367_length_2641_cov_4.625290	2641	12713	4.81	1	19
NODE_24398_length_2638_cov_3.534650	2638	10523	3.99	1	8
NODE_24418_length_2636_cov_4.585819	2636	12152	4.61	1	25
NODE_24430_length_2634_cov_5.159364	2634	14629	5.55	1	14
NODE_24469_length_2630_cov_3.730874	2630	9937	3.78	1	8
NODE_24480_length_2629_cov_5.422300	2629	20979	7.98	1	15
NODE_24504_length_2627_cov_5.605754	2627	77261	29.41	1	141
NODE_24558_length_2622_cov_3.446046	2622	11840	4.52	1	8
NODE_24596_length_2618_cov_5.095201	2618	24889	9.51	1	47
NODE_24607_length_2617_cov_4.915301	2617	13040	4.98	1	14
NODE_24610_length_2617_cov_3.740047	2617	11353	4.34	1	8
NODE_24618_length_2616_cov_4.483405	2616	13529	5.17	1	11
NODE_24657_length_2613_cov_5.910086	2613	36640	14.02	2	23
NODE_24670_length_2612_cov_4.826359	2612	13369	5.12	1	13
NODE_24710_length_2608_cov_4.014101	2608	11157	4.28	1	11
NODE_24768_length_2601_cov_3.115082	2601	9122	3.51	1	7
NODE_24810_length_2596_cov_5.042503	2596	14730	5.67	1	14
NODE_24811_length_2596_cov_4.151515	2596	14588	5.62	0	35
NODE_24831_length_2595_cov_3.097638	2595	10468	4.03	0	25
NODE_24871_length_2591_cov_5.108833	2591	13993	5.40	1	10
NODE_24875_length_2591_cov_3.800473	2591	12010	4.64	1	12
NODE_24914_length_2587_cov_4.099131	2587	12384	4.79	1	12
NODE_24938_length_2585_cov_5.424111	2585	15577	6.03	1	13
NODE_24994_length_2580_cov_7.363168	2580	37700	14.61	2	34
NODE_25005_length_2579_cov_4.534865	2579	15078	5.85	1	57
NODE_25024_length_2577_cov_4.235527	2577	10057	3.90	1	10
NODE_25033_length_2576_cov_3.676716	2576	11630	4.51	1	11
NODE_25044_length_2575_cov_4.825397	2575	15664	6.08	1	15
NODE_25057_length_2574_cov_5.131401	2574	14090	5.47	1	12
NODE_25096_length_2570_cov_3.800398	2570	11507	4.48	1	19
NODE_25099_length_2569_cov_5.303898	2569	16878	6.57	1	17
NODE_25135_length_2566_cov_4.984867	2566	15132	5.90	1	13
NODE_25144_length_2565_cov_4.716335	2565	12445	4.85	1	8
NODE_25170_length_2563_cov_3.629187	2563	11323	4.42	1	9
NODE_25227_length_2558_cov_2.754694	2558	10209	3.99	1	15
NODE_25236_length_2557_cov_3.082734	2557	10160	3.97	1	10
NODE_25247_length_2556_cov_3.134346	2556	9365	3.66	1	8
NODE_25265_length_2554_cov_6.175270	2554	37452	14.66	2	38
NODE_25332_length_2547_cov_4.006019	2547	11587	4.55	1	12
NODE_25376_length_2543_cov_3.110932	2543	10008	3.94	1	7
NODE_25385_length_2542_cov_4.881785	2542	13673	5.38	1	11
NODE_25386_length_2542_cov_4.691998	2542	12909	5.08	1	12
NODE_25415_length_2540_cov_4.104225	2540	9821	3.87	0	8
NODE_25416_length_2540_cov_4.046680	2540	44004	17.32	1	38
NODE_25455_length_2536_cov_4.141878	2536	11656	4.60	1	8
NODE_25479_length_2534_cov_4.112142	2534	12104	4.78	1	12
NODE_25499_length_2532_cov_4.857489	2532	12950	5.11	1	9
NODE_25508_length_2531_cov_4.494346	2531	12452	4.92	1	10
NODE_25543_length_2528_cov_4.361504	2528	12442	4.92	1	11
NODE_25565_length_2526_cov_3.858357	2526	12891	5.10	0	18
NODE_25581_length_2525_cov_3.640486	2525	9912	3.93	1	8
NODE_25586_length_2524_cov_4.229243	2524	12815	5.08	1	9
NODE_25600_length_2523_cov_3.037682	2523	8564	3.39	1	8
NODE_25606_length_2522_cov_4.194568	2522	11180	4.43	1	13
NODE_25626_length_2521_cov_4.005677	2521	10456	4.15	1	15
NODE_25657_length_2518_cov_4.636216	2518	12360	4.91	1	26
NODE_25780_length_2508_cov_4.896046	2508	14560	5.81	1	12
NODE_25799_length_2506_cov_5.075887	2506	14508	5.79	1	12
NODE_25800_length_2506_cov_4.663403	2506	12306	4.91	1	10
NODE_25825_length_2504_cov_4.594528	2504	13201	5.27	1	13
NODE_25857_length_2501_cov_3.796811	2501	13292	5.31	1	25
NODE_25913_length_2497_cov_3.438575	2497	10384	4.16	1	17
NODE_25928_length_2496_cov_4.291274	2496	11232	4.50	1	9
NODE_25930_length_2496_cov_4.154445	2496	11978	4.80	1	11
NODE_25976_length_2492_cov_2.648748	2492	8112	3.26	0	16
NODE_25990_length_2490_cov_5.065708	2490	14994	6.02	1	12
NODE_26029_length_2486_cov_5.015220	2486	13852	5.57	0	18
NODE_26043_length_2485_cov_3.472016	2485	11451	4.61	1	10
NODE_26086_length_2481_cov_5.227947	2481	13300	5.36	1	11
NODE_26134_length_2476_cov_4.984717	2476	20702	8.36	1	20
NODE_26149_length_2475_cov_3.952479	2475	11071	4.47	1	14
NODE_26150_length_2475_cov_3.844215	2475	9762	3.94	1	9
NODE_26164_length_2474_cov_4.124018	2474	11025	4.46	0	11
NODE_26175_length_2473_cov_5.875517	2473	14297	5.78	1	13
NODE_26257_length_2465_cov_4.238174	2465	12891	5.23	1	11
NODE_26302_length_2462_cov_3.535937	2462	8948	3.63	1	7
NODE_26329_length_2459_cov_4.135607	2459	11305	4.60	1	11
NODE_26334_length_2459_cov_3.183444	2459	11018	4.48	1	19
NODE_26342_length_2458_cov_4.207657	2458	12489	5.08	1	12
NODE_26359_length_2456_cov_4.519367	2456	11346	4.62	1	9
NODE_26407_length_2451_cov_2.716611	2451	8124	3.31	1	7
NODE_26426_length_2449_cov_3.914787	2449	13443	5.49	1	39
NODE_26447_length_2447_cov_4.377508	2447	11160	4.56	1	11
NODE_26451_length_2447_cov_3.651338	2447	10871	4.44	1	10
NODE_26488_length_2444_cov_4.136459	2444	12049	4.93	1	11
NODE_26509_length_2441_cov_4.403604	2441	12069	4.94	0	15
NODE_26510_length_2441_cov_4.398994	2441	11324	4.64	1	10
NODE_26563_length_2435_cov_4.152101	2435	10477	4.30	1	9
NODE_26568_length_2435_cov_3.451681	2435	10308	4.23	1	13
NODE_26573_length_2434_cov_4.367381	2434	11014	4.53	1	10
NODE_26592_length_2432_cov_3.570046	2432	10952	4.50	1	12
NODE_26608_length_2431_cov_5.706229	2431	12891	5.30	1	20
NODE_26609_length_2431_cov_4.459596	2431	11695	4.81	1	13
NODE_26641_length_2428_cov_3.670881	2428	9585	3.95	1	7
NODE_26705_length_2422_cov_5.964935	2422	20892	8.63	2	21
NODE_26805_length_2414_cov_5.300975	2414	13850	5.74	1	11
NODE_26825_length_2412_cov_4.745863	2412	10565	4.38	0	10
NODE_26932_length_2404_cov_3.382716	2404	8973	3.73	1	10
NODE_26945_length_2403_cov_5.048552	2403	13730	5.71	1	10
NODE_26959_length_2402_cov_3.943758	2402	10466	4.36	1	8
NODE_27014_length_2398_cov_4.192061	2398	10641	4.44	1	9
NODE_27033_length_2397_cov_3.664816	2397	10661	4.45	1	9
NODE_27094_length_2391_cov_4.589469	2391	11415	4.77	1	12
NODE_27120_length_2389_cov_4.571123	2389	13783	5.77	0	12
NODE_27121_length_2389_cov_4.273779	2389	10816	4.53	1	11
NODE_27133_length_2388_cov_4.075868	2388	11752	4.92	1	15
NODE_27152_length_2387_cov_3.620497	2387	9971	4.18	1	10
NODE_27154_length_2387_cov_2.733705	2387	8380	3.51	0	7
NODE_27199_length_2383_cov_4.060567	2383	10690	4.49	1	18
NODE_27246_length_2378_cov_4.911752	2378	12752	5.36	1	11
NODE_27247_length_2378_cov_4.910030	2378	12888	5.42	1	15
NODE_27277_length_2375_cov_4.878448	2375	123057	51.81	0	1665
NODE_27303_length_2373_cov_4.643227	2373	11275	4.75	0	9
NODE_27325_length_2371_cov_9.827720	2371	27738	11.70	4	23
NODE_27345_length_2370_cov_3.329590	2370	10010	4.22	1	12
NODE_27370_length_2368_cov_4.579334	2368	11788	4.98	1	10
NODE_27393_length_2366_cov_4.808741	2366	12956	5.48	1	10
NODE_27399_length_2366_cov_3.439637	2366	10919	4.61	1	22
NODE_27427_length_2364_cov_3.725422	2364	9508	4.02	1	7
NODE_27515_length_2357_cov_6.001303	2357	25275	10.72	1	112
NODE_27520_length_2357_cov_3.252389	2357	8425	3.57	1	7
NODE_27566_length_2354_cov_4.041757	2354	12474	5.30	1	11
NODE_27570_length_2354_cov_3.577207	2354	9040	3.84	1	9
NODE_27572_length_2354_cov_3.382775	2354	10356	4.40	1	9
NODE_27627_length_2350_cov_3.270153	2350	9472	4.03	1	9
NODE_27635_length_2349_cov_3.810375	2349	10775	4.59	1	12
NODE_27697_length_2344_cov_4.017912	2344	12090	5.16	1	9
NODE_27729_length_2341_cov_3.913386	2341	11240	4.80	1	11
NODE_27742_length_2340_cov_4.037637	2340	10908	4.66	1	10
NODE_27868_length_2331_cov_5.112478	2331	15264	6.55	1	49
NODE_27870_length_2331_cov_4.202548	2331	9178	3.94	0	7
NODE_27883_length_2329_cov_5.110818	2329	14797	6.35	1	22
NODE_27913_length_2326_cov_4.834434	2326	11275	4.85	1	9
NODE_28033_length_2316_cov_5.319328	2316	11727	5.06	0	11
NODE_28036_length_2316_cov_4.637771	2316	11792	5.09	1	12
NODE_28091_length_2312_cov_3.450155	2312	8819	3.81	1	7
NODE_28109_length_2310_cov_4.782705	2310	10890	4.71	0	10
NODE_28118_length_2310_cov_3.765410	2310	9249	4.00	1	8
NODE_28120_length_2310_cov_3.635920	2310	10357	4.48	0	11
NODE_28140_length_2309_cov_4.819432	2309	11540	5.00	1	12
NODE_28190_length_2306_cov_3.257219	2306	8132	3.53	1	9
NODE_28206_length_2305_cov_2.903556	2305	10327	4.48	1	33
NODE_28220_length_2304_cov_3.504224	2304	11171	4.85	1	10
NODE_28232_length_2303_cov_5.180605	2303	11066	4.81	1	10
NODE_28236_length_2303_cov_4.097420	2303	10552	4.58	1	10
NODE_28237_length_2303_cov_3.911477	2303	17831	7.74	0	31
NODE_28241_length_2303_cov_3.549377	2303	7564	3.28	1	7
NODE_28258_length_2302_cov_4.662216	2302	11519	5.00	1	13
NODE_28259_length_2302_cov_4.330663	2302	11404	4.95	1	9
NODE_28262_length_2302_cov_3.837561	2302	11769	5.11	1	10
NODE_28347_length_2295_cov_4.705357	2295	11109	4.84	1	9
NODE_28384_length_2292_cov_4.657130	2292	11414	4.98	1	14
NODE_28398_length_2291_cov_4.516995	2291	10734	4.69	1	10
NODE_28461_length_2286_cov_5.200807	2286	12736	5.57	1	14
NODE_28463_length_2286_cov_3.297624	2286	9163	4.01	1	8
NODE_28480_length_2284_cov_4.886048	2284	12694	5.56	1	13
NODE_28515_length_2282_cov_3.319264	2282	8474	3.71	1	9
NODE_28516_length_2282_cov_3.264481	2282	11164	4.89	1	51
NODE_28548_length_2279_cov_4.386691	2279	11889	5.22	1	14
NODE_28560_length_2278_cov_4.657670	2278	11844	5.20	1	12
NODE_28683_length_2269_cov_5.127823	2269	13818	6.09	1	13
NODE_28687_length_2269_cov_4.306685	2269	11576	5.10	1	23
NODE_28749_length_2265_cov_3.628959	2265	10605	4.68	1	9
NODE_28758_length_2264_cov_4.586691	2264	10815	4.78	1	10
NODE_28809_length_2260_cov_3.967800	2260	10855	4.80	1	20
NODE_28840_length_2258_cov_2.879256	2258	7764	3.44	1	11
NODE_28905_length_2253_cov_3.807097	2253	92254	40.95	1	346
NODE_28921_length_2251_cov_7.015027	2251	32185	14.30	3	28
NODE_28944_length_2250_cov_3.556720	2250	10145	4.51	1	8
NODE_28975_length_2248_cov_4.865481	2248	11567	5.15	1	9
NODE_28982_length_2248_cov_3.565891	2248	11053	4.92	1	25
NODE_29072_length_2240_cov_4.373455	2240	10575	4.72	1	14
NODE_29166_length_2234_cov_3.927031	2234	9916	4.44	1	16
NODE_29235_length_2229_cov_4.517479	2229	11139	5.00	1	14
NODE_29268_length_2227_cov_5.089319	2227	11968	5.37	1	14
NODE_29299_length_2225_cov_4.721198	2225	27253	12.25	1	34
NODE_29317_length_2224_cov_4.137391	2224	11123	5.00	1	14
NODE_29344_length_2222_cov_6.705122	2222	14541	6.54	1	13
NODE_29419_length_2216_cov_4.155946	2216	9159	4.13	1	9
NODE_29441_length_2214_cov_5.592867	2214	12883	5.82	1	11
NODE_29562_length_2206_cov_6.040911	2206	40712	18.46	2	32
NODE_29563_length_2206_cov_4.671316	2206	12437	5.64	1	15
NODE_29647_length_2201_cov_5.010252	2201	11172	5.08	0	17
NODE_29657_length_2200_cov_4.193939	2200	12062	5.48	0	12
NODE_29670_length_2199_cov_4.064832	2199	9225	4.20	1	10
NODE_29724_length_2196_cov_3.646894	2196	8618	3.92	1	9
NODE_29728_length_2196_cov_2.891639	2196	7976	3.63	0	9
NODE_29732_length_2195_cov_5.407009	2195	13423	6.12	1	14
NODE_29752_length_2193_cov_4.554724	2193	10944	4.99	1	12
NODE_29893_length_2184_cov_5.247534	2184	13271	6.08	1	17
NODE_29913_length_2183_cov_8.622650	2183	37870	17.35	1	42
NODE_29942_length_2181_cov_4.819379	2181	11475	5.26	0	11
NODE_29943_length_2181_cov_4.416745	2181	9839	4.51	1	10
NODE_29972_length_2179_cov_2.809793	2179	7106	3.26	1	12
NODE_29996_length_2177_cov_4.613572	2177	20761	9.54	1	38
NODE_30013_length_2176_cov_5.006601	2176	11350	5.22	0	11
NODE_30020_length_2176_cov_3.681754	2176	8142	3.74	1	10
NODE_30039_length_2175_cov_4.433962	2175	11609	5.34	1	12
NODE_30114_length_2171_cov_4.447070	2171	11381	5.24	1	25
NODE_30116_length_2171_cov_3.868620	2171	9277	4.27	1	9
NODE_30123_length_2171_cov_3.181002	2171	8739	4.03	1	8
NODE_30169_length_2168_cov_4.435400	2168	24993	11.53	2	53
NODE_30176_length_2168_cov_3.171320	2168	8600	3.97	1	8
NODE_30287_length_2161_cov_3.659544	2161	9787	4.53	1	27
NODE_30298_length_2160_cov_4.197150	2160	9324	4.32	1	10
NODE_30323_length_2159_cov_3.937738	2159	9301	4.31	1	23
NODE_30342_length_2158_cov_4.291488	2158	11760	5.45	0	23
NODE_30346_length_2158_cov_3.059914	2158	7597	3.52	0	8
NODE_30426_length_2153_cov_4.419924	2153	11466	5.33	1	12
NODE_30500_length_2149_cov_3.336676	2149	7689	3.58	0	8
NODE_30547_length_2146_cov_3.468197	2146	9969	4.65	1	9
NODE_30666_length_2138_cov_3.558809	2138	8518	3.98	1	8
NODE_30717_length_2135_cov_3.650481	2135	9263	4.34	0	14
NODE_30725_length_2134_cov_5.586340	2134	25617	12.00	1	26
NODE_30760_length_2132_cov_2.961001	2132	6813	3.20	1	8
NODE_30766_length_2131_cov_7.727356	2131	18931	8.88	2	17
NODE_30790_length_2130_cov_5.258313	2130	12603	5.92	1	16
NODE_30793_length_2130_cov_4.687711	2130	10753	5.05	1	11
NODE_30800_length_2130_cov_3.185542	2130	8033	3.77	1	10
NODE_30851_length_2127_cov_3.687741	2127	8387	3.94	1	7
NODE_30923_length_2122_cov_4.437349	2122	11050	5.21	1	18
NODE_30935_length_2121_cov_6.303485	2121	12674	5.98	1	15
NODE_30936_length_2121_cov_5.701839	2121	11274	5.32	1	13
NODE_30947_length_2121_cov_3.161665	2121	8823	4.16	1	17
NODE_30966_length_2120_cov_2.120097	2120	15509	7.32	1	166
NODE_30984_length_2118_cov_4.528357	2118	16414	7.75	1	50
NODE_31008_length_2116_cov_3.444444	2116	8320	3.93	1	9
NODE_31069_length_2112_cov_3.892076	2112	9140	4.33	1	10
NODE_31075_length_2111_cov_4.850195	2111	10083	4.78	1	9
NODE_31077_length_2111_cov_4.215467	2111	10034	4.75	1	15
NODE_31117_length_2108_cov_4.036045	2108	10060	4.77	1	10
NODE_31142_length_2107_cov_2.478070	2107	6259	2.97	1	6
NODE_31193_length_2104_cov_3.118594	2104	7665	3.64	1	6
NODE_31229_length_2101_cov_5.344575	2101	11237	5.35	0	9
NODE_31234_length_2101_cov_3.835777	2101	9397	4.47	1	18
NODE_31295_length_2097_cov_5.368266	2097	15540	7.41	1	18
NODE_31308_length_2097_cov_2.088639	2097	5475	2.61	1	5
NODE_31348_length_2094_cov_3.034331	2094	7479	3.57	1	7
NODE_31349_length_2094_cov_3.002452	2094	8524	4.07	1	9
NODE_31404_length_2090_cov_3.896806	2090	9071	4.34	0	10
NODE_31435_length_2088_cov_6.621249	2088	14058	6.73	1	15
NODE_31440_length_2088_cov_3.932120	2088	10692	5.12	1	17
NODE_31468_length_2087_cov_3.434055	2087	8828	4.23	1	9
NODE_31481_length_2086_cov_4.643525	2086	9677	4.64	1	11
NODE_31493_length_2086_cov_2.815362	2086	6957	3.34	1	16
NODE_31599_length_2080_cov_4.438025	2080	8920	4.29	0	9
NODE_31615_length_2079_cov_4.632411	2079	11070	5.32	1	12
NODE_31630_length_2078_cov_4.407316	2078	9225	4.44	1	11
NODE_31633_length_2078_cov_4.141374	2078	8694	4.18	0	8
NODE_31641_length_2077_cov_5.914936	2077	13959	6.72	1	15
NODE_31681_length_2075_cov_8.642574	2075	25467	12.27	4	39
NODE_31688_length_2075_cov_3.173267	2075	8603	4.15	1	10
NODE_31697_length_2074_cov_4.587915	2074	8867	4.28	0	9
NODE_31713_length_2073_cov_4.729931	2073	10715	5.17	1	10
NODE_31714_length_2073_cov_4.535183	2073	10234	4.94	1	10
NODE_31726_length_2072_cov_3.225087	2072	7805	3.77	1	7
NODE_31752_length_2070_cov_4.315633	2070	9847	4.76	1	12
NODE_31919_length_2061_cov_4.484546	2061	10328	5.01	1	13
NODE_31978_length_2058_cov_3.757364	2058	8592	4.17	0	10
NODE_32006_length_2057_cov_2.872128	2057	6417	3.12	1	7
NODE_32048_length_2055_cov_3.582000	2055	9133	4.44	0	9
NODE_32065_length_2054_cov_4.113557	2054	9981	4.86	1	9
NODE_32097_length_2052_cov_3.415123	2052	10066	4.91	1	9
NODE_32119_length_2051_cov_2.550601	2051	8195	4.00	1	9
NODE_32134_length_2050_cov_3.540852	2050	8007	3.91	1	11
NODE_32149_length_2049_cov_3.473420	2049	9305	4.54	0	8
NODE_32189_length_2047_cov_4.136044	2047	10391	5.08	1	10
NODE_32195_length_2047_cov_3.524598	2047	8272	4.04	1	8
NODE_32242_length_2045_cov_2.237186	2045	5655	2.77	0	7
NODE_32253_length_2044_cov_3.536953	2044	8549	4.18	1	11
NODE_32256_length_2044_cov_3.393665	2044	8960	4.38	1	9
NODE_32335_length_2039_cov_4.806956	2039	10627	5.21	1	11
NODE_32341_length_2039_cov_3.494960	2039	8179	4.01	1	10
NODE_32382_length_2036_cov_4.117617	2036	15479	7.60	1	36
NODE_32415_length_2034_cov_3.767054	2034	9608	4.72	1	13
NODE_32420_length_2034_cov_3.037393	2034	7913	3.89	1	10
NODE_32439_length_2032_cov_3.614062	2032	9058	4.46	1	16
NODE_32457_length_2031_cov_4.209514	2031	8984	4.42	1	9
NODE_32483_length_2030_cov_3.528101	2030	7784	3.83	1	10
NODE_32495_length_2029_cov_4.457447	2029	15541	7.66	1	19
NODE_32568_length_2025_cov_4.581218	2025	11427	5.64	0	21
NODE_32584_length_2024_cov_3.796343	2024	9942	4.91	1	10
NODE_32643_length_2022_cov_3.221657	2022	8193	4.05	1	14
NODE_32717_length_2017_cov_4.506626	2017	10398	5.16	1	9
NODE_32807_length_2012_cov_5.059785	2012	13992	6.95	1	43
NODE_32824_length_2011_cov_4.402352	2011	10297	5.12	1	16
NODE_32838_length_2010_cov_6.035806	2010	12819	6.38	1	13
NODE_32854_length_2009_cov_3.626407	2009	10048	5.00	1	11
NODE_32856_length_2009_cov_3.287103	2009	8620	4.29	1	8
NODE_32873_length_2008_cov_4.386585	2008	8562	4.26	1	9
NODE_32874_length_2008_cov_3.983103	2008	9725	4.84	1	8
NODE_32890_length_2007_cov_3.024078	2007	6648	3.31	1	16
NODE_32938_length_2004_cov_3.955875	2004	10370	5.17	1	45
NODE_32942_length_2004_cov_3.474602	2004	8813	4.40	1	11
NODE_32959_length_2003_cov_3.685318	2003	8215	4.10	1	9
NODE_32960_length_2003_cov_3.657598	2003	9162	4.57	1	9
NODE_32977_length_2002_cov_5.467899	2002	11805	5.90	0	16
NODE_32981_length_2002_cov_3.342065	2002	9397	4.69	1	13
NODE_32992_length_2001_cov_4.732271	2001	10748	5.37	1	12
NODE_33047_length_1998_cov_4.429748	1998	9177	4.59	1	9
NODE_33066_length_1997_cov_4.750257	1997	8941	4.48	1	8
NODE_33076_length_1996_cov_5.948480	1996	10382	5.20	1	11
NODE_33151_length_1992_cov_3.852349	1992	10014	5.03	1	38
NODE_33218_length_1988_cov_5.539058	1988	11363	5.72	1	9
NODE_33219_length_1988_cov_4.811174	1988	9370	4.71	0	9
NODE_33235_length_1987_cov_4.872153	1987	10054	5.06	0	10
NODE_33272_length_1985_cov_4.077720	1985	10028	5.05	1	13
NODE_33348_length_1981_cov_3.131880	1981	8151	4.11	1	8
NODE_33360_length_1980_cov_3.160000	1980	7452	3.76	1	9
NODE_33435_length_1976_cov_2.909943	1976	11400	5.77	1	26
NODE_33470_length_1974_cov_3.152163	1974	8158	4.13	1	16
NODE_33507_length_1972_cov_3.687011	1972	7882	4.00	1	7
NODE_33556_length_1969_cov_8.186520	1969	33416	16.97	2	37
NODE_33617_length_1966_cov_3.918367	1966	9014	4.58	1	9
NODE_33788_length_1957_cov_3.932177	1957	8087	4.13	1	10
NODE_33824_length_1955_cov_4.252632	1955	9233	4.72	1	19
NODE_33879_length_1952_cov_3.482868	1952	9430	4.83	1	22
NODE_33894_length_1951_cov_4.656118	1951	13952	7.15	1	22
NODE_33934_length_1949_cov_4.072862	1949	8979	4.61	1	9
NODE_33938_length_1949_cov_3.812038	1949	8058	4.13	1	10
NODE_34001_length_1945_cov_5.504233	1945	13949	7.17	1	15
NODE_34016_length_1944_cov_3.776601	1944	8212	4.22	0	16
NODE_34050_length_1942_cov_5.623741	1942	12351	6.36	1	19
NODE_34053_length_1942_cov_4.363010	1942	9142	4.71	1	10
NODE_34055_length_1942_cov_4.177530	1942	8640	4.45	1	13
NODE_34077_length_1941_cov_3.911453	1941	8985	4.63	1	12
NODE_34090_length_1941_cov_2.752386	1941	6953	3.58	1	15
NODE_34145_length_1937_cov_5.191817	1937	11129	5.75	1	11
NODE_34162_length_1936_cov_8.196704	1936	30568	15.79	5	31
NODE_34173_length_1936_cov_3.213184	1936	7865	4.06	1	9
NODE_34188_length_1935_cov_4.035638	1935	8286	4.28	0	9
NODE_34209_length_1934_cov_3.651943	1934	7936	4.10	1	10
NODE_34214_length_1934_cov_3.137307	1934	7342	3.80	0	10
NODE_34216_length_1934_cov_3.081426	1934	7022	3.63	1	8
NODE_34236_length_1933_cov_3.321086	1933	8590	4.44	1	22
NODE_34239_length_1933_cov_3.114483	1933	9232	4.78	1	14
NODE_34253_length_1932_cov_4.653170	1932	9328	4.83	1	11
NODE_34289_length_1930_cov_3.918933	1930	8985	4.66	1	73
NODE_34294_length_1930_cov_3.261867	1930	8655	4.48	1	43
NODE_34315_length_1929_cov_3.799893	1929	11106	5.76	1	22
NODE_34327_length_1929_cov_2.377801	1929	5760	2.99	1	5
NODE_34342_length_1928_cov_4.250934	1928	7550	3.92	1	7
NODE_34384_length_1926_cov_4.423303	1926	9338	4.85	1	13
NODE_34387_length_1926_cov_3.931587	1926	10466	5.43	1	19
NODE_34417_length_1924_cov_4.795078	1924	10132	5.27	1	13
NODE_34423_length_1924_cov_3.777956	1924	9709	5.05	1	14
NODE_34439_length_1923_cov_4.832441	1923	21716	11.29	3	21
NODE_34440_length_1923_cov_4.582976	1923	9525	4.95	1	12
NODE_34490_length_1921_cov_4.384780	1921	9584	4.99	1	12
NODE_34493_length_1921_cov_3.971061	1921	7545	3.93	1	7
NODE_34495_length_1921_cov_3.771168	1921	7881	4.10	1	8
NODE_34560_length_1918_cov_3.638218	1918	9151	4.77	1	18
NODE_34669_length_1914_cov_2.426573	1914	8366	4.37	0	25
NODE_34692_length_1912_cov_6.232633	1912	26799	14.02	3	24
NODE_34698_length_1912_cov_3.939688	1912	7559	3.95	0	8
NODE_34725_length_1911_cov_3.547414	1911	8416	4.40	1	9
NODE_34743_length_1910_cov_3.617790	1910	6929	3.63	1	8
NODE_34767_length_1909_cov_3.564186	1909	8244	4.32	0	13
NODE_34802_length_1907_cov_4.705184	1907	8449	4.43	1	8
NODE_34804_length_1907_cov_4.218143	1907	9938	5.21	1	12
NODE_34995_length_1897_cov_4.990228	1897	8527	4.49	1	10
NODE_34997_length_1897_cov_4.451683	1897	8516	4.49	1	8
NODE_35004_length_1897_cov_3.401194	1897	7206	3.80	0	10
NODE_35076_length_1893_cov_4.831338	1893	12224	6.46	1	45
NODE_35092_length_1892_cov_4.881873	1892	9212	4.87	1	10
NODE_35099_length_1892_cov_3.602613	1892	5338	2.82	1	5
NODE_35162_length_1888_cov_5.824332	1888	28372	15.03	1	34
NODE_35186_length_1887_cov_3.530022	1887	8428	4.47	1	10
NODE_35236_length_1884_cov_4.260252	1884	11289	5.99	1	19
NODE_35314_length_1880_cov_3.457534	1880	7659	4.07	1	7
NODE_35333_length_1879_cov_4.605263	1879	24205	12.88	1	46
NODE_35336_length_1879_cov_4.362939	1879	8296	4.42	1	8
NODE_35404_length_1876_cov_4.542559	1876	9170	4.89	1	9
NODE_35407_length_1876_cov_3.789676	1876	8514	4.54	1	8
NODE_35427_length_1875_cov_4.951648	1875	10721	5.72	1	10
NODE_35543_length_1870_cov_2.906887	1870	6518	3.49	1	7
NODE_35559_length_1869_cov_4.588203	1869	8066	4.32	1	8
NODE_35562_length_1869_cov_3.850606	1869	8039	4.30	1	9
NODE_35610_length_1867_cov_5.643488	1867	24839	13.30	2	28
NODE_35616_length_1867_cov_3.933775	1867	8048	4.31	0	9
NODE_35637_length_1866_cov_3.150745	1866	6108	3.27	1	6
NODE_35646_length_1865_cov_5.591713	1865	11150	5.98	1	11
NODE_35652_length_1865_cov_4.051934	1865	9388	5.03	0	13
NODE_35701_length_1863_cov_2.962389	1863	6170	3.31	1	7
NODE_35711_length_1862_cov_6.425014	1862	18485	9.93	1	22
NODE_35722_length_1862_cov_2.835086	1862	7097	3.81	1	8
NODE_35838_length_1856_cov_2.615769	1856	7007	3.78	1	9
NODE_35859_length_1855_cov_3.249444	1855	7661	4.13	1	11
NODE_35924_length_1852_cov_3.767947	1852	7650	4.13	1	8
NODE_35952_length_1850_cov_3.584958	1850	22035	11.91	0	366
NODE_35989_length_1848_cov_4.325711	1848	11040	5.97	1	14
NODE_36072_length_1844_cov_3.738401	1844	7436	4.03	1	21
NODE_36107_length_1842_cov_4.749301	1842	8678	4.71	1	11
NODE_36136_length_1841_cov_5.155655	1841	9216	5.01	1	10
NODE_36141_length_1841_cov_4.020157	1841	8043	4.37	1	8
NODE_36175_length_1839_cov_4.592489	1839	8771	4.77	1	10
NODE_36207_length_1838_cov_3.275379	1838	6737	3.67	1	7
NODE_36244_length_1836_cov_5.135879	1836	14139	7.70	1	16
NODE_36250_length_1836_cov_4.459293	1836	28822	15.70	0	38
NODE_36251_length_1836_cov_4.205503	1836	8833	4.81	1	8
NODE_36255_length_1836_cov_3.732734	1836	7631	4.16	1	10
NODE_36275_length_1835_cov_3.884831	1835	8267	4.51	1	8
NODE_36293_length_1834_cov_4.752670	1834	8863	4.83	0	11
NODE_36400_length_1830_cov_4.755493	1830	13769	7.52	1	35
NODE_36424_length_1829_cov_4.202368	1829	6905	3.78	1	10
NODE_36475_length_1827_cov_3.358916	1827	6913	3.78	0	9
NODE_36539_length_1824_cov_2.972301	1824	7928	4.35	1	21
NODE_36589_length_1821_cov_4.574745	1821	9937	5.46	1	11
NODE_36668_length_1818_cov_4.536018	1818	8651	4.76	1	10
NODE_36669_length_1818_cov_4.355644	1818	9030	4.97	1	10
NODE_36730_length_1816_cov_4.199886	1816	8599	4.74	1	12
NODE_36767_length_1815_cov_2.784091	1815	6516	3.59	1	6
NODE_36799_length_1813_cov_4.218999	1813	8099	4.47	1	9
NODE_36801_length_1813_cov_4.082480	1813	7512	4.14	1	9
NODE_36835_length_1811_cov_9.086560	1811	20481	11.31	1	22
NODE_36890_length_1809_cov_4.160775	1809	10809	5.98	0	17
NODE_36986_length_1805_cov_3.229714	1805	7394	4.10	1	8
NODE_37065_length_1802_cov_2.817974	1802	5829	3.23	1	8
NODE_37168_length_1797_cov_4.395522	1797	8383	4.66	1	9
NODE_37169_length_1797_cov_3.760620	1797	8337	4.64	1	34
NODE_37189_length_1796_cov_3.900632	1796	8203	4.57	1	9
NODE_37208_length_1795_cov_3.932184	1795	9456	5.27	1	17
NODE_37242_length_1794_cov_2.899367	1794	6688	3.73	1	12
NODE_37287_length_1792_cov_3.303972	1792	6955	3.88	1	8
NODE_37325_length_1790_cov_3.685879	1790	7241	4.05	1	8
NODE_37330_length_1790_cov_3.428818	1790	6826	3.81	1	9
NODE_37342_length_1789_cov_4.100346	1789	7681	4.29	1	15
NODE_37363_length_1788_cov_4.768609	1788	9428	5.27	1	11
NODE_37391_length_1787_cov_3.449192	1787	6676	3.74	1	7
NODE_37434_length_1785_cov_5.031792	1785	11331	6.35	1	18
NODE_37466_length_1784_cov_4.329670	1784	7969	4.47	1	10
NODE_37467_length_1784_cov_4.274147	1784	8507	4.77	1	38
NODE_37468_length_1784_cov_4.125506	1784	7745	4.34	1	8
NODE_37479_length_1784_cov_3.245807	1784	6004	3.37	0	12
NODE_37503_length_1783_cov_4.738426	1783	13161	7.38	1	21
NODE_37582_length_1780_cov_3.733913	1780	7903	4.44	1	11
NODE_37620_length_1778_cov_5.733604	1778	10173	5.72	1	19
NODE_37622_length_1778_cov_4.962275	1778	9384	5.28	1	11
NODE_37623_length_1778_cov_4.544399	1778	8534	4.80	1	10
NODE_37624_length_1778_cov_3.951248	1778	6824	3.84	1	9
NODE_37625_length_1778_cov_3.804411	1778	9631	5.42	1	19
NODE_37661_length_1776_cov_4.733295	1776	10121	5.70	1	10
NODE_37685_length_1775_cov_4.647674	1775	8593	4.84	1	25
NODE_37735_length_1773_cov_3.967986	1773	9220	5.20	1	13
NODE_37738_length_1773_cov_3.881257	1773	9751	5.50	1	35
NODE_37952_length_1765_cov_2.909357	1765	5642	3.20	1	7
NODE_37961_length_1764_cov_5.358689	1764	9641	5.47	1	11
NODE_37970_length_1764_cov_3.858982	1764	7928	4.49	1	8
NODE_37993_length_1763_cov_4.450820	1763	8567	4.86	1	11
NODE_38162_length_1756_cov_4.331570	1756	7397	4.21	1	8
NODE_38164_length_1756_cov_4.181658	1756	7608	4.33	1	9
NODE_38203_length_1755_cov_3.925882	1755	7485	4.26	0	8
NODE_38231_length_1754_cov_3.762802	1754	6469	3.69	1	7
NODE_38250_length_1753_cov_4.388693	1753	7474	4.26	0	8
NODE_38263_length_1753_cov_3.174912	1753	7022	4.01	1	10
NODE_38319_length_1750_cov_3.777581	1750	7498	4.28	1	26
NODE_38325_length_1750_cov_3.026549	1750	6429	3.67	1	10
NODE_38336_length_1749_cov_5.324085	1749	13874	7.93	1	22
NODE_38385_length_1747_cov_3.998818	1747	7593	4.35	1	9
NODE_38427_length_1746_cov_2.698995	1746	5658	3.24	0	8
NODE_38542_length_1741_cov_4.251483	1741	8296	4.77	1	10
NODE_38584_length_1739_cov_4.710808	1739	9723	5.59	1	10
NODE_38588_length_1739_cov_4.134204	1739	7977	4.59	1	9
NODE_38616_length_1738_cov_2.622698	1738	5485	3.16	0	9
NODE_38623_length_1737_cov_5.130202	1737	19994	11.51	5	24
NODE_38654_length_1736_cov_4.351576	1736	9560	5.51	1	11
NODE_38712_length_1734_cov_3.422871	1734	6612	3.81	1	14
NODE_38803_length_1731_cov_2.235680	1731	5385	3.11	1	6
NODE_38863_length_1728_cov_4.757920	1728	7649	4.43	1	8
NODE_38867_length_1728_cov_4.013748	1728	7105	4.11	1	12
NODE_38916_length_1726_cov_3.630760	1726	7069	4.10	0	7
NODE_38921_length_1726_cov_3.411131	1726	10494	6.08	1	35
NODE_38937_length_1725_cov_4.065269	1725	7277	4.22	1	10
NODE_38947_length_1725_cov_2.778443	1725	8100	4.70	1	24
NODE_39003_length_1722_cov_4.595681	1722	13359	7.76	1	17
NODE_39056_length_1720_cov_4.580180	1720	9718	5.65	1	22
NODE_39108_length_1718_cov_3.923632	1718	6708	3.90	1	9
NODE_39160_length_1716_cov_3.683323	1716	6542	3.81	1	8
NODE_39185_length_1715_cov_4.468675	1715	8599	5.01	1	12
NODE_39196_length_1715_cov_2.804217	1715	5504	3.21	1	6
NODE_39204_length_1715_cov_2.109639	1715	4850	2.83	0	8
NODE_39305_length_1710_cov_5.051360	1710	7907	4.62	0	10
NODE_39366_length_1708_cov_4.516636	1708	10007	5.86	2	17
NODE_39400_length_1707_cov_3.791768	1707	7212	4.22	1	8
NODE_39609_length_1699_cov_4.616180	1699	7181	4.23	1	10
NODE_39670_length_1697_cov_3.702801	1697	6692	3.94	1	7
NODE_39694_length_1696_cov_3.995734	1696	7818	4.61	1	11
NODE_39743_length_1694_cov_5.344112	1694	9229	5.45	1	11
NODE_39808_length_1691_cov_4.176039	1691	7139	4.22	0	9
NODE_39895_length_1688_cov_3.569504	1688	9189	5.44	1	15
NODE_39920_length_1687_cov_4.065564	1687	7409	4.39	1	12
NODE_39956_length_1685_cov_7.205521	1685	12280	7.29	1	13
NODE_39971_length_1685_cov_3.040491	1685	9328	5.54	1	14
NODE_39972_length_1685_cov_2.882209	1685	4546	2.70	1	5
NODE_39987_length_1684_cov_4.413751	1684	13459	7.99	1	40
NODE_39989_length_1684_cov_3.907305	1684	7256	4.31	0	12
NODE_39995_length_1684_cov_3.367710	1684	5475	3.25	1	6
NODE_40017_length_1683_cov_4.825553	1683	9301	5.53	1	14
NODE_40104_length_1681_cov_2.186962	1681	4501	2.68	1	9
NODE_40255_length_1675_cov_4.053704	1675	7646	4.56	1	10
NODE_40318_length_1673_cov_2.775649	1673	5853	3.50	1	8
NODE_40342_length_1672_cov_3.222016	1672	6318	3.78	1	9
NODE_40410_length_1669_cov_4.969641	1669	8435	5.05	1	12
NODE_40431_length_1669_cov_2.212515	1669	4082	2.45	1	5
NODE_40503_length_1665_cov_4.596894	1665	8089	4.86	1	12
NODE_40534_length_1664_cov_2.818521	1664	4292	2.58	1	6
NODE_40553_length_1663_cov_4.547886	1663	8507	5.12	1	10
NODE_40632_length_1660_cov_4.507165	1660	7576	4.56	1	12
NODE_40676_length_1659_cov_2.260599	1659	5196	3.13	0	10
NODE_40723_length_1657_cov_3.863296	1657	7426	4.48	1	13
NODE_40727_length_1657_cov_3.332709	1657	6739	4.07	0	9
NODE_40770_length_1655_cov_5.684375	1655	8667	5.24	1	10
NODE_40778_length_1655_cov_3.903125	1655	9032	5.46	1	17
NODE_40779_length_1655_cov_3.843125	1655	7760	4.69	1	22
NODE_40802_length_1654_cov_3.619762	1654	6765	4.09	1	8
NODE_40832_length_1653_cov_3.620150	1653	6305	3.81	1	8
NODE_40847_length_1652_cov_8.855354	1652	26176	15.85	2	59
NODE_41034_length_1646_cov_3.864865	1646	6539	3.97	0	8
NODE_41079_length_1645_cov_2.608176	1645	5444	3.31	1	8
NODE_41113_length_1644_cov_2.432977	1644	5080	3.09	1	7
NODE_41128_length_1643_cov_4.184509	1643	8293	5.05	1	11
NODE_41165_length_1642_cov_4.078765	1642	7686	4.68	1	20
NODE_41176_length_1642_cov_3.063012	1642	6412	3.90	1	9
NODE_41191_length_1641_cov_4.822825	1641	9356	5.70	0	13
NODE_41204_length_1641_cov_3.329760	1641	6461	3.94	1	8
NODE_41226_length_1640_cov_3.740694	1640	6627	4.04	0	9
NODE_41282_length_1638_cov_4.306380	1638	8892	5.43	1	14
NODE_41393_length_1634_cov_4.663711	1634	17561	10.75	1	23
NODE_41401_length_1634_cov_3.479417	1634	7130	4.36	1	10
NODE_41410_length_1634_cov_3.005066	1634	5591	3.42	1	7
NODE_41520_length_1630_cov_3.936508	1630	7639	4.69	1	9
NODE_41521_length_1630_cov_3.742857	1630	7917	4.86	1	10
NODE_41559_length_1629_cov_2.896442	1629	6061	3.72	1	31
NODE_41630_length_1626_cov_3.507320	1626	5844	3.59	1	16
NODE_41675_length_1624_cov_4.098789	1624	22678	13.96	0	51
NODE_41754_length_1621_cov_4.005109	1621	6160	3.80	1	9
NODE_41774_length_1620_cov_4.571246	1620	22320	13.78	1	25
NODE_41778_length_1620_cov_4.106070	1620	7312	4.51	1	9
NODE_41941_length_1614_cov_4.724824	1614	7876	4.88	1	9
NODE_41942_length_1614_cov_4.563182	1614	7889	4.89	1	8
NODE_41994_length_1612_cov_5.213873	1612	8142	5.05	1	13
NODE_41997_length_1612_cov_4.330764	1612	7157	4.44	1	10
NODE_42075_length_1609_cov_4.259331	1609	8512	5.29	1	9
NODE_42077_length_1609_cov_4.145431	1609	22935	14.25	3	23
NODE_42091_length_1609_cov_3.395109	1609	6242	3.88	1	7
NODE_42136_length_1607_cov_4.632732	1607	7312	4.55	1	8
NODE_42178_length_1606_cov_3.627337	1606	7889	4.91	1	9
NODE_42180_length_1606_cov_3.560928	1606	5875	3.66	1	7
NODE_42296_length_1602_cov_4.447964	1602	7590	4.74	1	8
NODE_42297_length_1602_cov_4.336781	1602	7983	4.98	1	11
NODE_42360_length_1600_cov_3.741100	1600	7581	4.74	0	11
NODE_42374_length_1600_cov_3.075728	1600	6489	4.06	1	14
NODE_42376_length_1600_cov_2.797411	1600	5740	3.59	1	8
NODE_42418_length_1598_cov_4.832145	1598	9235	5.78	1	13
NODE_42445_length_1597_cov_4.769780	1597	8548	5.35	1	10
NODE_42458_length_1597_cov_2.900130	1597	5899	3.69	0	9
NODE_42498_length_1595_cov_4.503247	1595	7212	4.52	1	13
NODE_42533_length_1594_cov_4.754386	1594	8264	5.18	1	10
NODE_42537_length_1594_cov_4.263808	1594	7219	4.53	1	10
NODE_42662_length_1590_cov_2.713355	1590	6422	4.04	1	8
NODE_42794_length_1585_cov_3.266667	1585	6492	4.10	1	12
NODE_42817_length_1584_cov_2.791367	1584	5801	3.66	1	8
NODE_42835_length_1583_cov_4.831806	1583	7738	4.89	1	11
NODE_42866_length_1582_cov_5.976424	1582	29022	18.35	8	29
NODE_42871_length_1582_cov_4.070072	1582	7112	4.50	0	8
NODE_42968_length_1579_cov_3.849738	1579	6347	4.02	1	7
NODE_42979_length_1579_cov_2.727034	1579	10448	6.62	1	44
NODE_43004_length_1578_cov_3.711097	1578	8748	5.54	1	12
NODE_43104_length_1574_cov_4.870968	1574	7997	5.08	1	10
NODE_43151_length_1573_cov_2.901186	1573	5550	3.53	0	13
NODE_43189_length_1572_cov_2.746210	1572	3643	2.32	1	5
NODE_43207_length_1571_cov_4.101583	1571	6720	4.28	1	12
NODE_43216_length_1571_cov_3.560026	1571	6284	4.00	1	10
NODE_43333_length_1567_cov_4.219577	1567	7433	4.74	1	9
NODE_43398_length_1565_cov_4.766225	1565	10256	6.55	1	13
NODE_43504_length_1562_cov_4.096218	1562	6162	3.94	1	8
NODE_43545_length_1561_cov_5.668659	1561	8924	5.72	1	12
NODE_43551_length_1561_cov_3.366534	1561	6286	4.03	1	8
NODE_43575_length_1560_cov_4.885714	1560	11480	7.36	1	26
NODE_43617_length_1559_cov_3.970080	1559	6154	3.95	1	8
NODE_43684_length_1557_cov_3.591877	1557	5201	3.34	0	8
NODE_43736_length_1555_cov_4.324000	1555	7504	4.83	1	8
NODE_43855_length_1552_cov_2.870407	1552	5871	3.78	0	9
NODE_43871_length_1551_cov_6.368984	1551	24313	15.68	6	23
NODE_43917_length_1550_cov_4.552508	1550	6723	4.34	1	9
NODE_43920_length_1550_cov_3.850836	1550	6158	3.97	0	9
NODE_43925_length_1550_cov_3.426087	1550	6901	4.45	1	13
NODE_43945_length_1549_cov_4.574297	1549	7967	5.14	1	11
NODE_44068_length_1545_cov_3.759060	1545	6072	3.93	1	7
NODE_44085_length_1545_cov_2.386577	1545	11631	7.53	1	60
NODE_44182_length_1541_cov_4.417900	1541	8700	5.65	1	12
NODE_44289_length_1538_cov_2.427512	1538	5030	3.27	0	20
NODE_44371_length_1535_cov_4.525676	1535	8342	5.43	1	12
NODE_44408_length_1534_cov_5.682218	1534	9623	6.27	1	11
NODE_44409_length_1534_cov_5.310345	1534	8490	5.53	1	12
NODE_44466_length_1532_cov_5.062288	1532	6648	4.34	1	8
NODE_44560_length_1530_cov_2.655593	1530	4343	2.84	0	5
NODE_44602_length_1529_cov_2.214383	1529	4814	3.15	1	6
NODE_44648_length_1527_cov_4.570652	1527	7504	4.91	0	19
NODE_44667_length_1527_cov_2.722147	1527	6983	4.57	1	10
NODE_44681_length_1526_cov_4.145479	1526	6728	4.41	1	9
NODE_44696_length_1526_cov_2.942216	1526	5179	3.39	1	9
NODE_44699_length_1526_cov_2.624065	1526	4590	3.01	1	6
NODE_44728_length_1525_cov_3.141497	1525	7960	5.22	1	47
NODE_44790_length_1523_cov_4.374659	1523	7984	5.24	1	25
NODE_44824_length_1522_cov_5.245399	1522	8478	5.57	1	14
NODE_44832_length_1522_cov_4.223586	1522	5617	3.69	1	7
NODE_44875_length_1521_cov_3.373806	1521	6142	4.04	1	7
NODE_44876_length_1521_cov_3.369714	1521	4713	3.10	0	6
NODE_45009_length_1517_cov_6.627223	1517	21919	14.45	6	24
NODE_45018_length_1517_cov_4.004104	1517	6487	4.28	1	9
NODE_45121_length_1514_cov_4.664839	1514	7193	4.75	1	15
NODE_45141_length_1514_cov_2.795751	1514	5009	3.31	1	6
NODE_45163_length_1513_cov_3.608368	1513	6463	4.27	1	9
NODE_45175_length_1513_cov_2.740741	1513	5786	3.82	1	17
NODE_45198_length_1512_cov_3.301304	1512	5817	3.85	1	14
NODE_45215_length_1511_cov_5.610577	1511	11352	7.51	3	23
NODE_45231_length_1511_cov_2.484890	1511	4598	3.04	1	6
NODE_45247_length_1510_cov_3.997938	1510	6601	4.37	1	8
NODE_45274_length_1509_cov_5.769601	1509	8837	5.86	1	12
NODE_45277_length_1509_cov_4.353508	1509	8445	5.60	1	10
NODE_45285_length_1509_cov_3.423659	1509	5903	3.91	1	8
NODE_45472_length_1503_cov_4.235497	1503	6967	4.64	1	11
NODE_45475_length_1503_cov_3.896409	1503	5502	3.66	1	8
NODE_45478_length_1503_cov_3.667818	1503	5361	3.57	1	7
NODE_45507_length_1502_cov_4.210781	1502	7388	4.92	1	10
NODE_45528_length_1502_cov_2.896337	1502	6039	4.02	1	11
NODE_45538_length_1501_cov_5.701245	1501	9239	6.16	1	11
NODE_45544_length_1501_cov_3.970954	1501	7879	5.25	1	17
NODE_45589_length_1500_cov_3.258131	1500	6361	4.24	1	13
NODE_45592_length_1500_cov_3.071972	1500	6081	4.05	1	8
NODE_45669_length_1498_cov_2.993763	1498	4588	3.06	1	6
NODE_45753_length_1496_cov_2.832061	1496	4723	3.16	0	8
NODE_45791_length_1495_cov_3.277083	1495	6086	4.07	1	9
NODE_45813_length_1494_cov_4.432245	1494	19554	13.09	1	364
NODE_45900_length_1492_cov_3.212248	1492	6431	4.31	1	8
NODE_45930_length_1491_cov_3.012535	1491	4760	3.19	1	6
NODE_45962_length_1490_cov_2.871080	1490	5050	3.39	1	11
NODE_45970_length_1490_cov_1.824390	1490	4204	2.82	1	8
NODE_45985_length_1489_cov_3.845188	1489	6747	4.53	1	9
NODE_45998_length_1489_cov_3.022315	1489	4982	3.35	0	10
NODE_46004_length_1489_cov_2.796374	1489	4556	3.06	1	8
NODE_46043_length_1488_cov_2.901605	1488	4413	2.97	1	7
NODE_46050_length_1488_cov_2.771807	1488	4627	3.11	1	7
NODE_46125_length_1485_cov_4.185315	1485	7145	4.81	1	10
NODE_46129_length_1485_cov_4.006993	1485	7662	5.16	1	9
NODE_46201_length_1483_cov_4.214286	1483	7937	5.35	1	9
NODE_46343_length_1479_cov_4.696629	1479	9934	6.72	1	17
NODE_46369_length_1479_cov_2.757022	1479	6020	4.07	1	13
NODE_46397_length_1478_cov_4.038651	1478	7387	5.00	1	11
NODE_46408_length_1478_cov_3.404779	1478	4264	2.88	1	5
NODE_46443_length_1477_cov_3.852321	1477	6138	4.16	1	9
NODE_46447_length_1477_cov_3.490858	1477	6604	4.47	1	9
NODE_46546_length_1474_cov_4.934461	1474	8554	5.80	2	18
NODE_46556_length_1474_cov_3.582805	1474	5946	4.03	0	8
NODE_46647_length_1471_cov_4.646186	1471	8096	5.50	1	13
NODE_46693_length_1470_cov_3.333569	1470	5986	4.07	0	9
NODE_46713_length_1469_cov_4.780057	1469	7704	5.24	1	23
NODE_46718_length_1469_cov_4.228430	1469	7323	4.99	0	10
NODE_46765_length_1468_cov_2.738146	1468	5270	3.59	0	7
NODE_46783_length_1467_cov_3.902975	1467	6631	4.52	0	10
NODE_46833_length_1466_cov_2.827782	1466	4503	3.07	1	8
NODE_46850_length_1465_cov_9.954610	1465	50703	34.61	6	152
NODE_46863_length_1465_cov_3.401418	1465	5306	3.62	1	7
NODE_46979_length_1462_cov_3.046908	1462	6043	4.13	1	13
NODE_46993_length_1461_cov_4.388336	1461	7486	5.12	1	14
NODE_47000_length_1461_cov_3.757468	1461	6591	4.51	1	15
NODE_47040_length_1460_cov_4.116014	1460	7157	4.90	1	10
NODE_47071_length_1459_cov_4.585470	1459	7998	5.48	0	10
NODE_47118_length_1457_cov_5.828103	1457	10753	7.38	1	26
NODE_47119_length_1457_cov_5.633381	1457	10115	6.94	1	14
NODE_47122_length_1457_cov_3.989301	1457	6099	4.19	1	9
NODE_47173_length_1455_cov_9.252857	1455	26409	18.15	8	33
NODE_47181_length_1455_cov_4.252857	1455	7637	5.25	1	10
NODE_47246_length_1453_cov_8.114449	1453	23755	16.35	7	26
NODE_47270_length_1453_cov_3.333333	1453	6156	4.24	1	13
NODE_47324_length_1451_cov_4.748567	1451	7906	5.45	1	20
NODE_47372_length_1450_cov_2.746953	1450	3586	2.47	1	5
NODE_47385_length_1449_cov_4.505739	1449	7103	4.90	1	8
NODE_47387_length_1449_cov_4.344333	1449	7004	4.83	1	13
NODE_47526_length_1445_cov_3.980576	1445	6094	4.22	1	9
NODE_47538_length_1445_cov_2.597122	1445	5200	3.60	1	8
NODE_47584_length_1443_cov_8.106628	1443	22781	15.79	5	32
NODE_47616_length_1442_cov_4.434751	1442	8128	5.64	0	27
NODE_47647_length_1441_cov_5.670996	1441	6584	4.57	1	12
NODE_47654_length_1441_cov_3.857143	1441	7258	5.04	1	12
NODE_47725_length_1439_cov_4.526012	1439	6717	4.67	1	8
NODE_47755_length_1439_cov_1.864884	1439	3867	2.69	1	5
NODE_47857_length_1436_cov_2.726285	1436	5754	4.01	1	14
NODE_47924_length_1434_cov_3.423495	1434	6435	4.49	1	9
NODE_47928_length_1434_cov_3.178390	1434	6267	4.37	1	8
NODE_47996_length_1432_cov_3.743646	1432	5816	4.06	0	14
NODE_48033_length_1431_cov_4.406977	1431	6722	4.70	1	9
NODE_48036_length_1431_cov_3.678052	1431	6258	4.37	1	10
NODE_48054_length_1431_cov_2.770349	1431	4336	3.03	1	6
NODE_48100_length_1429_cov_5.030568	1429	7858	5.50	1	15
NODE_48102_length_1429_cov_4.321689	1429	22621	15.83	1	233
NODE_48106_length_1429_cov_3.840611	1429	6421	4.49	1	14
NODE_48317_length_1423_cov_5.372807	1423	16045	11.28	2	20
NODE_48367_length_1422_cov_3.254572	1422	5874	4.13	1	11
NODE_48371_length_1422_cov_2.963424	1422	5163	3.63	0	8
NODE_48395_length_1421_cov_4.513177	1421	7183	5.05	1	13
NODE_48432_length_1420_cov_5.930403	1420	8805	6.20	1	12
NODE_48460_length_1420_cov_2.681319	1420	5241	3.69	1	7
NODE_48545_length_1417_cov_3.905286	1417	6473	4.57	1	9
NODE_48551_length_1417_cov_3.232012	1417	4451	3.14	0	7
NODE_48576_length_1416_cov_3.931668	1416	6377	4.50	1	8
NODE_48631_length_1415_cov_2.699265	1415	4493	3.18	1	6
NODE_48660_length_1414_cov_3.456954	1414	13313	9.42	1	33
NODE_48679_length_1414_cov_1.930831	1414	4399	3.11	1	6
NODE_48825_length_1410_cov_2.726199	1410	4443	3.15	1	6
NODE_48831_length_1410_cov_2.425830	1410	3868	2.74	1	6
NODE_48857_length_1409_cov_3.576071	1409	5574	3.96	0	10
NODE_48894_length_1408_cov_4.662971	1408	5260	3.74	1	7
NODE_48895_length_1408_cov_4.147820	1408	5626	4.00	1	11
NODE_48897_length_1408_cov_3.909830	1408	5720	4.06	1	9
NODE_48954_length_1407_cov_3.201183	1407	4533	3.22	1	7
NODE_48979_length_1406_cov_5.977054	1406	8559	6.09	1	14
NODE_48986_length_1406_cov_4.219097	1406	6588	4.69	1	12
NODE_49002_length_1406_cov_2.834937	1406	5532	3.93	1	37
NODE_49014_length_1406_cov_2.374537	1406	6091	4.33	1	24
NODE_49023_length_1405_cov_5.895556	1405	8466	6.03	1	12
NODE_49062_length_1404_cov_4.288362	1404	17080	12.17	3	20
NODE_49108_length_1403_cov_2.801929	1403	5453	3.89	1	12
NODE_49125_length_1402_cov_5.589458	1402	7707	5.50	1	9
NODE_49138_length_1402_cov_3.210097	1402	4643	3.31	1	7
NODE_49227_length_1400_cov_2.194796	1400	5794	4.14	0	14
NODE_49238_length_1399_cov_4.924851	1399	8061	5.76	1	13
NODE_49309_length_1398_cov_2.034252	1398	2971	2.13	1	5
NODE_49330_length_1397_cov_3.379285	1397	5100	3.65	1	7
NODE_49367_length_1396_cov_3.408650	1396	6000	4.30	1	10
NODE_49460_length_1394_cov_3.060493	1394	5414	3.88	1	20
NODE_49485_length_1393_cov_4.767564	1393	6751	4.85	1	10
NODE_49488_length_1393_cov_4.598655	1393	6002	4.31	1	9
NODE_49583_length_1391_cov_4.289671	1391	6811	4.90	1	10
NODE_49715_length_1388_cov_5.141785	1388	10352	7.46	1	13
NODE_49767_length_1387_cov_3.836336	1387	6324	4.56	1	12
NODE_49837_length_1386_cov_2.926371	1386	3833	2.77	1	6
NODE_49865_length_1385_cov_3.345113	1385	4713	3.40	1	8
NODE_50084_length_1379_cov_3.855740	1379	6021	4.37	1	10
NODE_50097_length_1379_cov_2.695619	1379	4078	2.96	0	7
NODE_50351_length_1372_cov_7.131359	1372	7725	5.63	1	14
NODE_50420_length_1371_cov_2.680851	1371	5333	3.89	1	8
NODE_50666_length_1364_cov_3.956455	1364	4797	3.52	1	13
NODE_50674_length_1364_cov_3.472116	1364	4910	3.60	0	7
NODE_50691_length_1364_cov_2.618029	1364	4986	3.66	1	12
NODE_50704_length_1363_cov_7.161315	1363	28056	20.58	1	33
NODE_50732_length_1363_cov_2.708716	1363	7457	5.47	1	44
NODE_50743_length_1363_cov_1.847859	1363	2787	2.04	1	4
NODE_50755_length_1362_cov_4.120888	1362	7339	5.39	1	13
NODE_50766_length_1362_cov_3.264728	1362	5905	4.34	1	8
NODE_50786_length_1362_cov_2.543994	1362	4751	3.49	1	8
NODE_50796_length_1361_cov_7.519908	1361	20360	14.96	1	26
NODE_50834_length_1360_cov_7.998467	1360	12147	8.93	1	21
NODE_50876_length_1359_cov_4.201687	1359	7057	5.19	1	14
NODE_50888_length_1359_cov_3.316718	1359	4461	3.28	1	6
NODE_50914_length_1358_cov_4.214121	1358	6370	4.69	1	9
NODE_50916_length_1358_cov_4.042978	1358	5001	3.68	1	7
NODE_50926_length_1358_cov_3.268611	1358	4039	2.97	1	8
NODE_51003_length_1356_cov_5.063028	1356	8006	5.90	1	12
NODE_51004_length_1356_cov_4.527287	1356	6134	4.52	1	13
NODE_51008_length_1356_cov_4.340507	1356	5746	4.24	1	9
NODE_51016_length_1356_cov_3.482706	1356	5611	4.14	1	8
NODE_51050_length_1355_cov_3.970769	1355	5632	4.16	1	7
NODE_51091_length_1354_cov_4.758276	1354	7582	5.60	1	11
NODE_51141_length_1353_cov_4.167951	1353	5439	4.02	1	9
NODE_51226_length_1351_cov_4.761574	1351	11537	8.54	2	14
NODE_51236_length_1351_cov_3.369599	1351	5297	3.92	1	6
NODE_51274_length_1350_cov_4.230888	1350	6164	4.57	1	8
NODE_51322_length_1349_cov_3.843895	1349	5213	3.86	1	7
NODE_51325_length_1349_cov_3.597372	1349	6297	4.67	2	9
NODE_51359_length_1348_cov_5.730858	1348	6400	4.75	1	10
NODE_51438_length_1346_cov_3.872967	1346	5284	3.93	1	7
NODE_51471_length_1345_cov_5.891473	1345	7508	5.58	1	11
NODE_51530_length_1344_cov_3.514352	1344	4465	3.32	1	8
NODE_51539_length_1344_cov_3.001552	1344	7222	5.37	1	24
NODE_51556_length_1343_cov_10.256988	1343	16847	12.54	3	43
NODE_51568_length_1343_cov_4.177019	1343	5915	4.40	1	23
NODE_51575_length_1343_cov_3.650621	1343	5327	3.97	1	8
NODE_51582_length_1343_cov_3.177795	1343	6394	4.76	0	12
NODE_51585_length_1343_cov_3.124224	1343	5095	3.79	1	10
NODE_51609_length_1342_cov_5.421134	1342	8342	6.22	1	20
NODE_51616_length_1342_cov_3.731158	1342	4430	3.30	1	7
NODE_51699_length_1340_cov_3.471595	1340	5511	4.11	1	8
NODE_51861_length_1336_cov_4.800937	1336	6218	4.65	1	7
NODE_51872_length_1336_cov_3.522248	1336	6498	4.86	1	9
NODE_51902_length_1335_cov_18.662500	1335	29835	22.35	14	33
NODE_51926_length_1335_cov_3.200000	1335	4940	3.70	1	6
NODE_51975_length_1334_cov_2.577013	1334	4898	3.67	1	10
NODE_51999_length_1333_cov_4.042254	1333	5847	4.39	1	8
NODE_52033_length_1332_cov_4.593579	1332	22509	16.90	1	31
NODE_52093_length_1331_cov_3.090125	1331	4619	3.47	1	8
NODE_52127_length_1330_cov_3.423529	1330	4917	3.70	1	9
NODE_52147_length_1329_cov_4.996075	1329	6553	4.93	1	11
NODE_52193_length_1328_cov_4.015711	1328	6039	4.55	1	10
NODE_52286_length_1326_cov_5.984264	1326	8000	6.03	2	10
NODE_52409_length_1324_cov_2.021277	1324	3484	2.63	1	5
NODE_52452_length_1323_cov_1.874606	1323	3499	2.64	1	5
NODE_52487_length_1322_cov_2.572218	1322	4574	3.46	1	6
NODE_52519_length_1321_cov_3.315166	1321	5302	4.01	1	7
NODE_52521_length_1321_cov_3.169036	1321	4666	3.53	1	7
NODE_52553_length_1320_cov_4.257708	1320	5668	4.29	1	8
NODE_52556_length_1320_cov_3.852174	1320	5591	4.24	1	8
NODE_52557_length_1320_cov_3.822134	1320	5104	3.87	1	8
NODE_52579_length_1320_cov_2.309091	1320	3677	2.79	0	6
NODE_52685_length_1317_cov_5.317750	1317	7538	5.72	1	9
NODE_52687_length_1317_cov_4.916006	1317	8065	6.12	1	34
NODE_52714_length_1317_cov_2.481775	1317	4170	3.17	0	8
NODE_52726_length_1316_cov_6.195083	1316	7695	5.85	1	10
NODE_52728_length_1316_cov_5.206979	1316	9122	6.93	2	60
NODE_52745_length_1316_cov_3.243458	1316	5085	3.86	1	11
NODE_52781_length_1315_cov_4.520635	1315	7133	5.42	1	14
NODE_52835_length_1314_cov_3.722796	1314	4867	3.70	1	8
NODE_52871_length_1313_cov_5.041335	1313	7202	5.49	1	11
NODE_52932_length_1312_cov_4.148767	1312	5314	4.05	1	8
NODE_52945_length_1312_cov_3.326969	1312	5037	3.84	1	7
NODE_53049_length_1310_cov_2.392829	1310	3774	2.88	1	5
NODE_53170_length_1307_cov_6.583866	1307	21347	16.33	0	56
NODE_53174_length_1307_cov_5.234026	1307	11254	8.61	1	28
NODE_53177_length_1307_cov_4.913738	1307	6961	5.33	1	11
NODE_53226_length_1306_cov_4.165468	1306	5921	4.53	1	10
NODE_53237_length_1306_cov_2.995204	1306	5986	4.58	1	10
NODE_53261_length_1305_cov_6.232000	1305	7792	5.97	1	12
NODE_53268_length_1305_cov_4.136800	1305	6452	4.94	1	21
NODE_53287_length_1305_cov_3.106400	1305	4938	3.78	1	10
NODE_53305_length_1304_cov_5.087270	1304	6559	5.03	2	18
NODE_53310_length_1304_cov_3.714972	1304	6270	4.81	1	10
NODE_53314_length_1304_cov_3.309848	1304	5979	4.59	1	8
NODE_53356_length_1303_cov_5.325321	1303	7004	5.38	1	10
NODE_53511_length_1300_cov_5.138956	1300	6477	4.98	1	8
NODE_53548_length_1299_cov_4.811093	1299	5197	4.00	1	8
NODE_53616_length_1298_cov_3.183427	1298	7337	5.65	1	29
NODE_53619_length_1298_cov_3.024135	1298	5080	3.91	1	8
NODE_53630_length_1298_cov_2.522124	1298	3554	2.74	1	7
NODE_53661_length_1297_cov_4.216586	1297	5874	4.53	1	9
NODE_53699_length_1296_cov_3.525383	1296	6058	4.67	0	10
NODE_53700_length_1296_cov_3.522965	1296	5097	3.93	1	8
NODE_53703_length_1296_cov_3.409347	1296	4551	3.51	0	7
NODE_53713_length_1296_cov_2.983078	1296	4503	3.47	1	8
NODE_53744_length_1295_cov_4.302419	1295	5860	4.53	1	8
NODE_53753_length_1295_cov_3.446774	1295	4634	3.58	1	8
NODE_53780_length_1294_cov_4.600484	1294	5450	4.21	1	9
NODE_53801_length_1294_cov_1.988701	1294	3122	2.41	0	7
NODE_53861_length_1292_cov_6.601455	1292	11437	8.85	2	48
NODE_53869_length_1292_cov_4.599838	1292	6280	4.86	1	10
NODE_53872_length_1292_cov_4.471302	1292	9015	6.98	1	60
NODE_53962_length_1290_cov_4.840486	1290	6774	5.25	1	11
NODE_54019_length_1289_cov_3.225284	1289	4254	3.30	1	7
NODE_54171_length_1285_cov_7.342276	1285	22049	17.16	5	28
NODE_54225_length_1284_cov_4.696501	1284	5911	4.60	1	13
NODE_54274_length_1283_cov_6.233713	1283	8741	6.81	1	15
NODE_54308_length_1283_cov_2.805375	1283	4051	3.16	0	26
NODE_54315_length_1283_cov_2.538274	1283	4769	3.72	1	19
NODE_54333_length_1282_cov_4.170334	1282	5383	4.20	1	8
NODE_54398_length_1281_cov_3.078303	1281	4882	3.81	1	8
NODE_54432_length_1280_cov_4.519184	1280	8121	6.34	1	11
NODE_54448_length_1280_cov_2.714286	1280	3987	3.11	1	6
NODE_54476_length_1279_cov_4.631536	1279	6308	4.93	0	9
NODE_54517_length_1278_cov_5.424366	1278	6039	4.73	1	11
NODE_54560_length_1277_cov_4.585925	1277	6273	4.91	1	11
NODE_54705_length_1274_cov_3.311731	1274	5663	4.45	1	8
NODE_54859_length_1271_cov_2.850329	1271	5141	4.04	1	7
NODE_54863_length_1271_cov_2.670230	1271	4572	3.60	1	7
NODE_54864_length_1271_cov_2.644737	1271	4232	3.33	1	7
NODE_54889_length_1270_cov_4.486420	1270	28283	22.27	1	37
NODE_54905_length_1270_cov_3.404115	1270	4584	3.61	1	8
NODE_54942_length_1269_cov_5.399506	1269	6536	5.15	1	10
NODE_54954_length_1269_cov_3.364909	1269	5256	4.14	1	11
NODE_54992_length_1268_cov_3.737016	1268	6042	4.76	1	9
NODE_55042_length_1267_cov_3.720297	1267	4013	3.17	1	7
NODE_55129_length_1265_cov_6.260331	1265	47724	37.73	2	93
NODE_55157_length_1265_cov_2.701653	1265	4944	3.91	1	11
NODE_55204_length_1264_cov_2.559140	1264	3977	3.15	0	7
NODE_55364_length_1261_cov_1.489221	1261	2861	2.27	1	5
NODE_55456_length_1258_cov_4.967581	1258	6947	5.52	1	11
NODE_55488_length_1258_cov_1.947631	1258	2641	2.10	1	4
NODE_55501_length_1257_cov_4.569884	1257	7580	6.03	1	15
NODE_55553_length_1256_cov_4.798501	1256	7456	5.94	1	11
NODE_55565_length_1256_cov_3.638634	1256	4600	3.66	1	11
NODE_55629_length_1255_cov_3.054167	1255	4796	3.82	1	12
NODE_55778_length_1252_cov_2.825397	1252	3706	2.96	0	7
NODE_55781_length_1252_cov_2.722640	1252	4607	3.68	1	7
NODE_55807_length_1251_cov_4.542642	1251	5588	4.47	1	9
NODE_55812_length_1251_cov_3.935619	1251	5926	4.74	1	11
NODE_55845_length_1250_cov_4.480335	1250	6415	5.13	1	18
NODE_55908_length_1249_cov_3.448911	1249	5830	4.67	1	11
NODE_55963_length_1248_cov_2.462699	1248	4065	3.26	1	10
NODE_55999_length_1247_cov_3.295302	1247	6576	5.27	2	13
NODE_56016_length_1247_cov_2.678691	1247	4163	3.34	1	7
NODE_56175_length_1243_cov_7.760943	1243	19206	15.45	9	23
NODE_56179_length_1243_cov_4.823232	1243	13478	10.84	2	34
NODE_56206_length_1243_cov_3.060606	1243	5323	4.28	1	8
NODE_56247_length_1242_cov_4.074979	1242	5353	4.31	1	10
NODE_56262_length_1242_cov_2.803707	1242	3734	3.01	1	7
NODE_56302_length_1241_cov_3.994098	1241	4746	3.82	1	7
NODE_56306_length_1241_cov_3.924958	1241	4902	3.95	1	9
NODE_56327_length_1241_cov_2.521079	1241	3071	2.47	1	6
NODE_56358_length_1240_cov_3.602532	1240	5079	4.10	1	8
NODE_56405_length_1239_cov_3.896959	1239	5645	4.56	1	10
NODE_56414_length_1239_cov_3.209459	1239	4549	3.67	1	8
NODE_56507_length_1237_cov_3.967005	1237	4910	3.97	1	8
NODE_56512_length_1237_cov_3.639594	1237	4267	3.45	1	8
NODE_56518_length_1237_cov_3.263959	1237	8264	6.68	1	36
NODE_56531_length_1237_cov_2.566836	1237	4144	3.35	0	8
NODE_56600_length_1235_cov_9.895763	1235	20978	16.99	10	26
NODE_56609_length_1235_cov_4.079661	1235	5197	4.21	0	10
NODE_56677_length_1234_cov_3.316370	1234	5858	4.75	1	11
NODE_56714_length_1233_cov_5.593379	1233	6849	5.55	0	11
NODE_56715_length_1233_cov_4.904924	1233	18044	14.63	1	25
NODE_56814_length_1231_cov_3.855442	1231	5008	4.07	1	7
NODE_56865_length_1230_cov_4.917447	1230	7460	6.07	1	16
NODE_56881_length_1230_cov_3.594043	1230	5018	4.08	1	8
NODE_56914_length_1229_cov_4.605622	1229	6319	5.14	1	14
NODE_56963_length_1228_cov_6.005968	1228	5803	4.73	2	11
NODE_57018_length_1227_cov_8.802901	1227	11552	9.41	3	17
NODE_57021_length_1227_cov_5.046928	1227	6974	5.68	1	13
NODE_57022_length_1227_cov_4.656997	1227	9270	7.56	2	27
NODE_57093_length_1226_cov_3.061486	1226	3552	2.90	0	10
NODE_57133_length_1225_cov_3.182051	1225	4907	4.01	1	8
NODE_57203_length_1224_cov_2.476476	1224	3421	2.79	0	7
NODE_57301_length_1222_cov_3.376178	1222	4346	3.56	1	8
NODE_57311_length_1222_cov_2.527849	1222	4275	3.50	1	8
NODE_57333_length_1221_cov_5.053173	1221	7118	5.83	1	9
NODE_57337_length_1221_cov_4.236707	1221	3765	3.08	1	7
NODE_57384_length_1220_cov_8.377682	1220	12623	10.35	1	21
NODE_57445_length_1219_cov_4.889175	1219	6565	5.39	1	14
NODE_57483_length_1219_cov_2.518041	1219	3260	2.67	1	5
NODE_57576_length_1217_cov_2.823580	1217	3540	2.91	1	5
NODE_57742_length_1214_cov_3.186368	1214	3443	2.84	0	5
NODE_57776_length_1213_cov_5.043178	1213	5810	4.79	1	10
NODE_57855_length_1212_cov_3.066551	1212	5043	4.16	1	14
NODE_57885_length_1211_cov_4.930796	1211	5420	4.48	1	9
NODE_57968_length_1210_cov_3.371429	1210	4044	3.34	1	6
NODE_58125_length_1207_cov_3.908854	1207	5616	4.65	1	9
NODE_58143_length_1207_cov_2.849826	1207	8143	6.75	0	16
NODE_58152_length_1207_cov_2.330729	1207	3801	3.15	0	7
NODE_58155_length_1207_cov_2.264757	1207	2961	2.45	1	5
NODE_58280_length_1204_cov_4.046997	1204	9637	8.00	1	18
NODE_58494_length_1200_cov_2.719651	1200	4335	3.61	0	7
NODE_58566_length_1198_cov_8.195101	1198	15034	12.55	3	26
NODE_58569_length_1198_cov_5.214348	1198	7722	6.45	1	20
NODE_58623_length_1197_cov_5.799475	1197	6982	5.83	1	11
NODE_58791_length_1194_cov_5.316067	1194	13571	11.37	1	167
NODE_58902_length_1192_cov_5.561126	1192	12486	10.47	0	20
NODE_58912_length_1192_cov_3.751979	1192	5542	4.65	1	9
NODE_59008_length_1190_cov_5.019383	1190	7230	6.08	1	11
NODE_59026_length_1190_cov_3.301322	1190	4916	4.13	1	7
NODE_59059_length_1189_cov_5.026455	1189	4935	4.15	1	8
NODE_59103_length_1188_cov_5.182701	1188	5943	5.00	1	8
NODE_59128_length_1188_cov_3.301853	1188	4737	3.99	1	13
NODE_59146_length_1188_cov_2.687555	1188	2940	2.47	1	5
NODE_59239_length_1186_cov_4.279399	1186	4831	4.07	0	7
NODE_59305_length_1185_cov_3.334513	1185	4042	3.41	1	7
NODE_59362_length_1184_cov_3.197520	1184	4107	3.47	1	7
NODE_59364_length_1184_cov_3.138175	1184	4755	4.02	1	7
NODE_59450_length_1182_cov_5.748004	1182	8455	7.15	1	17
NODE_59454_length_1182_cov_3.697427	1182	5249	4.44	1	8
NODE_59629_length_1179_cov_4.810498	1179	6507	5.52	1	14
NODE_59632_length_1179_cov_4.303381	1179	5896	5.00	1	11
NODE_59689_length_1178_cov_4.055209	1178	4697	3.99	1	9
NODE_59701_length_1178_cov_3.301870	1178	4545	3.86	1	6
NODE_59702_length_1178_cov_3.214604	1178	10246	8.70	1	17
NODE_59781_length_1177_cov_2.376114	1177	4159	3.53	1	7
NODE_59866_length_1175_cov_3.339286	1175	5015	4.27	1	8
NODE_59912_length_1174_cov_4.487936	1174	6041	5.15	1	10
NODE_59924_length_1174_cov_3.865952	1174	5293	4.51	1	11
NODE_60054_length_1172_cov_3.209490	1172	5738	4.90	2	17
NODE_60128_length_1171_cov_2.747312	1171	3550	3.03	1	6
NODE_60154_length_1170_cov_4.931839	1170	5121	4.38	1	9
NODE_60223_length_1169_cov_2.909336	1169	3762	3.22	1	6
NODE_60269_length_1168_cov_3.488769	1168	5888	5.04	1	20
NODE_60306_length_1167_cov_5.171763	1167	11750	10.07	2	28
NODE_60401_length_1166_cov_2.107111	1166	8425	7.23	1	15
NODE_60423_length_1165_cov_3.997297	1165	4843	4.16	0	11
NODE_60490_length_1164_cov_3.064923	1164	3119	2.68	1	5
NODE_60493_length_1164_cov_2.998197	1164	3758	3.23	1	8
NODE_60531_length_1163_cov_4.080325	1163	4790	4.12	0	8
NODE_60555_length_1163_cov_2.938628	1163	4431	3.81	1	8
NODE_60699_length_1160_cov_4.126697	1160	5099	4.40	0	11
NODE_60706_length_1160_cov_3.369231	1160	4731	4.08	1	8
NODE_60752_length_1159_cov_3.925725	1159	4715	4.07	1	8
NODE_60764_length_1159_cov_3.263587	1159	4496	3.88	1	9
NODE_60816_length_1158_cov_3.836809	1158	4414	3.81	1	8
NODE_60837_length_1158_cov_3.158658	1158	4272	3.69	1	8
NODE_60877_length_1157_cov_4.309437	1157	4597	3.97	1	9
NODE_60899_length_1157_cov_2.931034	1157	3191	2.76	1	5
NODE_60901_length_1157_cov_2.870236	1157	3420	2.96	1	7
NODE_61019_length_1155_cov_2.445455	1155	3038	2.63	0	5
NODE_61047_length_1154_cov_3.825296	1154	6551	5.68	1	14
NODE_61080_length_1154_cov_1.920837	1154	5020	4.35	1	11
NODE_61093_length_1153_cov_9.174863	1153	24499	21.25	12	40
NODE_61113_length_1153_cov_3.034608	1153	4323	3.75	1	8
NODE_61121_length_1153_cov_2.739526	1153	3400	2.95	1	7
NODE_61157_length_1152_cov_6.712853	1152	98011	85.08	4	314
NODE_61162_length_1152_cov_4.366454	1152	4630	4.02	1	12
NODE_61174_length_1152_cov_3.367366	1152	4907	4.26	1	8
NODE_61188_length_1152_cov_2.821331	1152	4431	3.85	1	8
NODE_61268_length_1150_cov_7.020091	1150	6935	6.03	1	16
NODE_61280_length_1150_cov_4.260274	1150	7562	6.58	1	19
NODE_61403_length_1148_cov_5.509607	1148	6800	5.92	1	12
NODE_61442_length_1148_cov_2.452882	1148	4087	3.56	1	7
NODE_61488_length_1147_cov_3.471612	1147	3893	3.39	1	9
NODE_61515_length_1147_cov_1.672161	1147	2609	2.27	1	7
NODE_61556_length_1146_cov_2.844180	1146	3279	2.86	1	7
NODE_61563_length_1146_cov_2.604950	1146	4882	4.26	0	17
NODE_61589_length_1145_cov_5.322936	1145	17202	15.02	6	20
NODE_61618_length_1145_cov_2.963303	1145	4041	3.53	1	8
NODE_61754_length_1143_cov_2.443015	1143	3142	2.75	1	6
NODE_61783_length_1142_cov_5.753450	1142	6867	6.01	1	16
NODE_61810_length_1142_cov_2.885925	1142	3733	3.27	1	6
NODE_61881_length_1140_cov_4.929032	1140	22977	20.16	2	81
NODE_62019_length_1138_cov_5.000000	1138	23324	20.50	10	31
NODE_62078_length_1137_cov_3.785582	1137	4701	4.13	1	11
NODE_62079_length_1137_cov_3.774492	1137	4806	4.23	1	11
NODE_62094_length_1137_cov_3.024954	1137	4555	4.01	1	9
NODE_62187_length_1135_cov_5.510185	1135	17331	15.27	1	27
NODE_62199_length_1135_cov_3.958333	1135	4675	4.12	1	8
NODE_62360_length_1132_cov_4.918292	1132	5274	4.66	1	9
NODE_62372_length_1132_cov_3.684308	1132	4533	4.00	1	6
NODE_62451_length_1131_cov_2.869888	1131	3484	3.08	1	6
NODE_62531_length_1129_cov_5.156425	1129	6149	5.45	1	13
NODE_62537_length_1129_cov_4.188082	1129	10255	9.08	3	22
NODE_62587_length_1128_cov_6.029823	1128	7828	6.94	1	16
NODE_62625_length_1128_cov_2.616962	1128	4659	4.13	0	27
NODE_62648_length_1127_cov_5.592351	1127	7316	6.49	1	15
NODE_62676_length_1127_cov_2.720149	1127	3648	3.24	1	15
NODE_62718_length_1126_cov_3.154995	1126	4113	3.65	1	11
NODE_62723_length_1126_cov_2.995331	1126	3908	3.47	0	8
NODE_62788_length_1125_cov_3.099065	1125	3401	3.02	1	5
NODE_62854_length_1124_cov_3.267540	1124	9611	8.55	3	30
NODE_62896_length_1123_cov_4.427903	1123	8746	7.79	2	16
NODE_63038_length_1121_cov_3.347092	1121	3615	3.22	1	6
NODE_63088_length_1120_cov_5.267606	1120	5789	5.17	1	11
NODE_63112_length_1120_cov_3.097653	1120	3859	3.45	1	8
NODE_63129_length_1120_cov_2.554930	1120	3097	2.77	1	5
NODE_63150_length_1119_cov_7.521617	1119	19124	17.09	7	25
NODE_63179_length_1119_cov_2.890038	1119	3990	3.57	1	8
NODE_63190_length_1119_cov_2.354323	1119	3432	3.07	1	6
NODE_63194_length_1119_cov_2.268797	1119	3200	2.86	1	5
NODE_63217_length_1118_cov_7.192850	1118	8461	7.57	1	16
NODE_63351_length_1116_cov_3.403393	1116	3762	3.37	1	7
NODE_63468_length_1114_cov_3.398489	1114	6529	5.86	0	52
NODE_63476_length_1114_cov_3.136922	1114	4811	4.32	1	9
NODE_63520_length_1113_cov_4.182420	1113	4840	4.35	0	10
NODE_63560_length_1113_cov_2.303403	1113	3590	3.23	1	7
NODE_63581_length_1112_cov_3.888363	1112	4789	4.31	1	8
NODE_63630_length_1111_cov_6.357955	1111	21877	19.69	2	33
NODE_63631_length_1111_cov_4.931818	1111	5637	5.07	1	9
NODE_63638_length_1111_cov_4.109848	1111	4657	4.19	1	8
NODE_63644_length_1111_cov_3.598485	1111	4393	3.95	1	8
NODE_63697_length_1110_cov_6.902370	1110	9850	8.87	1	60
NODE_63725_length_1110_cov_2.936493	1110	4776	4.30	1	20
NODE_63826_length_1108_cov_3.698955	1108	3779	3.41	1	7
NODE_64058_length_1104_cov_3.704480	1104	3872	3.51	0	6
NODE_64080_length_1104_cov_2.283127	1104	2697	2.44	0	5
NODE_64151_length_1102_cov_4.296084	1102	9202	8.35	2	14
NODE_64201_length_1102_cov_1.894938	1102	2831	2.57	1	5
NODE_64282_length_1100_cov_4.460287	1100	4712	4.28	1	8
NODE_64284_length_1100_cov_4.088995	1100	3890	3.54	1	6
NODE_64305_length_1100_cov_2.754067	1100	4086	3.71	1	9
NODE_64346_length_1099_cov_4.095785	1099	4396	4.00	1	10
NODE_64406_length_1098_cov_4.280920	1098	4690	4.27	1	7
NODE_64554_length_1096_cov_2.866475	1096	4972	4.54	1	9
NODE_64587_length_1095_cov_8.143269	1095	9118	8.33	1	14
NODE_64664_length_1094_cov_4.332050	1094	4911	4.49	1	9
NODE_64707_length_1094_cov_1.890279	1094	2818	2.58	0	6
NODE_64765_length_1093_cov_2.231214	1093	2496	2.28	1	4
NODE_64814_length_1092_cov_2.931533	1092	2999	2.75	0	6
NODE_64821_length_1092_cov_2.729026	1092	3691	3.38	1	7
NODE_65025_length_1088_cov_5.161665	1088	6310	5.80	1	11
NODE_65108_length_1087_cov_3.076550	1087	3712	3.41	1	6
NODE_65237_length_1085_cov_3.380583	1085	4014	3.70	1	7
NODE_65402_length_1083_cov_2.357004	1083	3201	2.96	1	5
NODE_65458_length_1082_cov_3.053554	1082	3566	3.30	1	7
NODE_65459_length_1082_cov_2.991237	1082	3656	3.38	1	8
NODE_65484_length_1081_cov_6.382066	1081	17504	16.19	6	25
NODE_65549_length_1080_cov_4.541463	1080	5540	5.13	1	10
NODE_65617_length_1079_cov_3.618164	1079	3788	3.51	0	8
NODE_65627_length_1079_cov_3.328125	1079	7622	7.06	1	46
NODE_65638_length_1079_cov_2.686523	1079	4021	3.73	1	10
NODE_65662_length_1079_cov_1.815430	1079	3139	2.91	0	6
NODE_65755_length_1077_cov_6.944227	1077	19500	18.11	4	26
NODE_65757_length_1077_cov_4.833659	1077	5810	5.39	1	8
NODE_65759_length_1077_cov_4.602740	1077	5984	5.56	1	10
NODE_65778_length_1077_cov_3.296477	1077	4985	4.63	1	23
NODE_65793_length_1077_cov_2.632094	1077	3782	3.51	1	7
NODE_65845_length_1076_cov_3.045054	1076	4415	4.10	1	10
NODE_65879_length_1075_cov_3.788235	1075	5185	4.82	1	11
NODE_65906_length_1075_cov_2.299020	1075	2614	2.43	1	5
NODE_65944_length_1074_cov_3.644750	1074	5380	5.01	1	11
NODE_66003_length_1073_cov_3.433202	1073	3606	3.36	1	7
NODE_66097_length_1071_cov_6.511811	1071	17754	16.58	8	24
NODE_66156_length_1070_cov_7.374384	1070	13979	13.06	3	101
NODE_66219_length_1070_cov_2.319212	1070	2827	2.64	1	5
NODE_66316_length_1068_cov_4.878578	1068	6727	6.30	1	17
NODE_66326_length_1068_cov_3.916091	1068	4690	4.39	1	9
NODE_66342_length_1068_cov_3.166831	1068	3892	3.64	1	9
NODE_66551_length_1065_cov_3.130693	1065	4025	3.78	1	6
NODE_66608_length_1064_cov_4.142716	1064	3490	3.28	0	9
NODE_66626_length_1064_cov_3.171457	1064	3859	3.63	1	7
NODE_66635_length_1064_cov_2.819623	1064	3464	3.26	0	11
NODE_66670_length_1063_cov_4.913690	1063	4966	4.67	1	9
NODE_66717_length_1063_cov_2.349206	1063	2360	2.22	1	4
NODE_66747_length_1062_cov_3.961271	1062	13081	12.32	5	22
NODE_66804_length_1061_cov_4.709742	1061	5863	5.53	1	10
NODE_66847_length_1061_cov_2.620278	1061	2496	2.35	1	4
NODE_66882_length_1060_cov_4.579104	1060	4123	3.89	1	7
NODE_66932_length_1060_cov_2.803980	1060	61804	58.31	0	523
NODE_66970_length_1059_cov_5.635458	1059	9699	9.16	1	14
NODE_67029_length_1059_cov_1.410359	1059	2003	1.89	1	3
NODE_67038_length_1058_cov_4.730808	1058	5244	4.96	1	10
NODE_67057_length_1058_cov_3.307079	1058	3884	3.67	0	10
NODE_67072_length_1058_cov_2.746760	1058	2452	2.32	1	4
NODE_67118_length_1057_cov_6.051896	1057	8403	7.95	1	13
NODE_67191_length_1056_cov_4.760240	1056	4988	4.72	1	14
NODE_67219_length_1056_cov_2.551449	1056	3724	3.53	1	6
NODE_67267_length_1055_cov_2.952000	1055	2795	2.65	0	6
NODE_67318_length_1054_cov_3.720721	1054	3861	3.66	1	7
NODE_67378_length_1053_cov_12.159319	1053	21554	20.47	12	29
NODE_67466_length_1052_cov_7.183551	1052	17453	16.59	4	25
NODE_67581_length_1051_cov_2.028112	1051	2876	2.74	1	6
NODE_67598_length_1050_cov_4.827136	1050	7084	6.75	1	18
NODE_67622_length_1050_cov_3.108543	1050	3324	3.17	0	7
NODE_67709_length_1049_cov_2.867203	1049	3446	3.29	1	9
NODE_67747_length_1048_cov_4.664653	1048	6190	5.91	1	9
NODE_67759_length_1048_cov_3.542800	1048	4335	4.14	1	9
NODE_67761_length_1048_cov_3.455186	1048	6155	5.87	1	22
NODE_67785_length_1048_cov_2.759315	1048	3464	3.31	1	10
NODE_67834_length_1047_cov_5.070565	1047	6764	6.46	1	15
NODE_67876_length_1047_cov_2.849798	1047	3048	2.91	1	6
NODE_67901_length_1047_cov_2.155242	1047	2999	2.86	0	8
NODE_68084_length_1044_cov_3.980789	1044	3469	3.32	1	5
NODE_68152_length_1043_cov_5.148785	1043	5157	4.94	1	10
NODE_68201_length_1043_cov_1.899798	1043	2311	2.22	1	5
NODE_68233_length_1042_cov_3.361702	1042	4161	3.99	1	7
NODE_68254_length_1042_cov_2.695035	1042	3728	3.58	1	8
NODE_68259_length_1042_cov_2.510638	1042	2956	2.84	1	5
NODE_68304_length_1041_cov_3.782961	1041	4942	4.75	1	10
NODE_68423_length_1039_cov_10.281504	1039	22701	21.85	10	31
NODE_68439_length_1039_cov_3.952236	1039	5817	5.60	1	22
NODE_68513_length_1038_cov_5.174975	1038	8043	7.75	0	26
NODE_68615_length_1037_cov_2.699593	1037	3360	3.24	1	5
NODE_68632_length_1037_cov_2.098778	1037	2834	2.73	1	5
NODE_68855_length_1033_cov_5.356851	1033	6555	6.35	1	13
NODE_68865_length_1033_cov_3.668712	1033	3959	3.83	1	8
NODE_68932_length_1032_cov_5.007165	1032	4519	4.38	1	8
NODE_68933_length_1032_cov_4.972364	1032	4741	4.59	0	18
NODE_68948_length_1032_cov_3.531218	1032	4206	4.08	1	9
NODE_68951_length_1032_cov_3.403275	1032	3871	3.75	1	7
NODE_69014_length_1031_cov_4.465164	1031	4528	4.39	1	13
NODE_69090_length_1030_cov_4.189744	1030	4850	4.71	1	10
NODE_69164_length_1029_cov_6.003080	1029	5589	5.43	0	9
NODE_69165_length_1029_cov_5.744353	1029	14238	13.84	6	23
NODE_69315_length_1027_cov_5.305556	1027	5634	5.49	1	13
NODE_69386_length_1026_cov_4.269825	1026	4462	4.35	1	8
NODE_69393_length_1026_cov_3.412976	1026	4850	4.73	1	8
NODE_69400_length_1026_cov_3.084449	1026	3052	2.97	1	6
NODE_69435_length_1026_cov_1.992791	1026	2023	1.97	1	4
NODE_69460_length_1025_cov_4.288660	1025	4595	4.48	1	7
NODE_69463_length_1025_cov_3.873196	1025	3863	3.77	1	6
NODE_69535_length_1024_cov_4.997936	1024	4966	4.85	1	10
NODE_69540_length_1024_cov_4.376677	1024	6353	6.20	1	12
NODE_69588_length_1024_cov_1.562436	1024	2772	2.71	0	5
NODE_69605_length_1023_cov_3.982438	1023	3377	3.30	1	8
NODE_69615_length_1023_cov_3.242769	1023	4005	3.91	1	9
NODE_69697_length_1022_cov_2.956567	1022	4008	3.92	0	9
NODE_69782_length_1021_cov_2.655280	1021	10469	10.25	1	33
NODE_69825_length_1020_cov_3.666321	1020	2803	2.75	1	5
NODE_69981_length_1018_cov_3.495327	1018	3917	3.85	1	7
NODE_70021_length_1018_cov_1.874351	1018	2540	2.50	0	8
NODE_70074_length_1017_cov_2.983368	1017	3629	3.57	1	7
NODE_70078_length_1017_cov_2.910603	1017	2778	2.73	1	5
NODE_70153_length_1016_cov_3.273673	1016	3294	3.24	1	6
NODE_70288_length_1014_cov_3.329510	1014	4737	4.67	1	20
NODE_70300_length_1014_cov_2.912409	1014	4701	4.64	1	19
NODE_70343_length_1013_cov_4.578288	1013	5190	5.12	1	14
NODE_70344_length_1013_cov_4.403967	1013	4626	4.57	1	8
NODE_70360_length_1013_cov_3.250522	1013	4050	4.00	1	8
NODE_70415_length_1012_cov_3.865204	1012	36237	35.81	1	253
NODE_70435_length_1012_cov_3.168234	1012	2977	2.94	1	5
NODE_70502_length_1011_cov_3.447699	1011	5225	5.17	0	12
NODE_70576_length_1010_cov_3.595812	1010	4184	4.14	1	7
NODE_70606_length_1010_cov_2.309948	1010	3035	3.00	0	20
NODE_70613_length_1010_cov_2.169634	1010	4193	4.15	1	9
NODE_70617_length_1010_cov_1.772775	1010	2611	2.59	1	6
NODE_70708_length_1008_cov_4.671563	1008	6505	6.45	1	12
NODE_70722_length_1008_cov_3.433368	1008	4488	4.45	1	9
NODE_70780_length_1007_cov_5.188025	1007	13367	13.27	4	23
NODE_70781_length_1007_cov_4.821429	1007	5900	5.86	1	17
NODE_70824_length_1007_cov_2.587185	1007	3305	3.28	1	6
NODE_70854_length_1007_cov_1.796218	1007	1731	1.72	1	5
NODE_70959_length_1005_cov_3.785263	1005	4749	4.73	1	10
NODE_71032_length_1004_cov_4.096944	1004	4227	4.21	1	8
NODE_71360_length_1000_cov_6.243386	1000	17081	17.08	2	29
NODE_71370_length_1000_cov_4.106878	1000	4957	4.96	1	12
NODE_71405_length_1000_cov_2.673016	1000	3275	3.27	1	7
NODE_71424_length_1000_cov_2.245503	1000	3478	3.48	1	8
NODE_4196_length_16319_cov_6.480079	16319	126414	7.75	1	82
NODE_4833_length_14380_cov_6.023106	14380	121962	8.48	1	30
NODE_5424_length_12979_cov_6.373723	12979	101270	7.80	1	25
NODE_5528_length_12766_cov_6.954134	12766	163934	12.84	1	134
NODE_5817_length_12211_cov_4.222606	12211	58688	4.81	1	11
NODE_5870_length_12096_cov_3.930238	12096	59955	4.96	1	11
NODE_6001_length_11849_cov_4.074105	11849	55785	4.71	0	12
NODE_6381_length_11118_cov_5.484136	11118	68183	6.13	1	13
NODE_6579_length_10768_cov_3.833940	10768	51328	4.77	1	11
NODE_6597_length_10745_cov_3.558466	10745	47771	4.45	1	9
NODE_6747_length_10498_cov_3.946663	10498	50120	4.77	0	11
NODE_6826_length_10395_cov_6.729497	10395	76911	7.40	1	16
NODE_6850_length_10355_cov_3.980583	10355	46936	4.53	0	18
NODE_6854_length_10350_cov_4.530646	10350	62361	6.03	1	15
NODE_6958_length_10178_cov_3.923837	10178	45811	4.50	0	11
NODE_6999_length_10104_cov_3.823863	10104	48089	4.76	0	13
NODE_7012_length_10091_cov_11.639299	10091	148819	14.75	1	29
NODE_7173_length_9871_cov_3.523329	9871	41373	4.19	0	10
NODE_7340_length_9634_cov_3.364443	9634	41147	4.27	0	10
NODE_7372_length_9591_cov_6.752622	9591	75646	7.89	1	17
NODE_7503_length_9397_cov_7.660458	9397	87004	9.26	2	18
NODE_7522_length_9367_cov_4.445984	9367	48227	5.15	1	13
NODE_7823_length_8987_cov_3.743954	8987	40326	4.49	0	10
NODE_7827_length_8982_cov_7.392629	8982	66116	7.36	0	36
NODE_7830_length_8978_cov_3.650790	8978	40404	4.50	1	15
NODE_8129_length_8607_cov_3.062208	8607	61318	7.12	0	24
NODE_8151_length_8584_cov_4.152890	8584	43118	5.02	1	11
NODE_8277_length_8440_cov_3.852594	8440	38630	4.58	1	12
NODE_8307_length_8405_cov_4.015689	8405	42545	5.06	1	11
NODE_8363_length_8346_cov_4.017730	8346	41695	5.00	0	10
NODE_8383_length_8316_cov_8.731388	8316	85622	10.30	3	33
NODE_8385_length_8313_cov_4.425769	8313	43225	5.20	1	12
NODE_8391_length_8308_cov_4.305101	8308	38431	4.63	1	10
NODE_8452_length_8237_cov_6.814837	8237	384647	46.70	2	354
NODE_8549_length_8133_cov_8.284353	8133	68610	8.44	1	16
NODE_8738_length_7916_cov_16.812492	7916	114345	14.44	0	39
NODE_8753_length_7906_cov_4.120367	7906	35913	4.54	0	14
NODE_8810_length_7840_cov_4.365061	7840	38640	4.93	1	11
NODE_8816_length_7834_cov_3.508034	7834	35158	4.49	1	12
NODE_8846_length_7800_cov_6.660943	7800	60011	7.69	1	33
NODE_8857_length_7790_cov_9.126955	7790	92689	11.90	0	24
NODE_9011_length_7633_cov_3.425574	7633	34230	4.48	0	10
NODE_9074_length_7562_cov_3.774877	7562	33813	4.47	0	14
NODE_9204_length_7453_cov_3.911463	7453	36188	4.86	1	12
NODE_9206_length_7452_cov_4.293903	7452	37371	5.01	0	30
NODE_9320_length_7346_cov_4.135372	7346	39538	5.38	0	13
NODE_9379_length_7294_cov_4.347009	7294	35516	4.87	1	13
NODE_9772_length_6960_cov_6.079508	6960	117164	16.83	2	296
NODE_9804_length_6930_cov_3.867345	6930	33825	4.88	0	11
NODE_9823_length_6916_cov_3.623379	6916	28427	4.11	1	10
NODE_9919_length_6842_cov_3.269780	6842	29588	4.32	1	9
NODE_9958_length_6811_cov_3.641208	6811	32044	4.70	1	10
NODE_10026_length_6761_cov_7.288846	6761	54884	8.12	0	20
NODE_10126_length_6690_cov_4.050339	6690	31440	4.70	0	11
NODE_10201_length_6637_cov_3.258736	6637	28043	4.23	0	10
NODE_10229_length_6616_cov_3.376619	6616	53901	8.15	1	25
NODE_10241_length_6597_cov_3.512534	6597	29677	4.50	0	11
NODE_10361_length_6513_cov_3.821152	6513	28642	4.40	0	10
NODE_10524_length_6420_cov_4.564650	6420	33015	5.14	0	15
NODE_10561_length_6397_cov_3.828445	6397	29257	4.57	1	9
NODE_10628_length_6350_cov_3.680699	6350	27812	4.38	1	10
NODE_10703_length_6290_cov_3.265597	6290	26099	4.15	1	10
NODE_10714_length_6284_cov_4.116070	6284	31091	4.95	1	12
NODE_10718_length_6281_cov_3.421619	6281	27074	4.31	1	11
NODE_10757_length_6251_cov_4.704810	6251	32822	5.25	1	10
NODE_10762_length_6247_cov_4.989987	6247	36392	5.83	0	12
NODE_10763_length_6246_cov_3.967372	6246	27879	4.46	0	13
NODE_10779_length_6237_cov_3.628923	6237	27328	4.38	0	9
NODE_10781_length_6235_cov_3.527346	6235	27265	4.37	0	11
NODE_10917_length_6128_cov_3.211922	6128	23250	3.79	1	8
NODE_10930_length_6119_cov_3.341689	6119	27155	4.44	0	11
NODE_10947_length_6106_cov_4.354983	6106	28268	4.63	0	11
NODE_10972_length_6096_cov_6.116206	6096	55835	9.16	1	23
NODE_11004_length_6072_cov_5.352169	6072	40416	6.66	1	54
NODE_11014_length_6065_cov_3.837770	6065	28643	4.72	1	11
NODE_11041_length_6048_cov_3.678291	6048	25039	4.14	1	10
NODE_11076_length_6021_cov_4.020784	6021	27890	4.63	1	10
NODE_11084_length_6019_cov_4.455902	6019	29341	4.87	1	28
NODE_11104_length_6010_cov_4.698573	6010	32569	5.42	0	20
NODE_11189_length_5958_cov_3.933085	5958	28629	4.81	1	13
NODE_11258_length_5909_cov_3.845576	5909	38732	6.55	0	42
NODE_11308_length_5879_cov_4.025069	5879	28791	4.90	1	41
NODE_11366_length_5840_cov_3.684702	5840	24449	4.19	0	9
NODE_11412_length_5811_cov_4.919215	5811	33277	5.73	1	12
NODE_11419_length_5805_cov_5.682957	5805	37881	6.53	1	31
NODE_11420_length_5805_cov_4.764174	5805	32742	5.64	0	15
NODE_11431_length_5798_cov_7.342330	5798	72322	12.47	1	60
NODE_11450_length_5786_cov_8.903682	5786	63625	11.00	0	27
NODE_11473_length_5774_cov_4.633502	5774	27579	4.78	1	10
NODE_11573_length_5717_cov_3.920876	5717	27499	4.81	1	12
NODE_11765_length_5608_cov_6.852872	5608	47544	8.48	0	32
NODE_11769_length_5605_cov_4.358018	5605	31324	5.59	1	12
NODE_11780_length_5597_cov_4.836341	5597	34141	6.10	1	15
NODE_11880_length_5546_cov_4.193043	5546	29371	5.30	1	20
NODE_11901_length_5533_cov_4.050383	5533	25496	4.61	1	13
NODE_11935_length_5512_cov_5.408466	5512	31402	5.70	1	12
NODE_11977_length_5492_cov_4.219239	5492	26053	4.74	1	14
NODE_11997_length_5481_cov_3.327497	5481	24577	4.48	1	11
NODE_12064_length_5449_cov_3.917872	5449	26860	4.93	1	9
NODE_12103_length_5432_cov_3.236749	5432	20417	3.76	1	8
NODE_12123_length_5420_cov_4.013793	5420	23889	4.41	1	11
NODE_12153_length_5403_cov_3.795625	5403	24929	4.61	1	15
NODE_12171_length_5392_cov_4.387671	5392	25370	4.71	0	12
NODE_12218_length_5364_cov_7.656056	5364	100106	18.66	2	153
NODE_12276_length_5329_cov_4.270952	5329	30236	5.67	1	11
NODE_12301_length_5316_cov_4.110435	5316	26426	4.97	1	10
NODE_12354_length_5293_cov_4.442726	5293	27469	5.19	1	11
NODE_12366_length_5283_cov_5.155126	5283	31590	5.98	1	15
NODE_12405_length_5266_cov_5.587603	5266	35343	6.71	1	14
NODE_12412_length_5264_cov_7.362258	5264	49347	9.37	1	16
NODE_12428_length_5256_cov_3.384157	5256	22155	4.22	0	12
NODE_12464_length_5235_cov_3.404826	5235	20454	3.91	0	12
NODE_12502_length_5216_cov_3.261771	5216	22452	4.30	1	9
NODE_12545_length_5199_cov_4.354977	5199	26067	5.01	1	28
NODE_12553_length_5196_cov_3.343513	5196	21753	4.19	1	14
NODE_12560_length_5194_cov_3.244406	5194	20685	3.98	1	9
NODE_12567_length_5192_cov_3.013821	5192	19558	3.77	0	8
NODE_12569_length_5189_cov_5.692832	5189	47888	9.23	1	99
NODE_12739_length_5125_cov_3.706509	5125	20390	3.98	1	20
NODE_12790_length_5101_cov_3.622077	5101	22993	4.51	1	8
NODE_12791_length_5100_cov_10.244797	5100	76530	15.01	2	102
NODE_12804_length_5095_cov_3.567857	5095	21456	4.21	1	9
NODE_12965_length_5022_cov_4.195088	5022	23077	4.60	1	11
NODE_12987_length_5015_cov_3.232460	5015	19834	3.95	0	10
NODE_13009_length_5004_cov_4.489392	5004	26360	5.27	0	16
NODE_13010_length_5004_cov_4.331582	5004	24360	4.87	1	11
NODE_13041_length_4990_cov_4.308004	4990	25689	5.15	1	12
NODE_13055_length_4982_cov_3.847778	4982	24775	4.97	1	13
NODE_13060_length_4981_cov_7.470564	4981	44949	9.02	3	23
NODE_13217_length_4919_cov_3.965255	4919	23659	4.81	0	12
NODE_13225_length_4916_cov_3.260646	4916	20323	4.13	1	8
NODE_13241_length_4910_cov_4.564367	4910	27153	5.53	1	21
NODE_13255_length_4901_cov_3.338011	4901	20674	4.22	1	10
NODE_13311_length_4881_cov_8.212391	4881	49504	10.14	0	21
NODE_13324_length_4876_cov_3.575607	4876	19224	3.94	1	10
NODE_13334_length_4872_cov_7.266971	4872	42061	8.63	2	18
NODE_13347_length_4868_cov_3.489923	4868	21500	4.42	0	9
NODE_13371_length_4854_cov_5.059804	4854	33234	6.85	1	20
NODE_13378_length_4852_cov_3.707109	4852	22261	4.59	0	20
NODE_13507_length_4794_cov_3.841950	4794	22865	4.77	1	12
NODE_13558_length_4775_cov_3.288136	4775	18289	3.83	1	10
NODE_13560_length_4774_cov_4.029879	4774	20648	4.33	1	13
NODE_13564_length_4773_cov_3.501908	4773	20687	4.33	0	11
NODE_13586_length_4763_cov_4.081138	4763	22259	4.67	1	12
NODE_13654_length_4736_cov_3.949370	4736	42005	8.87	1	26
NODE_13657_length_4734_cov_4.102586	4734	23166	4.89	0	12
NODE_13691_length_4717_cov_3.572716	4717	21450	4.55	1	10
NODE_13714_length_4707_cov_3.420034	4707	19750	4.20	1	12
NODE_13719_length_4705_cov_3.954194	4705	21136	4.49	1	8
NODE_13722_length_4704_cov_4.198968	4704	25050	5.33	1	10
NODE_13734_length_4700_cov_3.572659	4700	21456	4.57	1	11
NODE_13819_length_4670_cov_10.885590	4670	89457	19.16	3	153
NODE_13820_length_4670_cov_8.839870	4670	57262	12.26	2	138
NODE_13900_length_4639_cov_4.335079	4639	23027	4.96	1	11
NODE_13976_length_4609_cov_4.640316	4609	23133	5.02	1	12
NODE_13977_length_4608_cov_3.884472	4608	19905	4.32	1	13
NODE_13998_length_4600_cov_10.921452	4600	61062	13.27	1	28
NODE_14024_length_4589_cov_4.631010	4589	24632	5.37	1	12
NODE_14027_length_4588_cov_4.134789	4588	21645	4.72	1	10
NODE_14050_length_4582_cov_4.170311	4582	22567	4.93	1	12
NODE_14053_length_4581_cov_3.884004	4581	23631	5.16	1	13
NODE_14155_length_4538_cov_3.961633	4538	19282	4.25	1	12
NODE_14178_length_4532_cov_3.838508	4532	34884	7.70	1	28
NODE_14187_length_4526_cov_4.361217	4526	26106	5.77	1	15
NODE_14254_length_4501_cov_7.007647	4501	39235	8.72	1	18
NODE_14264_length_4498_cov_4.352014	4498	20321	4.52	1	11
NODE_14268_length_4497_cov_3.849392	4497	20838	4.63	1	11
NODE_14293_length_4487_cov_5.183664	4487	26524	5.91	1	27
NODE_14310_length_4479_cov_5.197107	4479	30191	6.74	2	14
NODE_14338_length_4470_cov_3.022877	4470	16573	3.71	1	10
NODE_14346_length_4467_cov_4.082276	4467	19748	4.42	0	10
NODE_14359_length_4463_cov_8.139746	4463	48109	10.78	2	25
NODE_14417_length_4443_cov_5.587056	4443	31038	6.99	1	15
NODE_14457_length_4429_cov_4.316872	4429	20656	4.66	1	9
NODE_14465_length_4426_cov_4.545642	4426	23650	5.34	1	11
NODE_14500_length_4417_cov_3.379413	4417	18093	4.10	1	9
NODE_14503_length_4416_cov_4.470076	4416	21929	4.97	0	20
NODE_14565_length_4391_cov_4.038745	4391	19785	4.51	0	10
NODE_14576_length_4386_cov_12.403371	4386	83047	18.93	3	75
NODE_14619_length_4372_cov_4.502432	4372	24304	5.56	1	13
NODE_14690_length_4346_cov_3.496388	4346	16647	3.83	0	9
NODE_14718_length_4338_cov_4.763717	4338	24161	5.57	1	12
NODE_14730_length_4335_cov_7.200000	4335	38810	8.95	1	25
NODE_14749_length_4327_cov_3.752809	4327	21562	4.98	1	11
NODE_14804_length_4309_cov_6.458862	4309	34630	8.04	2	42
NODE_14848_length_4293_cov_4.629778	4293	22664	5.28	1	11
NODE_14865_length_4287_cov_3.730624	4287	20308	4.74	1	10
NODE_14898_length_4279_cov_3.911695	4279	20103	4.70	1	9
NODE_14972_length_4256_cov_6.771245	4256	36198	8.51	0	15
NODE_14982_length_4253_cov_3.913530	4253	21951	5.16	1	29
NODE_15001_length_4248_cov_3.270451	4248	19523	4.60	1	32
NODE_15009_length_4246_cov_3.777141	4246	17600	4.15	0	10
NODE_15063_length_4229_cov_3.793483	4229	18613	4.40	1	8
NODE_15070_length_4227_cov_4.527085	4227	20810	4.92	0	11
NODE_15077_length_4226_cov_3.091345	4226	16251	3.85	1	9
NODE_15101_length_4219_cov_3.305476	4219	18061	4.28	1	10
NODE_15128_length_4209_cov_3.529369	4209	19382	4.60	1	12
NODE_15152_length_4200_cov_5.275754	4200	27459	6.54	1	14
NODE_15231_length_4174_cov_4.921826	4174	24733	5.93	1	12
NODE_15251_length_4169_cov_2.946281	4169	15431	3.70	1	9
NODE_15255_length_4167_cov_4.700632	4167	23731	5.69	1	22
NODE_15268_length_4164_cov_4.169628	4164	20114	4.83	0	13
NODE_15328_length_4150_cov_3.117460	4150	17016	4.10	1	9
NODE_15334_length_4149_cov_3.396434	4149	29704	7.16	0	45
NODE_15359_length_4143_cov_3.876712	4143	19695	4.75	1	10
NODE_15386_length_4139_cov_4.124143	4139	24885	6.01	0	14
NODE_15454_length_4122_cov_3.883452	4122	19184	4.65	1	12
NODE_15458_length_4121_cov_4.948352	4121	22044	5.35	1	11
NODE_15528_length_4102_cov_3.889054	4102	20118	4.90	0	10
NODE_15540_length_4096_cov_3.226677	4096	25199	6.15	0	18
NODE_15558_length_4089_cov_3.390927	4089	17961	4.39	0	10
NODE_15583_length_4081_cov_3.273721	4081	16710	4.09	1	9
NODE_15590_length_4079_cov_3.802932	4079	17623	4.32	1	10
NODE_15650_length_4062_cov_3.200649	4062	15167	3.73	1	8
NODE_15660_length_4058_cov_3.728703	4058	17836	4.40	1	9
NODE_15699_length_4048_cov_4.592036	4048	20181	4.99	1	11
NODE_15718_length_4043_cov_4.853811	4043	25912	6.41	1	14
NODE_15760_length_4035_cov_3.471859	4035	20001	4.96	1	11
NODE_15773_length_4032_cov_4.449334	4032	23282	5.77	1	12
NODE_15798_length_4027_cov_3.597180	4027	19281	4.79	1	10
NODE_15823_length_4019_cov_3.997225	4019	19443	4.84	1	11
NODE_15829_length_4018_cov_6.026495	4018	57070	14.20	1	218
NODE_15960_length_3985_cov_3.454962	3985	15694	3.94	0	10
NODE_15983_length_3976_cov_7.044376	3976	32297	8.12	2	18
NODE_15988_length_3976_cov_3.376180	3976	15106	3.80	1	11
NODE_15992_length_3975_cov_3.231122	3975	17933	4.51	1	17
NODE_16059_length_3959_cov_3.759990	3959	15402	3.89	0	8
NODE_16067_length_3957_cov_4.481292	3957	19648	4.97	1	12
NODE_16099_length_3947_cov_3.795478	3947	17857	4.52	0	10
NODE_16127_length_3938_cov_3.839815	3938	19200	4.88	0	14
NODE_16179_length_3926_cov_3.112116	3926	13611	3.47	1	10
NODE_16190_length_3923_cov_3.018097	3923	15543	3.96	1	9
NODE_16212_length_3916_cov_3.900285	3916	18357	4.69	1	10
NODE_16242_length_3908_cov_3.023358	3908	13981	3.58	1	8
NODE_16327_length_3889_cov_7.464267	3889	35916	9.24	3	42
NODE_16376_length_3876_cov_4.023031	3876	17222	4.44	1	8
NODE_16438_length_3863_cov_3.560662	3863	15835	4.10	1	9
NODE_16460_length_3856_cov_4.262299	3856	19512	5.06	1	10
NODE_16481_length_3851_cov_3.223130	3851	21489	5.58	0	16
NODE_16555_length_3833_cov_4.207517	3833	19853	5.18	1	12
NODE_16558_length_3832_cov_4.878740	3832	25895	6.76	1	14
NODE_16636_length_3812_cov_3.615917	3812	16026	4.20	1	11
NODE_16714_length_3789_cov_3.729780	3789	18030	4.76	1	10
NODE_16721_length_3787_cov_3.663451	3787	19588	5.17	0	10
NODE_16752_length_3779_cov_4.075188	3779	38288	10.13	1	22
NODE_16780_length_3774_cov_4.130949	3774	17493	4.64	1	10
NODE_16803_length_3769_cov_3.859989	3769	15429	4.09	0	9
NODE_16818_length_3767_cov_3.355065	3767	15479	4.11	0	9
NODE_16905_length_3746_cov_4.054728	3746	19465	5.20	1	13
NODE_16919_length_3743_cov_3.020336	3743	14200	3.79	1	10
NODE_16925_length_3742_cov_3.831299	3742	18582	4.97	1	10
NODE_16954_length_3737_cov_4.628734	3737	21506	5.75	1	12
NODE_16955_length_3737_cov_4.375068	3737	17614	4.71	1	10
NODE_17064_length_3717_cov_3.087111	3717	13548	3.64	1	9
NODE_17078_length_3712_cov_3.149029	3712	12315	3.32	1	6
NODE_17084_length_3710_cov_4.779480	3710	19840	5.35	1	9
NODE_17107_length_3706_cov_2.895919	3706	15734	4.25	1	36
NODE_17145_length_3696_cov_3.538314	3696	14447	3.91	0	7
NODE_17170_length_3690_cov_3.442641	3690	17177	4.66	1	9
NODE_17215_length_3680_cov_4.530483	3680	18109	4.92	1	11
NODE_17237_length_3676_cov_3.486330	3676	15655	4.26	1	10
NODE_17266_length_3669_cov_7.087272	3669	33298	9.08	2	16
NODE_17284_length_3665_cov_7.248476	3665	31980	8.73	1	62
NODE_17310_length_3659_cov_3.007492	3659	23263	6.36	1	21
NODE_17406_length_3636_cov_4.518849	3636	17194	4.73	1	10
NODE_17448_length_3629_cov_3.877728	3629	15580	4.29	1	11
NODE_17465_length_3625_cov_4.561064	3625	18443	5.09	1	13
NODE_17466_length_3625_cov_3.198319	3625	15148	4.18	1	9
NODE_17469_length_3624_cov_5.217428	3624	21914	6.05	1	20
NODE_17484_length_3620_cov_5.293408	3620	19920	5.50	1	15
NODE_17538_length_3607_cov_15.161318	3607	64039	17.75	1	33
NODE_17553_length_3604_cov_4.069879	3604	18044	5.01	1	10
NODE_17576_length_3599_cov_3.718962	3599	14922	4.15	1	10
NODE_17630_length_3586_cov_3.554517	3586	16045	4.47	1	9
NODE_17676_length_3576_cov_6.984095	3576	33808	9.45	1	42
NODE_17697_length_3572_cov_4.101223	3572	16364	4.58	1	12
NODE_17720_length_3568_cov_4.568175	3568	26445	7.41	2	47
NODE_17723_length_3567_cov_4.619021	3567	19811	5.55	1	12
NODE_17727_length_3566_cov_3.825121	3566	16452	4.61	0	10
NODE_17740_length_3563_cov_11.207811	3563	50205	14.09	1	25
NODE_17797_length_3552_cov_4.998570	3552	20420	5.75	1	17
NODE_17843_length_3541_cov_4.058807	3541	16991	4.80	1	10
NODE_17860_length_3537_cov_5.810741	3537	62436	17.65	3	246
NODE_17887_length_3532_cov_4.912281	3532	21211	6.01	1	22
NODE_17936_length_3523_cov_4.875144	3523	18108	5.14	0	11
NODE_17954_length_3520_cov_3.391342	3520	15150	4.30	1	9
NODE_17955_length_3520_cov_3.034343	3520	14354	4.08	1	10
NODE_17988_length_3513_cov_8.211972	3513	57388	16.34	1	28
NODE_18061_length_3501_cov_3.816889	3501	14320	4.09	1	11
NODE_18103_length_3492_cov_4.556881	3492	17651	5.05	1	11
NODE_18115_length_3490_cov_3.519068	3490	16483	4.72	0	11
NODE_18155_length_3483_cov_3.816219	3483	18029	5.18	1	10
NODE_18210_length_3472_cov_2.741879	3472	10933	3.15	1	7
NODE_18225_length_3469_cov_4.004394	3469	15974	4.60	1	15
NODE_18261_length_3463_cov_5.295188	3463	19056	5.50	1	10
NODE_18301_length_3455_cov_3.780000	3455	14544	4.21	1	10
NODE_18322_length_3451_cov_4.001767	3451	15488	4.49	1	20
NODE_18337_length_3448_cov_3.979664	3448	16913	4.91	1	13
NODE_18346_length_3446_cov_3.416691	3446	12823	3.72	1	9
NODE_18361_length_3442_cov_4.547387	3442	16955	4.93	1	12
NODE_18378_length_3438_cov_4.812297	3438	19766	5.75	1	14
NODE_18380_length_3438_cov_3.267514	3438	14254	4.15	1	11
NODE_18397_length_3434_cov_4.444510	3434	15895	4.63	1	14
NODE_18400_length_3433_cov_3.323564	3433	13807	4.02	1	10
NODE_18420_length_3429_cov_3.673977	3429	16116	4.70	1	11
NODE_18436_length_3427_cov_3.064353	3427	13137	3.83	1	7
NODE_18503_length_3415_cov_4.006548	3415	15149	4.44	1	11
NODE_18512_length_3414_cov_3.337005	3414	14753	4.32	1	12
NODE_18540_length_3408_cov_3.648673	3408	13375	3.92	1	11
NODE_18541_length_3408_cov_3.320310	3408	13427	3.94	1	8
NODE_18561_length_3405_cov_3.503582	3405	15941	4.68	1	9
NODE_18591_length_3400_cov_3.478027	3400	13922	4.09	1	9
NODE_18611_length_3396_cov_3.116432	3396	12811	3.77	1	8
NODE_18688_length_3382_cov_5.515780	3382	26124	7.72	1	68
NODE_18695_length_3381_cov_4.430848	3381	16849	4.98	0	11
NODE_18704_length_3379_cov_5.297232	3379	55303	16.37	0	147
NODE_18717_length_3375_cov_4.984036	3375	18535	5.49	1	10
NODE_18728_length_3374_cov_2.985237	3374	15647	4.64	1	48
NODE_18780_length_3366_cov_4.676533	3366	19347	5.75	1	11
NODE_18798_length_3362_cov_4.622921	3362	20037	5.96	1	14
NODE_18851_length_3353_cov_5.476653	3353	27415	8.18	0	76
NODE_18880_length_3349_cov_6.391014	3349	98705	29.47	3	214
NODE_18898_length_3346_cov_3.076269	3346	12705	3.80	1	8
NODE_18983_length_3332_cov_4.182484	3332	17034	5.11	1	12
NODE_19025_length_3325_cov_4.753517	3325	18147	5.46	1	13
NODE_19078_length_3318_cov_3.484523	3318	12442	3.75	1	9
NODE_19130_length_3308_cov_3.223486	3308	12392	3.75	1	8
NODE_19137_length_3307_cov_4.232472	3307	28373	8.58	0	24
NODE_19167_length_3303_cov_3.830357	3303	13836	4.19	1	10
NODE_19200_length_3297_cov_4.002776	3297	15509	4.70	1	10
NODE_19251_length_3287_cov_3.902537	3287	16685	5.08	1	14
NODE_19273_length_3283_cov_11.165428	3283	328084	99.93	11	391
NODE_19328_length_3275_cov_4.555280	3275	19625	5.99	1	15
NODE_19372_length_3268_cov_2.782758	3268	11040	3.38	1	10
NODE_19467_length_3251_cov_5.135169	3251	16553	5.09	1	9
NODE_19614_length_3227_cov_4.703026	3227	19122	5.93	1	14
NODE_19625_length_3226_cov_3.723746	3226	15150	4.70	0	11
NODE_19873_length_3187_cov_4.098340	3187	15010	4.71	1	10
NODE_19875_length_3187_cov_2.903257	3187	12875	4.04	1	10
NODE_19879_length_3186_cov_3.386458	3186	12181	3.82	1	8
NODE_19905_length_3183_cov_3.312980	3183	14535	4.57	1	10
NODE_19955_length_3176_cov_5.969561	3176	30044	9.46	0	18
NODE_20043_length_3161_cov_2.661301	3161	13372	4.23	1	10
NODE_20100_length_3152_cov_3.478528	3152	12958	4.11	1	9
NODE_20168_length_3143_cov_4.642487	3143	21136	6.72	1	12
NODE_20171_length_3143_cov_3.904469	3143	13217	4.21	1	8
NODE_20189_length_3140_cov_3.485575	3140	14040	4.47	1	11
NODE_20213_length_3137_cov_3.376703	3137	14759	4.70	1	17
NODE_20239_length_3133_cov_3.285250	3133	13447	4.29	1	9
NODE_20243_length_3132_cov_4.541436	3132	16574	5.29	1	10
NODE_20252_length_3131_cov_4.211964	3131	15041	4.80	0	12
NODE_20267_length_3130_cov_3.859187	3130	13391	4.28	1	8
NODE_20291_length_3126_cov_4.175838	3126	16457	5.26	0	10
NODE_20292_length_3126_cov_3.442201	3126	13313	4.26	1	11
NODE_20304_length_3124_cov_7.663734	3124	43221	13.84	1	103
NODE_20328_length_3121_cov_4.958904	3121	17975	5.76	1	13
NODE_20333_length_3120_cov_5.326591	3120	18140	5.81	1	12
NODE_20340_length_3119_cov_4.955614	3119	15348	4.92	1	10
NODE_20366_length_3116_cov_3.957204	3116	11880	3.81	1	8
NODE_20409_length_3110_cov_3.192144	3110	17294	5.56	0	20
NODE_20447_length_3105_cov_4.848197	3105	26292	8.47	1	17
NODE_20460_length_3103_cov_5.804134	3103	21972	7.08	1	18
NODE_20461_length_3103_cov_4.123360	3103	13788	4.44	1	9
NODE_20464_length_3103_cov_3.618110	3103	13529	4.36	0	10
NODE_20481_length_3101_cov_3.317466	3101	12826	4.14	1	9
NODE_20484_length_3101_cov_2.620158	3101	10569	3.41	1	12
NODE_20489_length_3100_cov_5.679146	3100	22567	7.28	1	16
NODE_20515_length_3096_cov_3.633673	3096	14797	4.78	1	10
NODE_20590_length_3084_cov_4.182569	3084	14439	4.68	1	10
NODE_20629_length_3076_cov_4.431314	3076	17079	5.55	2	11
NODE_20659_length_3072_cov_3.596288	3072	15220	4.95	1	30
NODE_20721_length_3064_cov_7.373214	3064	28428	9.28	2	16
NODE_20811_length_3053_cov_4.467312	3053	16840	5.52	1	12
NODE_20870_length_3046_cov_3.710130	3046	13747	4.51	1	10
NODE_20877_length_3045_cov_3.408361	3045	11863	3.90	1	9
NODE_20883_length_3044_cov_3.847775	3044	14771	4.85	1	10
NODE_20892_length_3043_cov_4.637885	3043	15875	5.22	0	11
NODE_20906_length_3042_cov_3.410445	3042	12811	4.21	1	9
NODE_20932_length_3038_cov_5.207844	3038	17764	5.85	1	14
NODE_21016_length_3025_cov_3.143771	3025	11330	3.75	0	8
NODE_21051_length_3018_cov_3.726291	3018	11522	3.82	1	12
NODE_21078_length_3014_cov_5.618114	3014	16935	5.62	1	14
NODE_21098_length_3012_cov_3.333108	3012	12760	4.24	1	11
NODE_21100_length_3012_cov_3.084207	3012	12144	4.03	1	9
NODE_21106_length_3011_cov_4.119756	3011	14973	4.97	1	12
NODE_21135_length_3007_cov_4.258469	3007	15079	5.01	1	13
NODE_21137_length_3007_cov_3.383469	3007	13796	4.59	1	9
NODE_21140_length_3007_cov_2.789634	3007	10269	3.42	0	8
NODE_21192_length_2999_cov_8.386209	2999	30518	10.18	1	19
NODE_21218_length_2996_cov_2.960898	2996	11429	3.81	1	9
NODE_21228_length_2995_cov_2.757143	2995	12123	4.05	1	9
NODE_21251_length_2991_cov_4.931880	2991	16144	5.40	1	12
NODE_21269_length_2988_cov_5.747699	2988	25080	8.39	1	23
NODE_21296_length_2986_cov_3.472535	2986	13299	4.45	1	12
NODE_21307_length_2985_cov_2.603754	2985	8564	2.87	1	7
NODE_21428_length_2968_cov_4.324408	2968	15737	5.30	1	11
NODE_21511_length_2958_cov_3.091974	2958	13130	4.44	1	13
NODE_21528_length_2956_cov_3.490865	2956	25252	8.54	1	25
NODE_21539_length_2954_cov_3.321145	2954	10787	3.65	1	8
NODE_21568_length_2950_cov_3.255268	2950	11092	3.76	0	10
NODE_21643_length_2941_cov_3.686764	2941	12932	4.40	1	13
NODE_21714_length_2933_cov_3.814802	2933	14139	4.82	1	9
NODE_21745_length_2929_cov_3.146138	2929	10260	3.50	1	8
NODE_21770_length_2926_cov_3.893417	2926	13998	4.78	1	11
NODE_21781_length_2925_cov_3.469686	2925	13636	4.66	1	10
NODE_21839_length_2918_cov_4.081383	2918	13985	4.79	1	10
NODE_21857_length_2916_cov_3.733660	2916	17768	6.09	1	21
NODE_21948_length_2905_cov_4.096842	2905	17208	5.92	1	17
NODE_21973_length_2902_cov_3.977169	2902	12974	4.47	1	9
NODE_21993_length_2900_cov_3.852724	2900	16135	5.56	2	32
NODE_22009_length_2898_cov_2.988041	2898	11113	3.83	1	10
NODE_22049_length_2894_cov_3.286721	2894	12129	4.19	1	8
NODE_22065_length_2892_cov_3.668312	2892	14715	5.09	0	16
NODE_22069_length_2891_cov_8.142807	2891	25278	8.74	1	21
NODE_22081_length_2890_cov_4.124515	2890	25408	8.79	1	20
NODE_22182_length_2879_cov_3.911473	2879	14370	4.99	1	11
NODE_22218_length_2875_cov_4.004255	2875	11379	3.96	1	8
NODE_22261_length_2870_cov_3.744227	2870	12525	4.36	1	11
NODE_22267_length_2869_cov_7.153873	2869	39099	13.63	1	26
NODE_22276_length_2869_cov_3.201848	2869	12097	4.22	1	9
NODE_22327_length_2864_cov_4.104308	2864	12904	4.51	1	10
NODE_22341_length_2863_cov_3.760684	2863	13342	4.66	1	9
NODE_22342_length_2863_cov_3.603632	2863	12416	4.34	1	9
NODE_22352_length_2861_cov_3.714184	2861	11950	4.18	1	9
NODE_22393_length_2857_cov_3.566381	2857	12533	4.39	1	11
NODE_22395_length_2857_cov_3.481085	2857	13473	4.72	1	9
NODE_22405_length_2855_cov_4.217500	2855	15199	5.32	1	33
NODE_22448_length_2851_cov_4.297926	2851	13958	4.90	1	10
NODE_22453_length_2851_cov_2.626967	2851	9372	3.29	1	8
NODE_22501_length_2846_cov_3.662128	2846	12170	4.28	1	10
NODE_22516_length_2844_cov_3.873790	2844	12374	4.35	1	9
NODE_22546_length_2841_cov_3.846016	2841	11809	4.16	1	10
NODE_22548_length_2841_cov_3.337760	2841	11169	3.93	1	9
NODE_22599_length_2834_cov_3.297949	2834	12609	4.45	1	11
NODE_22608_length_2833_cov_3.151908	2833	11221	3.96	1	9
NODE_22634_length_2831_cov_2.957853	2831	11323	4.00	1	9
NODE_22644_length_2829_cov_5.040375	2829	17562	6.21	1	15
NODE_22752_length_2816_cov_4.145237	2816	23466	8.33	1	21
NODE_22787_length_2812_cov_4.421110	2812	15709	5.59	1	12
NODE_22820_length_2808_cov_4.830730	2808	17061	6.08	1	15
NODE_22885_length_2799_cov_3.800292	2799	12199	4.36	1	10
NODE_22886_length_2799_cov_3.491618	2799	12143	4.34	1	11
NODE_22905_length_2797_cov_3.894238	2797	12469	4.46	1	9
NODE_22930_length_2794_cov_7.016064	2794	26739	9.57	0	38
NODE_22960_length_2791_cov_3.904605	2791	12350	4.42	1	11
NODE_23001_length_2787_cov_3.651171	2787	12531	4.50	1	10
NODE_23024_length_2784_cov_3.615244	2784	11874	4.27	1	9
NODE_23033_length_2783_cov_3.920821	2783	12259	4.40	1	11
NODE_23083_length_2776_cov_5.186329	2776	16152	5.82	0	12
NODE_23105_length_2773_cov_5.474982	2773	17449	6.29	1	17
NODE_23113_length_2773_cov_2.795070	2773	9470	3.42	1	9
NODE_23121_length_2772_cov_3.566802	2772	10685	3.85	1	9
NODE_23146_length_2769_cov_3.376934	2769	15189	5.49	1	15
NODE_23153_length_2768_cov_4.004055	2768	13926	5.03	1	18
NODE_23177_length_2765_cov_3.478229	2765	12028	4.35	0	12
NODE_23181_length_2764_cov_13.118863	2764	46023	16.65	4	79
NODE_23240_length_2759_cov_4.458210	2759	14403	5.22	0	9
NODE_23254_length_2758_cov_4.359600	2758	12999	4.71	0	9
NODE_23258_length_2758_cov_2.330004	2758	7665	2.78	1	6
NODE_23272_length_2756_cov_3.525361	2756	10939	3.97	0	13
NODE_23282_length_2755_cov_3.237037	2755	9462	3.43	1	8
NODE_23285_length_2754_cov_15.668396	2754	219467	79.69	4	250
NODE_23301_length_2752_cov_8.189841	2752	50144	18.22	1	196
NODE_23325_length_2750_cov_2.753247	2750	10024	3.65	1	9
NODE_23346_length_2747_cov_9.382987	2747	31079	11.31	1	21
NODE_23358_length_2746_cov_3.547380	2746	11972	4.36	1	10
NODE_23406_length_2740_cov_5.953445	2740	24506	8.94	2	18
NODE_23486_length_2732_cov_3.766156	2732	12849	4.70	1	10
NODE_23529_length_2727_cov_3.745883	2727	17643	6.47	1	14
NODE_23532_length_2727_cov_2.521332	2727	20943	7.68	1	22
NODE_23560_length_2724_cov_4.421132	2724	14035	5.15	1	11
NODE_23580_length_2721_cov_7.245311	2721	68174	25.05	2	104
NODE_23605_length_2719_cov_3.844219	2719	13056	4.80	1	9
NODE_23636_length_2716_cov_3.889891	2716	11583	4.26	1	8
NODE_23662_length_2713_cov_2.841234	2713	21771	8.02	1	22
NODE_23667_length_2712_cov_3.918705	2712	12760	4.71	1	9
NODE_23683_length_2711_cov_3.618223	2711	15005	5.53	1	12
NODE_23741_length_2705_cov_4.907170	2705	13224	4.89	1	10
NODE_23892_length_2691_cov_3.400986	2691	11726	4.36	1	9
NODE_23967_length_2683_cov_4.138508	2683	13586	5.06	0	12
NODE_23969_length_2683_cov_3.289193	2683	8660	3.23	1	7
NODE_23991_length_2679_cov_4.896341	2679	17067	6.37	1	20
NODE_24014_length_2677_cov_3.471777	2677	10406	3.89	1	8
NODE_24042_length_2674_cov_4.541046	2674	11389	4.26	1	9
NODE_24043_length_2674_cov_4.258877	2674	13757	5.14	1	12
NODE_24065_length_2672_cov_4.644249	2672	14398	5.39	1	14
NODE_24104_length_2669_cov_3.123948	2669	9884	3.70	1	10
NODE_24120_length_2667_cov_12.073890	2667	34536	12.95	1	34
NODE_24129_length_2666_cov_7.750287	2666	24159	9.06	2	20
NODE_24134_length_2666_cov_4.350823	2666	11635	4.36	1	10
NODE_24140_length_2665_cov_4.168966	2665	13082	4.91	1	13
NODE_24143_length_2665_cov_3.778927	2665	11644	4.37	0	10
NODE_24195_length_2660_cov_7.702879	2660	25436	9.56	2	17
NODE_24198_length_2660_cov_3.020729	2660	11065	4.16	1	10
NODE_24258_length_2655_cov_2.756538	2655	10195	3.84	1	8
NODE_24265_length_2654_cov_3.867257	2654	12096	4.56	1	15
NODE_24287_length_2651_cov_3.597072	2651	13370	5.04	0	12
NODE_24322_length_2647_cov_4.096836	2647	11844	4.47	1	8
NODE_24330_length_2646_cov_4.646469	2646	13614	5.15	1	10
NODE_24410_length_2637_cov_4.187839	2637	12556	4.76	1	9
NODE_24424_length_2635_cov_4.618992	2635	12169	4.62	1	9
NODE_24425_length_2635_cov_4.331783	2635	13534	5.14	0	11
NODE_24508_length_2627_cov_3.395801	2627	12253	4.66	1	9
NODE_24528_length_2625_cov_3.610506	2625	19392	7.39	0	19
NODE_24567_length_2621_cov_4.526500	2621	12218	4.66	1	11
NODE_24599_length_2618_cov_3.439719	2618	12773	4.88	1	11
NODE_24601_length_2618_cov_3.023410	2618	15805	6.04	1	17
NODE_24622_length_2616_cov_3.899649	2616	10418	3.98	1	7
NODE_24625_length_2616_cov_3.303788	2616	11164	4.27	1	9
NODE_24634_length_2615_cov_3.623047	2615	10799	4.13	1	9
NODE_24695_length_2610_cov_3.567123	2610	12575	4.82	1	9
NODE_24736_length_2605_cov_4.149804	2605	14589	5.60	1	11
NODE_24765_length_2601_cov_4.252946	2601	14628	5.62	1	12
NODE_24773_length_2600_cov_3.630648	2600	12277	4.72	0	9
NODE_24842_length_2594_cov_3.229224	2594	10110	3.90	1	8
NODE_24847_length_2593_cov_3.730890	2593	9670	3.73	1	7
NODE_24855_length_2593_cov_3.129236	2593	22403	8.64	0	23
NODE_24940_length_2585_cov_3.967194	2585	12363	4.78	1	9
NODE_24997_length_2580_cov_4.695050	2580	12066	4.68	1	12
NODE_25006_length_2579_cov_4.080428	2579	10924	4.24	1	10
NODE_25032_length_2576_cov_3.875050	2576	34799	13.51	2	28
NODE_25034_length_2576_cov_3.518445	2576	10663	4.14	1	11
NODE_25084_length_2572_cov_3.952721	2572	11147	4.33	1	10
NODE_25123_length_2567_cov_3.687898	2567	13341	5.20	1	12
NODE_25126_length_2567_cov_3.620223	2567	9863	3.84	1	21
NODE_25127_length_2567_cov_3.517118	2567	20958	8.16	1	23
NODE_25134_length_2566_cov_5.283951	2566	16548	6.45	0	12
NODE_25139_length_2566_cov_3.463162	2566	9725	3.79	1	9
NODE_25188_length_2561_cov_4.298085	2561	12291	4.80	1	9
NODE_25201_length_2560_cov_3.293812	2560	10127	3.96	1	8
NODE_25273_length_2554_cov_3.073629	2554	11534	4.52	0	9
NODE_25275_length_2554_cov_2.857143	2554	11475	4.49	1	15
NODE_25319_length_2549_cov_3.141941	2549	9658	3.79	1	10
NODE_25352_length_2545_cov_4.169880	2545	11788	4.63	1	11
NODE_25353_length_2545_cov_3.978715	2545	11886	4.67	1	10
NODE_25368_length_2544_cov_3.177581	2544	9459	3.72	1	9
NODE_25407_length_2540_cov_12.173038	2540	156322	61.54	2	351
NODE_25452_length_2536_cov_5.029424	2536	14570	5.75	1	12
NODE_25492_length_2533_cov_3.934221	2533	11200	4.42	1	13
NODE_25576_length_2525_cov_5.286640	2525	12632	5.00	1	22
NODE_25598_length_2523_cov_4.596434	2523	11722	4.65	1	9
NODE_25648_length_2519_cov_4.831575	2519	13611	5.40	1	14
NODE_25658_length_2518_cov_3.779537	2518	10304	4.09	1	8
NODE_25681_length_2516_cov_4.452255	2516	13741	5.46	0	15
NODE_25757_length_2510_cov_3.987780	2510	10399	4.14	1	10
NODE_25814_length_2505_cov_3.883673	2505	11382	4.54	1	10
NODE_25839_length_2502_cov_3.181038	2502	11448	4.58	1	11
NODE_25842_length_2502_cov_2.750306	2502	7376	2.95	1	7
NODE_25851_length_2501_cov_5.419869	2501	15923	6.37	1	13
NODE_25993_length_2490_cov_3.785626	2490	9548	3.83	1	7
NODE_26014_length_2488_cov_3.281545	2488	10587	4.26	1	10
NODE_26052_length_2485_cov_2.708230	2485	8395	3.38	1	7
NODE_26054_length_2484_cov_4.648415	2484	13436	5.41	0	13
NODE_26061_length_2484_cov_2.774393	2484	7914	3.19	1	6
NODE_26117_length_2478_cov_3.036731	2478	9336	3.77	1	7
NODE_26153_length_2475_cov_2.823967	2475	8828	3.57	1	8
NODE_26188_length_2472_cov_5.305751	2472	21048	8.51	1	71
NODE_26190_length_2472_cov_4.592470	2472	11422	4.62	1	9
NODE_26211_length_2470_cov_4.035611	2470	11747	4.76	1	11
NODE_26259_length_2465_cov_3.508299	2465	10681	4.33	1	10
NODE_26262_length_2465_cov_3.292116	2465	9542	3.87	1	8
NODE_26345_length_2458_cov_3.781107	2458	11334	4.61	1	10
NODE_26367_length_2455_cov_12.855000	2455	39966	16.28	1	80
NODE_26370_length_2455_cov_4.270833	2455	10864	4.43	1	9
NODE_26379_length_2454_cov_3.935807	2454	9644	3.93	0	10
NODE_26391_length_2453_cov_4.190992	2453	11325	4.62	1	11
NODE_26412_length_2450_cov_4.380793	2450	13878	5.66	1	11
NODE_26430_length_2448_cov_10.640201	2448	35191	14.38	3	38
NODE_26436_length_2448_cov_3.335980	2448	9999	4.08	1	10
NODE_26465_length_2446_cov_3.008783	2446	7933	3.24	1	6
NODE_26483_length_2445_cov_2.695816	2445	6892	2.82	0	6
NODE_26515_length_2440_cov_7.673795	2440	26974	11.05	5	17
NODE_26525_length_2439_cov_18.415688	2439	56521	23.17	5	41
NODE_26574_length_2434_cov_3.673813	2434	10345	4.25	1	7
NODE_26630_length_2429_cov_3.868997	2429	10293	4.24	1	11
NODE_26703_length_2423_cov_2.915963	2423	7834	3.23	1	6
NODE_26770_length_2417_cov_4.729890	2417	12024	4.97	1	10
NODE_26806_length_2414_cov_5.259008	2414	21732	9.00	1	23
NODE_26819_length_2413_cov_3.533503	2413	11800	4.89	1	11
NODE_26846_length_2410_cov_2.445011	2410	7154	2.97	0	6
NODE_26858_length_2409_cov_2.109176	2409	7314	3.04	0	14
NODE_26886_length_2407_cov_2.707058	2407	18084	7.51	0	27
NODE_26925_length_2404_cov_3.945083	2404	11493	4.78	1	11
NODE_26958_length_2402_cov_4.023434	2402	10947	4.56	1	10
NODE_26980_length_2400_cov_4.172281	2400	10684	4.45	1	9
NODE_27034_length_2397_cov_3.239966	2397	10471	4.37	1	10
NODE_27043_length_2396_cov_4.236651	2396	12418	5.18	1	10
NODE_27053_length_2395_cov_4.196581	2395	10618	4.43	1	9
NODE_27078_length_2392_cov_5.862644	2392	17525	7.33	1	13
NODE_27197_length_2383_cov_4.180842	2383	10494	4.40	1	7
NODE_27217_length_2381_cov_6.961307	2381	22419	9.42	2	18
NODE_27293_length_2374_cov_3.277275	2374	9319	3.93	0	8
NODE_27338_length_2370_cov_4.715335	2370	22972	9.69	1	34
NODE_27435_length_2363_cov_4.195841	2363	10915	4.62	1	10
NODE_27438_length_2363_cov_3.608752	2363	10232	4.33	0	10
NODE_27488_length_2359_cov_4.522569	2359	11353	4.81	1	11
NODE_27490_length_2359_cov_3.917101	2359	11167	4.73	1	11
NODE_27507_length_2358_cov_3.894051	2358	13581	5.76	1	12
NODE_27554_length_2355_cov_3.363478	2355	11270	4.79	1	9
NODE_27653_length_2348_cov_2.972961	2348	8475	3.61	1	8
NODE_27668_length_2347_cov_3.546684	2347	8497	3.62	1	8
NODE_27743_length_2340_cov_3.769365	2340	10992	4.70	1	10
NODE_27878_length_2330_cov_3.841758	2330	31129	13.36	0	24
NODE_27897_length_2328_cov_2.824021	2328	7996	3.43	1	10
NODE_27939_length_2325_cov_3.044053	2325	8664	3.73	1	9
NODE_27951_length_2324_cov_3.410754	2324	10319	4.44	0	8
NODE_27952_length_2324_cov_3.215954	2324	13354	5.75	1	13
NODE_27954_length_2324_cov_2.895549	2324	8178	3.52	1	7
NODE_27992_length_2320_cov_3.233996	2320	12116	5.22	1	10
NODE_28004_length_2319_cov_3.121466	2319	10890	4.70	1	14
NODE_28041_length_2315_cov_4.095133	2315	10157	4.39	1	13
NODE_28043_length_2315_cov_3.627434	2315	11082	4.79	1	30
NODE_28090_length_2312_cov_3.955693	2312	11735	5.08	1	9
NODE_28095_length_2312_cov_2.399646	2312	7057	3.05	1	8
NODE_28185_length_2307_cov_2.390320	2307	7913	3.43	1	9
NODE_28294_length_2299_cov_4.108734	2299	10766	4.68	1	10
NODE_28314_length_2298_cov_4.510477	2298	11018	4.79	1	12
NODE_28339_length_2296_cov_6.290049	2296	20068	8.74	1	17
NODE_28426_length_2289_cov_4.558192	2289	11719	5.12	1	11
NODE_28427_length_2289_cov_4.292748	2289	10059	4.39	1	9
NODE_28451_length_2287_cov_4.444444	2287	12643	5.53	1	11
NODE_28489_length_2284_cov_2.746523	2284	8731	3.82	0	8
NODE_28511_length_2282_cov_3.829367	2282	10115	4.43	1	8
NODE_28542_length_2280_cov_3.217978	2280	18440	8.09	0	25
NODE_28565_length_2278_cov_3.672065	2278	9454	4.15	1	10
NODE_28567_length_2278_cov_3.439496	2278	10010	4.39	1	23
NODE_28609_length_2274_cov_3.242902	2274	10339	4.55	1	10
NODE_28645_length_2272_cov_3.156518	2272	8839	3.89	1	9
NODE_28656_length_2271_cov_3.288357	2271	9594	4.22	1	9
NODE_28668_length_2270_cov_3.493002	2270	10425	4.59	1	9
NODE_28684_length_2269_cov_4.779584	2269	13092	5.77	1	12
NODE_28688_length_2269_cov_4.014002	2269	9234	4.07	0	10
NODE_28772_length_2263_cov_2.949275	2263	11348	5.01	1	15
NODE_28792_length_2261_cov_3.098821	2261	8515	3.77	1	8
NODE_28842_length_2258_cov_2.625057	2258	10678	4.73	0	20
NODE_28868_length_2256_cov_3.448887	2256	11782	5.22	1	14
NODE_28887_length_2255_cov_2.524091	2255	7300	3.24	0	8
NODE_28907_length_2253_cov_3.341674	2253	7978	3.54	1	7
NODE_28911_length_2253_cov_3.163330	2253	8075	3.58	1	8
NODE_29007_length_2246_cov_3.696486	2246	13521	6.02	1	23
NODE_29052_length_2242_cov_3.316415	2242	9197	4.10	1	8
NODE_29063_length_2241_cov_3.799177	2241	9347	4.17	1	9
NODE_29067_length_2241_cov_3.350869	2241	7603	3.39	0	8
NODE_29077_length_2240_cov_2.897941	2240	8557	3.82	1	13
NODE_29127_length_2237_cov_3.307516	2237	9632	4.31	0	9
NODE_29284_length_2226_cov_3.964532	2226	13783	6.19	1	15
NODE_29348_length_2222_cov_3.936317	2222	11175	5.03	1	11
NODE_29357_length_2221_cov_3.672207	2221	10241	4.61	1	17
NODE_29366_length_2220_cov_4.102540	2220	10585	4.77	1	14
NODE_29385_length_2219_cov_3.292514	2219	9543	4.30	1	9
NODE_29388_length_2219_cov_3.072551	2219	12578	5.67	1	18
NODE_29423_length_2216_cov_3.269783	2216	6130	2.77	1	8
NODE_29425_length_2216_cov_2.795928	2216	8428	3.80	1	8
NODE_29427_length_2215_cov_3.628704	2215	10530	4.75	1	9
NODE_29432_length_2215_cov_2.713889	2215	9716	4.39	1	10
NODE_29514_length_2210_cov_2.653828	2210	12176	5.51	0	16
NODE_29521_length_2209_cov_7.051996	2209	26139	11.83	1	43
NODE_29531_length_2208_cov_10.558291	2208	40235	18.22	4	29
NODE_29537_length_2208_cov_4.939619	2208	27811	12.60	3	22
NODE_29578_length_2206_cov_2.426313	2206	13750	6.23	1	17
NODE_29605_length_2204_cov_2.443927	2204	10670	4.84	0	12
NODE_29613_length_2203_cov_4.094507	2203	10331	4.69	1	9
NODE_29614_length_2203_cov_3.923650	2203	8608	3.91	1	8
NODE_29618_length_2203_cov_2.742086	2203	5518	2.50	1	5
NODE_29629_length_2202_cov_5.044714	2202	12610	5.73	1	12
NODE_29709_length_2197_cov_3.008403	2197	8674	3.95	1	9
NODE_29751_length_2193_cov_4.634705	2193	15979	7.29	1	30
NODE_29785_length_2191_cov_4.603933	2191	12101	5.52	1	10
NODE_29797_length_2190_cov_4.175176	2190	14615	6.67	1	19
NODE_29806_length_2190_cov_2.073068	2190	5772	2.64	1	7
NODE_29854_length_2187_cov_3.341932	2187	8047	3.68	1	14
NODE_29866_length_2186_cov_4.273580	2186	17580	8.04	0	16
NODE_29871_length_2186_cov_3.107461	2186	7976	3.65	0	8
NODE_29935_length_2182_cov_3.516690	2182	7863	3.60	1	7
NODE_29940_length_2181_cov_6.164628	2181	25507	11.70	1	53
NODE_29981_length_2178_cov_4.116816	2178	9587	4.40	1	8
NODE_30012_length_2176_cov_5.442244	2176	13247	6.09	1	11
NODE_30047_length_2175_cov_3.575472	2175	10382	4.77	0	12
NODE_30062_length_2174_cov_4.047664	2174	11491	5.29	1	15
NODE_30064_length_2174_cov_3.561586	2174	9668	4.45	0	11
NODE_30150_length_2169_cov_3.672658	2169	11877	5.48	1	10
NODE_30173_length_2168_cov_3.583531	2168	9625	4.44	1	9
NODE_30304_length_2160_cov_3.441330	2160	8449	3.91	0	9
NODE_30318_length_2159_cov_7.865494	2159	26168	12.12	2	94
NODE_30325_length_2159_cov_3.658270	2159	9565	4.43	1	8
NODE_30364_length_2157_cov_2.650333	2157	12974	6.01	1	16
NODE_30389_length_2155_cov_3.480476	2155	8741	4.06	1	10
NODE_30404_length_2154_cov_4.059552	2154	20118	9.34	1	193
NODE_30456_length_2151_cov_4.099714	2151	11464	5.33	1	13
NODE_30514_length_2148_cov_3.994267	2148	9400	4.38	1	16
NODE_30575_length_2144_cov_4.825754	2144	11033	5.15	1	10
NODE_30579_length_2144_cov_3.477262	2144	9313	4.34	0	9
NODE_30589_length_2143_cov_8.943008	2143	27291	12.73	5	82
NODE_30639_length_2140_cov_2.676739	2140	7553	3.53	1	8
NODE_30702_length_2136_cov_4.013936	2136	9409	4.40	1	10
NODE_30703_length_2136_cov_3.700625	2136	9137	4.28	1	9
NODE_30715_length_2135_cov_4.284615	2135	12687	5.94	1	12
NODE_30757_length_2132_cov_3.324025	2132	8367	3.92	1	9
NODE_30761_length_2132_cov_2.924410	2132	8687	4.07	1	10
NODE_30781_length_2131_cov_2.640655	2131	6097	2.86	1	7
NODE_30816_length_2129_cov_4.692864	2129	11710	5.50	1	12
NODE_30818_length_2129_cov_4.029894	2129	10100	4.74	1	10
NODE_30860_length_2126_cov_4.475133	2126	12964	6.10	1	12
NODE_30876_length_2125_cov_5.355072	2125	12111	5.70	1	11
NODE_30916_length_2123_cov_2.430851	2123	6390	3.01	1	14
NODE_30924_length_2122_cov_3.744074	2122	29915	14.10	1	29
NODE_30955_length_2120_cov_4.370460	2120	10987	5.18	1	11
NODE_30959_length_2120_cov_3.712349	2120	8304	3.92	1	9
NODE_31009_length_2116_cov_2.993692	2116	6715	3.17	1	6
NODE_31021_length_2115_cov_4.130097	2115	9198	4.35	1	10
NODE_31032_length_2115_cov_2.677670	2115	7631	3.61	1	7
NODE_31050_length_2114_cov_2.802817	2114	6299	2.98	0	7
NODE_31070_length_2112_cov_3.876033	2112	10026	4.75	0	11
NODE_31119_length_2108_cov_3.456892	2108	9431	4.47	1	7
NODE_31130_length_2107_cov_4.535088	2107	12387	5.88	1	12
NODE_31136_length_2107_cov_3.295322	2107	7568	3.59	1	9
NODE_31141_length_2107_cov_2.689084	2107	11650	5.53	1	16
NODE_31194_length_2104_cov_2.981454	2104	7296	3.47	1	6
NODE_31201_length_2103_cov_4.267578	2103	11812	5.62	1	10
NODE_31218_length_2102_cov_3.950171	2102	9314	4.43	0	9
NODE_31247_length_2101_cov_1.671554	2101	4028	1.92	1	4
NODE_31334_length_2095_cov_2.842157	2095	7795	3.72	1	7
NODE_31375_length_2092_cov_4.295042	2092	11682	5.58	1	32
NODE_31431_length_2088_cov_21.783571	2088	155331	74.39	4	189
NODE_31486_length_2086_cov_3.601674	2086	29848	14.31	2	29
NODE_31529_length_2084_cov_3.920158	2084	9255	4.44	0	9
NODE_31537_length_2084_cov_2.720552	2084	14070	6.75	1	17
NODE_31598_length_2080_cov_4.616790	2080	10298	4.95	1	11
NODE_31635_length_2078_cov_2.672269	2078	13946	6.71	1	18
NODE_31658_length_2077_cov_2.750742	2077	7090	3.41	1	7
NODE_31705_length_2073_cov_8.522299	2073	94086	45.39	3	196
NODE_31721_length_2073_cov_2.055500	2073	8005	3.86	0	9
NODE_31775_length_2069_cov_3.880834	2069	8167	3.95	1	8
NODE_31904_length_2062_cov_3.545092	2062	8570	4.16	0	9
NODE_31947_length_2060_cov_2.699252	2060	7291	3.54	0	8
NODE_31977_length_2058_cov_4.489266	2058	12852	6.24	1	14
NODE_32039_length_2055_cov_5.286000	2055	28852	14.04	5	30
NODE_32072_length_2054_cov_3.076538	2054	7866	3.83	1	7
NODE_32125_length_2050_cov_5.285714	2050	10168	4.96	1	9
NODE_32217_length_2046_cov_3.457057	2046	9189	4.49	1	10
NODE_32308_length_2041_cov_3.389225	2041	95896	46.98	1	949
NODE_32356_length_2038_cov_3.683812	2038	9444	4.63	1	11
NODE_32380_length_2036_cov_4.267542	2036	9063	4.45	1	10
NODE_32381_length_2036_cov_4.230187	2036	16501	8.10	1	22
NODE_32430_length_2033_cov_3.423660	2033	8039	3.95	1	13
NODE_32434_length_2032_cov_4.879616	2032	12667	6.23	0	29
NODE_32482_length_2030_cov_3.654177	2030	7373	3.63	1	6
NODE_32507_length_2029_cov_2.646403	2029	10996	5.42	1	14
NODE_32526_length_2027_cov_4.407708	2027	10372	5.12	1	13
NODE_32561_length_2026_cov_1.987823	2026	5324	2.63	1	5
NODE_32574_length_2025_cov_3.694416	2025	8115	4.01	1	9
NODE_32613_length_2023_cov_3.324695	2023	7039	3.48	1	9
NODE_32640_length_2022_cov_3.325877	2022	15289	7.56	2	20
NODE_32660_length_2021_cov_3.729908	2021	8905	4.41	0	11
NODE_32695_length_2019_cov_1.788697	2019	4973	2.46	1	4
NODE_32700_length_2018_cov_3.569536	2018	8210	4.07	1	8
NODE_32702_length_2018_cov_3.436067	2018	24984	12.38	2	25
NODE_32703_length_2018_cov_3.427916	2018	10475	5.19	1	10
NODE_32765_length_2014_cov_5.222563	2014	13271	6.59	1	13
NODE_32773_length_2014_cov_3.523226	2014	8892	4.42	1	11
NODE_32783_length_2014_cov_1.836141	2014	4978	2.47	1	6
NODE_32832_length_2011_cov_2.539877	2011	12040	5.99	1	16
NODE_32859_length_2009_cov_3.183726	2009	8247	4.11	1	9
NODE_32891_length_2007_cov_2.979508	2007	9134	4.55	2	8
NODE_32892_length_2007_cov_2.871414	2007	6123	3.05	0	16
NODE_32926_length_2005_cov_4.038462	2005	8299	4.14	1	6
NODE_32941_length_2004_cov_3.609030	2004	8510	4.25	1	9
NODE_32965_length_2003_cov_3.050308	2003	7532	3.76	1	8
NODE_32979_length_2002_cov_3.694402	2002	7658	3.83	0	8
NODE_33057_length_1998_cov_2.267627	1998	4757	2.38	1	5
NODE_33077_length_1996_cov_4.789799	1996	9814	4.92	1	10
NODE_33079_length_1996_cov_4.400824	1996	10421	5.22	1	10
NODE_33081_length_1996_cov_3.893354	1996	9914	4.97	1	11
NODE_33110_length_1995_cov_2.828866	1995	5914	2.96	1	8
NODE_33127_length_1994_cov_2.746261	1994	7405	3.71	1	10
NODE_33130_length_1993_cov_19.892673	1993	53366	26.78	14	41
NODE_33152_length_1992_cov_3.724316	1992	9274	4.66	1	12
NODE_33173_length_1991_cov_3.669421	1991	9523	4.78	1	9
NODE_33175_length_1991_cov_3.556302	1991	16703	8.39	1	23
NODE_33189_length_1990_cov_3.418088	1990	23924	12.02	1	27
NODE_33207_length_1989_cov_2.959669	1989	6877	3.46	1	7
NODE_33255_length_1986_cov_4.134645	1986	10668	5.37	1	15
NODE_33264_length_1986_cov_2.410150	1986	5216	2.63	1	6
NODE_33279_length_1985_cov_2.313472	1985	4837	2.44	1	5
NODE_33292_length_1984_cov_3.689476	1984	8305	4.19	1	9
NODE_33310_length_1983_cov_4.028527	1983	8729	4.40	1	11
NODE_33358_length_1980_cov_3.705455	1980	8445	4.27	1	8
NODE_33388_length_1979_cov_2.129938	1979	5111	2.58	1	6
NODE_33432_length_1976_cov_3.242061	1976	8322	4.21	1	10
NODE_33445_length_1975_cov_3.926042	1975	8699	4.40	1	9
NODE_33462_length_1974_cov_4.667535	1974	11777	5.97	2	31
NODE_33482_length_1973_cov_4.092284	1973	8861	4.49	1	10
NODE_33527_length_1971_cov_3.418058	1971	7849	3.98	1	8
NODE_33559_length_1969_cov_4.169279	1969	8298	4.21	1	9
NODE_33566_length_1969_cov_3.176071	1969	8560	4.35	1	7
NODE_33662_length_1964_cov_3.776323	1964	8985	4.57	1	8
NODE_33673_length_1964_cov_2.237821	1964	4316	2.20	1	4
NODE_33780_length_1958_cov_2.676301	1958	6095	3.11	1	7
NODE_33827_length_1955_cov_3.672632	1955	9702	4.96	1	10
NODE_33842_length_1954_cov_3.368615	1954	11597	5.94	1	17
NODE_33848_length_1954_cov_2.651395	1954	7829	4.01	1	10
NODE_33885_length_1952_cov_2.741697	1952	7054	3.61	1	22
NODE_33955_length_1948_cov_3.901743	1948	13975	7.17	1	24
NODE_33969_length_1947_cov_3.622093	1947	9758	5.01	1	10
NODE_34004_length_1945_cov_4.137566	1945	8526	4.38	1	9
NODE_34015_length_1944_cov_4.281101	1944	9380	4.83	1	11
NODE_34032_length_1943_cov_4.286017	1943	8580	4.42	1	10
NODE_34067_length_1942_cov_2.152093	1942	4211	2.17	1	5
NODE_34122_length_1939_cov_3.892251	1939	9774	5.04	1	19
NODE_34164_length_1936_cov_6.909091	1936	52513	27.12	3	356
NODE_34197_length_1935_cov_3.475532	1935	8502	4.39	1	8
NODE_34221_length_1934_cov_2.696115	1934	5504	2.85	1	5
NODE_34259_length_1932_cov_2.776239	1932	7372	3.82	0	8
NODE_34290_length_1930_cov_3.791467	1930	8263	4.28	1	9
NODE_34297_length_1930_cov_3.189867	1930	8192	4.24	1	7
NODE_34333_length_1928_cov_13.742659	1928	50889	26.39	0	46
NODE_34338_length_1928_cov_5.508275	1928	14021	7.27	1	37
NODE_34345_length_1928_cov_3.942872	1928	8005	4.15	1	9
NODE_34403_length_1925_cov_3.586096	1925	8009	4.16	1	10
NODE_34418_length_1924_cov_4.630819	1924	10058	5.23	1	11
NODE_34473_length_1922_cov_3.469738	1922	7283	3.79	1	11
NODE_34475_length_1922_cov_3.284413	1922	7297	3.80	1	8
NODE_34510_length_1921_cov_2.429260	1921	5940	3.09	1	6
NODE_34570_length_1918_cov_2.821256	1918	10934	5.70	0	18
NODE_34577_length_1917_cov_7.061762	1917	30091	15.70	6	27
NODE_34616_length_1916_cov_2.584095	1916	5065	2.64	1	6
NODE_34625_length_1915_cov_5.293548	1915	12450	6.50	0	14
NODE_34668_length_1914_cov_2.627219	1914	6014	3.14	1	6
NODE_34675_length_1913_cov_6.950484	1913	15451	8.08	2	38
NODE_34703_length_1912_cov_3.680668	1912	7594	3.97	1	11
NODE_34704_length_1912_cov_3.455035	1912	8613	4.50	1	10
NODE_34705_length_1912_cov_3.258481	1912	7335	3.84	1	7
NODE_34721_length_1911_cov_7.278556	1911	40340	21.11	1	120
NODE_34733_length_1911_cov_2.386315	1911	15475	8.10	0	20
NODE_34739_length_1910_cov_11.966038	1910	25151	13.17	2	25
NODE_34811_length_1907_cov_3.541577	1907	8429	4.42	0	12
NODE_34837_length_1905_cov_3.630270	1905	8137	4.27	1	9
NODE_34841_length_1905_cov_3.286486	1905	7237	3.80	1	8
NODE_34875_length_1903_cov_4.001623	1903	18650	9.80	0	29
NODE_34924_length_1901_cov_3.443120	1901	8502	4.47	1	10
NODE_34956_length_1899_cov_6.156182	1899	15716	8.28	1	21
NODE_34972_length_1899_cov_2.577007	1899	12005	6.32	1	21
NODE_35082_length_1893_cov_3.026659	1893	6952	3.67	1	8
NODE_35090_length_1892_cov_7.395210	1892	18294	9.67	2	20
NODE_35117_length_1891_cov_3.538126	1891	8014	4.24	1	7
NODE_35122_length_1891_cov_2.874183	1891	9265	4.90	1	12
NODE_35176_length_1888_cov_2.243863	1888	12888	6.83	1	19
NODE_35210_length_1886_cov_3.741125	1886	9223	4.89	1	10
NODE_35255_length_1883_cov_3.485777	1883	7967	4.23	0	10
NODE_35272_length_1882_cov_4.317460	1882	7886	4.19	1	7
NODE_35297_length_1881_cov_3.374042	1881	6917	3.68	1	8
NODE_35369_length_1878_cov_3.552386	1878	10378	5.53	0	15
NODE_35393_length_1877_cov_2.815587	1877	5073	2.70	1	5
NODE_35409_length_1876_cov_3.616694	1876	8187	4.36	1	11
NODE_35418_length_1876_cov_2.255903	1876	4765	2.54	1	6
NODE_35624_length_1867_cov_2.177704	1867	15418	8.26	1	20
NODE_35625_length_1867_cov_1.845475	1867	4646	2.49	1	6
NODE_35636_length_1866_cov_3.376588	1866	7363	3.95	1	7
NODE_35640_length_1866_cov_2.721701	1866	6270	3.36	1	8
NODE_35671_length_1864_cov_3.660033	1864	8058	4.32	1	9
NODE_35708_length_1862_cov_14.754289	1862	31368	16.85	8	27
NODE_35717_length_1862_cov_3.563918	1862	8031	4.31	1	12
NODE_35746_length_1860_cov_4.438781	1860	8556	4.60	1	8
NODE_35750_length_1860_cov_3.602770	1860	8983	4.83	1	11
NODE_35837_length_1856_cov_2.735702	1856	6670	3.59	0	10
NODE_35862_length_1855_cov_2.749444	1855	5701	3.07	1	8
NODE_35875_length_1854_cov_4.356865	1854	10529	5.68	1	12
NODE_35918_length_1852_cov_4.447412	1852	9276	5.01	1	10
NODE_35923_length_1852_cov_3.776850	1852	8762	4.73	0	9
NODE_35932_length_1852_cov_2.965498	1852	7700	4.16	1	10
NODE_35941_length_1851_cov_3.596882	1851	8561	4.63	1	9
NODE_35945_length_1851_cov_2.871938	1851	7284	3.94	1	7
NODE_35981_length_1849_cov_2.535117	1849	5967	3.23	1	7
NODE_35998_length_1848_cov_3.232013	1848	6583	3.56	1	9
NODE_36040_length_1846_cov_3.445561	1846	11952	6.47	1	21
NODE_36044_length_1846_cov_2.983808	1846	8439	4.57	1	9
NODE_36057_length_1845_cov_2.948045	1845	6730	3.65	1	8
NODE_36085_length_1844_cov_2.008385	1844	3687	2.00	0	4
NODE_36112_length_1842_cov_3.752098	1842	12895	7.00	1	25
NODE_36142_length_1841_cov_3.835946	1841	8087	4.39	1	10
NODE_36215_length_1838_cov_2.065059	1838	5619	3.06	1	7
NODE_36224_length_1837_cov_4.070146	1837	9361	5.10	1	10
NODE_36249_length_1836_cov_4.622684	1836	10505	5.72	0	21
NODE_36277_length_1835_cov_3.577528	1835	8975	4.89	0	25
NODE_36286_length_1835_cov_2.635955	1835	13857	7.55	0	22
NODE_36297_length_1834_cov_3.636875	1834	7114	3.88	1	8
NODE_36338_length_1833_cov_2.213161	1833	4453	2.43	1	5
NODE_36363_length_1832_cov_2.463140	1832	6341	3.46	0	11
NODE_36370_length_1831_cov_17.585586	1831	36134	19.73	4	42
NODE_36378_length_1831_cov_3.683559	1831	8719	4.76	1	10
NODE_36417_length_1829_cov_8.337091	1829	23255	12.71	1	28
NODE_36421_length_1829_cov_4.778467	1829	9761	5.34	1	11
NODE_36436_length_1829_cov_2.923337	1829	7087	3.87	1	8
NODE_36498_length_1826_cov_1.931112	1826	4009	2.20	1	4
NODE_36562_length_1823_cov_3.967195	1823	7938	4.35	0	9
NODE_36592_length_1821_cov_4.251416	1821	8270	4.54	1	10
NODE_36616_length_1820_cov_4.176204	1820	7746	4.26	1	12
NODE_36643_length_1819_cov_3.763605	1819	6852	3.77	1	7
NODE_36675_length_1818_cov_3.492910	1818	7239	3.98	1	9
NODE_36678_length_1818_cov_3.287011	1818	5633	3.10	1	5
NODE_36911_length_1809_cov_2.346066	1809	5553	3.07	1	7
NODE_36922_length_1808_cov_3.539076	1808	7978	4.41	1	9
NODE_36932_length_1808_cov_2.686252	1808	5756	3.18	1	6
NODE_36934_length_1808_cov_2.492869	1808	5594	3.09	1	7
NODE_36941_length_1807_cov_5.315068	1807	9725	5.38	1	12
NODE_36944_length_1807_cov_3.787671	1807	9860	5.46	1	9
NODE_36989_length_1805_cov_2.978286	1805	6754	3.74	1	8
NODE_36998_length_1804_cov_6.690680	1804	15719	8.71	2	16
NODE_37045_length_1803_cov_3.111556	1803	7320	4.06	1	9
NODE_37106_length_1800_cov_3.585673	1800	15282	8.49	1	24
NODE_37111_length_1800_cov_2.977650	1800	16835	9.35	0	27
NODE_37130_length_1799_cov_3.036124	1799	6254	3.48	1	8
NODE_37142_length_1798_cov_4.305795	1798	8918	4.96	1	12
NODE_37178_length_1797_cov_2.341561	1797	4847	2.70	1	14
NODE_37216_length_1795_cov_2.455747	1795	5089	2.84	1	7
NODE_37225_length_1794_cov_4.975273	1794	10845	6.05	1	14
NODE_37262_length_1793_cov_3.737629	1793	6549	3.65	1	6
NODE_37267_length_1793_cov_2.963751	1793	6351	3.54	1	9
NODE_37311_length_1791_cov_2.841590	1791	5309	2.96	1	12
NODE_37316_length_1790_cov_4.676081	1790	8172	4.57	1	8
NODE_37340_length_1789_cov_5.219146	1789	9528	5.33	1	12
NODE_37377_length_1788_cov_2.236584	1788	4260	2.38	1	5
NODE_37393_length_1787_cov_3.401270	1787	7677	4.30	1	9
NODE_37454_length_1785_cov_2.086127	1785	4069	2.28	1	5
NODE_37504_length_1783_cov_4.425347	1783	9567	5.37	0	13
NODE_37512_length_1783_cov_3.270833	1783	7124	4.00	1	7
NODE_37534_length_1782_cov_4.455704	1782	9551	5.36	1	18
NODE_37650_length_1777_cov_2.448897	1777	7013	3.95	1	23
NODE_37702_length_1775_cov_2.430233	1775	3811	2.15	0	6
NODE_37714_length_1774_cov_3.694590	1774	18991	10.71	1	21
NODE_37743_length_1773_cov_3.590221	1773	7604	4.29	0	9
NODE_37814_length_1770_cov_4.562682	1770	9505	5.37	1	10
NODE_37844_length_1769_cov_3.410152	1769	5755	3.25	1	6
NODE_37866_length_1768_cov_3.484530	1768	11372	6.43	1	18
NODE_37886_length_1768_cov_2.315820	1768	4609	2.61	1	6
NODE_37923_length_1766_cov_3.720047	1766	7809	4.42	1	9
NODE_37943_length_1765_cov_4.046784	1765	13313	7.54	1	16
NODE_37949_length_1765_cov_3.332749	1765	7063	4.00	1	9
NODE_37991_length_1763_cov_5.842506	1763	13986	7.93	1	18
NODE_38004_length_1763_cov_3.127049	1763	5875	3.33	1	6
NODE_38047_length_1761_cov_3.899179	1761	13407	7.61	1	22
NODE_38230_length_1754_cov_3.892290	1754	7866	4.48	1	9
NODE_38238_length_1754_cov_2.225427	1754	3751	2.14	1	5
NODE_38239_length_1754_cov_1.578576	1754	3815	2.18	1	4
NODE_38247_length_1753_cov_4.793286	1753	10993	6.27	1	15
NODE_38265_length_1753_cov_2.804476	1753	14102	8.04	1	113
NODE_38294_length_1751_cov_8.623231	1751	26124	14.92	0	83
NODE_38337_length_1749_cov_5.188902	1749	10301	5.89	1	11
NODE_38347_length_1749_cov_3.423259	1749	12962	7.41	1	22
NODE_38354_length_1748_cov_7.697578	1748	23464	13.42	0	110
NODE_38356_length_1748_cov_4.305966	1748	9088	5.20	1	12
NODE_38395_length_1747_cov_2.749409	1747	5066	2.90	1	5
NODE_38452_length_1744_cov_9.869153	1744	20418	11.71	6	25
NODE_38514_length_1742_cov_4.299941	1742	8607	4.94	1	8
NODE_38518_length_1742_cov_3.656787	1742	6528	3.75	1	8
NODE_38522_length_1742_cov_3.248370	1742	7010	4.02	1	9
NODE_38528_length_1742_cov_2.883225	1742	6920	3.97	1	7
NODE_38533_length_1742_cov_2.584469	1742	5574	3.20	1	10
NODE_38554_length_1741_cov_2.542112	1741	6016	3.46	1	8
NODE_38562_length_1740_cov_6.585757	1740	12139	6.98	1	14
NODE_38566_length_1740_cov_3.870030	1740	6915	3.97	1	8
NODE_38595_length_1739_cov_3.032067	1739	7268	4.18	1	8
NODE_38689_length_1735_cov_3.036310	1735	13446	7.75	1	18
NODE_38695_length_1735_cov_1.947619	1735	4557	2.63	0	6
NODE_38713_length_1734_cov_3.378201	1734	8140	4.69	1	11
NODE_38719_length_1734_cov_2.899345	1734	9191	5.30	1	16
NODE_38740_length_1733_cov_3.279499	1733	7441	4.29	1	11
NODE_38765_length_1732_cov_3.370304	1732	8012	4.63	1	12
NODE_38818_length_1730_cov_3.856716	1730	7356	4.25	1	9
NODE_38840_length_1730_cov_2.139701	1730	4660	2.69	1	5
NODE_38841_length_1730_cov_2.019104	1730	4090	2.36	0	4
NODE_38883_length_1728_cov_2.439928	1728	18074	10.46	1	19
NODE_38893_length_1727_cov_4.593301	1727	9338	5.41	1	11
NODE_38905_length_1727_cov_2.727273	1727	3824	2.21	1	4
NODE_38914_length_1726_cov_4.389587	1726	8760	5.08	1	9
NODE_38938_length_1725_cov_3.755090	1725	8099	4.70	1	11
NODE_38953_length_1724_cov_16.168963	1724	33616	19.50	13	27
NODE_39007_length_1722_cov_3.826635	1722	7292	4.23	1	10
NODE_39019_length_1722_cov_2.222555	1722	4512	2.62	1	6
NODE_39036_length_1721_cov_3.483193	1721	6958	4.04	1	8
NODE_39038_length_1721_cov_3.281513	1721	7130	4.14	1	9
NODE_39041_length_1721_cov_3.030612	1721	13908	8.08	1	21
NODE_39048_length_1721_cov_1.767707	1721	3533	2.05	0	4
NODE_39063_length_1720_cov_3.377778	1720	6135	3.57	1	7
NODE_39068_length_1720_cov_2.901502	1720	5480	3.19	1	6
NODE_39073_length_1720_cov_2.394595	1720	5129	2.98	1	7
NODE_39074_length_1720_cov_2.262462	1720	3664	2.13	1	9
NODE_39113_length_1718_cov_3.392664	1718	20274	11.80	2	22
NODE_39124_length_1718_cov_1.568851	1718	3563	2.07	1	5
NODE_39171_length_1716_cov_2.444311	1716	4545	2.65	1	6
NODE_39183_length_1715_cov_4.615663	1715	9743	5.68	0	17
NODE_39217_length_1714_cov_4.034358	1714	7216	4.21	1	9
NODE_39221_length_1714_cov_3.435202	1714	7524	4.39	1	9
NODE_39246_length_1713_cov_3.367913	1713	6892	4.02	1	8
NODE_39261_length_1712_cov_7.058540	1712	22277	13.01	2	63
NODE_39300_length_1711_cov_1.875000	1711	3279	1.92	1	4
NODE_39304_length_1710_cov_5.829003	1710	25260	14.77	1	138
NODE_39318_length_1710_cov_2.722054	1710	4402	2.57	1	5
NODE_39354_length_1709_cov_2.527207	1709	5049	2.95	1	6
NODE_39355_length_1709_cov_2.377267	1709	4685	2.74	0	6
NODE_39430_length_1706_cov_3.107208	1706	6554	3.84	1	8
NODE_39455_length_1705_cov_3.728485	1705	7557	4.43	1	10
NODE_39461_length_1705_cov_3.164848	1705	9160	5.37	1	19
NODE_39526_length_1702_cov_11.234973	1702	36700	21.56	1	120
NODE_39532_length_1702_cov_3.792350	1702	7659	4.50	1	8
NODE_39533_length_1702_cov_3.573163	1702	7468	4.39	1	9
NODE_39591_length_1700_cov_3.096049	1700	5786	3.40	1	7
NODE_39663_length_1697_cov_8.204019	1697	17001	10.02	1	21
NODE_39677_length_1697_cov_3.235079	1697	9223	5.43	1	32
NODE_39693_length_1696_cov_4.041438	1696	8096	4.77	1	11
NODE_39718_length_1695_cov_4.267683	1695	17435	10.29	1	31
NODE_39742_length_1694_cov_5.449054	1694	9063	5.35	0	11
NODE_39744_length_1694_cov_4.568639	1694	8325	4.91	0	9
NODE_39786_length_1693_cov_1.862637	1693	11010	6.50	1	94
NODE_39787_length_1693_cov_1.366911	1693	3279	1.94	1	4
NODE_39801_length_1692_cov_2.935858	1692	6788	4.01	1	9
NODE_39804_length_1692_cov_1.836286	1692	3380	2.00	1	4
NODE_39831_length_1690_cov_4.091743	1690	8832	5.23	1	10
NODE_39944_length_1686_cov_3.700797	1686	8548	5.07	1	9
NODE_39978_length_1685_cov_2.298773	1685	4594	2.73	1	6
NODE_40016_length_1683_cov_5.227273	1683	9324	5.54	1	10
NODE_40019_length_1683_cov_4.404791	1683	11481	6.82	1	21
NODE_40058_length_1682_cov_3.442532	1682	6807	4.05	1	9
NODE_40119_length_1680_cov_3.356923	1680	6932	4.13	1	8
NODE_40177_length_1678_cov_4.920518	1678	8091	4.82	1	10
NODE_40206_length_1677_cov_3.504932	1677	7510	4.48	1	11
NODE_40225_length_1676_cov_5.487970	1676	23092	13.78	1	39
NODE_40261_length_1675_cov_3.454321	1675	6136	3.66	1	7
NODE_40274_length_1675_cov_2.240741	1675	5502	3.28	1	7
NODE_40275_length_1675_cov_1.912963	1675	3846	2.30	1	4
NODE_40281_length_1674_cov_5.651637	1674	13411	8.01	2	24
NODE_40346_length_1672_cov_2.333333	1672	3994	2.39	0	4
NODE_40358_length_1671_cov_4.297030	1671	18486	11.06	1	113
NODE_40378_length_1670_cov_11.686687	1670	22666	13.57	1	20
NODE_40383_length_1670_cov_3.797523	1670	7763	4.65	1	9
NODE_40417_length_1669_cov_3.629492	1669	6716	4.02	1	8
NODE_40458_length_1667_cov_4.243176	1667	7758	4.65	1	9
NODE_40471_length_1667_cov_2.416253	1667	5018	3.01	1	6
NODE_40492_length_1666_cov_2.045313	1666	6628	3.98	1	8
NODE_40520_length_1664_cov_4.424487	1664	8504	5.11	1	11
NODE_40521_length_1664_cov_4.263518	1664	8251	4.96	1	11
NODE_40540_length_1664_cov_2.444375	1664	4563	2.74	0	5
NODE_40572_length_1663_cov_1.990050	1663	3676	2.21	0	4
NODE_40573_length_1663_cov_1.629353	1663	3582	2.15	1	4
NODE_40595_length_1662_cov_2.936528	1662	5429	3.27	1	6
NODE_40616_length_1661_cov_3.205479	1661	5996	3.61	0	7
NODE_40654_length_1659_cov_4.261845	1659	8451	5.09	1	10
NODE_40669_length_1659_cov_2.672693	1659	5388	3.25	1	8
NODE_40686_length_1658_cov_5.534623	1658	13501	8.14	2	34
NODE_40707_length_1658_cov_2.965066	1658	11154	6.73	1	51
NODE_40743_length_1656_cov_5.500312	1656	36052	21.77	1	300
NODE_40775_length_1655_cov_4.113125	1655	9628	5.82	1	12
NODE_40783_length_1655_cov_3.503125	1655	13499	8.16	1	25
NODE_40807_length_1654_cov_3.130081	1654	5982	3.62	1	9
NODE_40839_length_1653_cov_2.938048	1653	5492	3.32	1	7
NODE_40892_length_1651_cov_3.082707	1651	5797	3.51	1	8
NODE_40930_length_1650_cov_2.849530	1650	6385	3.87	1	8
NODE_40980_length_1648_cov_3.160075	1648	6529	3.96	1	7
NODE_40987_length_1648_cov_2.115505	1648	4360	2.65	0	5
NODE_41055_length_1646_cov_2.026398	1646	4069	2.47	1	7
NODE_41091_length_1644_cov_4.234739	1644	12103	7.36	0	43
NODE_41115_length_1644_cov_1.494651	1644	3018	1.84	0	4
NODE_41120_length_1643_cov_14.487406	1643	72471	44.11	1	150
NODE_41141_length_1643_cov_3.285264	1643	6350	3.86	1	9
NODE_41219_length_1640_cov_5.673817	1640	9961	6.07	3	11
NODE_41253_length_1639_cov_3.445707	1639	12782	7.80	2	56
NODE_41277_length_1638_cov_7.052432	1638	20801	12.70	2	23
NODE_41337_length_1636_cov_4.414927	1636	7619	4.66	1	7
NODE_41415_length_1634_cov_2.914503	1634	5871	3.59	0	7
NODE_41418_length_1634_cov_2.858138	1634	4691	2.87	1	6
NODE_41424_length_1634_cov_1.941735	1634	3393	2.08	1	5
NODE_41482_length_1632_cov_2.245403	1632	5502	3.37	1	7
NODE_41499_length_1631_cov_2.833122	1631	4969	3.05	1	5
NODE_41505_length_1631_cov_1.916878	1631	3729	2.29	1	4
NODE_41564_length_1629_cov_2.754130	1629	4626	2.84	1	5
NODE_41591_length_1628_cov_3.071202	1628	5668	3.48	0	6
NODE_41689_length_1624_cov_2.428936	1624	6290	3.87	1	7
NODE_41758_length_1621_cov_3.413793	1621	7538	4.65	1	11
NODE_41790_length_1620_cov_2.633227	1620	5086	3.14	1	8
NODE_41852_length_1617_cov_6.172855	1617	17224	10.65	2	17
NODE_41903_length_1616_cov_2.335682	1616	3858	2.39	1	6
NODE_41915_length_1615_cov_3.498077	1615	7020	4.35	0	11
NODE_41928_length_1615_cov_2.814103	1615	6673	4.13	1	7
NODE_41932_length_1615_cov_1.619231	1615	3582	2.22	1	5
NODE_41956_length_1614_cov_2.667736	1614	4215	2.61	1	9
NODE_41993_length_1612_cov_5.474631	1612	22991	14.26	1	273
NODE_42004_length_1612_cov_3.242775	1612	5151	3.20	0	6
NODE_42008_length_1612_cov_3.075145	1612	7122	4.42	1	9
NODE_42031_length_1611_cov_3.194730	1611	5768	3.58	1	7
NODE_42085_length_1609_cov_3.636422	1609	6691	4.16	1	9
NODE_42100_length_1609_cov_2.678893	1609	5371	3.34	1	7
NODE_42198_length_1606_cov_2.027079	1606	3580	2.23	0	5
NODE_42199_length_1606_cov_1.898775	1606	3091	1.92	0	4
NODE_42210_length_1605_cov_4.083226	1605	7386	4.60	1	9
NODE_42239_length_1604_cov_3.988380	1604	7615	4.75	1	9
NODE_42252_length_1604_cov_2.816010	1604	5342	3.33	1	10
NODE_42270_length_1603_cov_3.494186	1603	6986	4.36	1	9
NODE_42322_length_1602_cov_2.378151	1602	4836	3.02	1	6
NODE_42325_length_1602_cov_1.535229	1602	3356	2.09	1	5
NODE_42388_length_1599_cov_5.398316	1599	18570	11.61	1	25
NODE_42421_length_1598_cov_4.388853	1598	9154	5.73	1	39
NODE_42444_length_1597_cov_4.789235	1597	12982	8.13	1	21
NODE_42446_length_1597_cov_4.555123	1597	7467	4.68	1	19
NODE_42459_length_1597_cov_2.791180	1597	13516	8.46	1	20
NODE_42523_length_1595_cov_2.136364	1595	6691	4.19	1	25
NODE_42542_length_1594_cov_3.602339	1594	7885	4.95	1	12
NODE_42553_length_1594_cov_2.653671	1594	5488	3.44	1	8
NODE_42584_length_1593_cov_2.715215	1593	9776	6.14	1	13
NODE_42589_length_1593_cov_2.364759	1593	5056	3.17	1	7
NODE_42592_length_1592_cov_5.417046	1592	13500	8.48	0	23
NODE_42705_length_1588_cov_3.282453	1588	7659	4.82	1	16
NODE_42721_length_1587_cov_4.348564	1587	7270	4.58	1	10
NODE_42755_length_1586_cov_3.909210	1586	5960	3.76	1	6
NODE_42910_length_1581_cov_3.214286	1581	6103	3.86	0	8
NODE_42912_length_1581_cov_3.119266	1581	16509	10.44	1	24
NODE_42913_length_1581_cov_3.104194	1581	5702	3.61	1	8
NODE_42920_length_1581_cov_2.863696	1581	4286	2.71	1	5
NODE_42935_length_1580_cov_4.263607	1580	7383	4.67	1	9
NODE_42983_length_1579_cov_2.433727	1579	8955	5.67	1	17
NODE_43014_length_1578_cov_2.205515	1578	6083	3.85	1	12
NODE_43018_length_1578_cov_1.592909	1578	3788	2.40	1	5
NODE_43058_length_1576_cov_3.741617	1576	7992	5.07	1	16
NODE_43091_length_1575_cov_2.522368	1575	7401	4.70	1	9
NODE_43158_length_1573_cov_2.117260	1573	4437	2.82	1	5
NODE_43170_length_1572_cov_4.764667	1572	6716	4.27	1	8
NODE_43183_length_1572_cov_3.152933	1572	5905	3.76	1	7
NODE_43232_length_1571_cov_2.809367	1571	4800	3.06	1	6
NODE_43238_length_1571_cov_2.201847	1571	6019	3.83	1	10
NODE_43241_length_1570_cov_8.698350	1570	16040	10.22	0	40
NODE_43243_length_1570_cov_6.508251	1570	28118	17.91	1	61
NODE_43275_length_1569_cov_4.013210	1569	6187	3.94	1	8
NODE_43309_length_1568_cov_3.575017	1568	6390	4.08	1	9
NODE_43319_length_1568_cov_2.587574	1568	4268	2.72	1	7
NODE_43332_length_1567_cov_4.226852	1567	8555	5.46	1	12
NODE_43346_length_1567_cov_3.188492	1567	6025	3.84	1	7
NODE_43389_length_1566_cov_2.389146	1566	4943	3.16	1	7
NODE_43421_length_1565_cov_1.641060	1565	3846	2.46	1	4
NODE_43452_length_1564_cov_1.951624	1564	2998	1.92	0	5
NODE_43468_length_1563_cov_3.600796	1563	6870	4.40	1	9
NODE_43477_length_1563_cov_3.204907	1563	4701	3.01	0	7
NODE_43528_length_1562_cov_2.458527	1562	6479	4.15	1	15
NODE_43533_length_1562_cov_2.080292	1562	3396	2.17	1	5
NODE_43580_length_1560_cov_4.215282	1560	8052	5.16	1	10
NODE_43682_length_1557_cov_3.934088	1557	7586	4.87	1	19
NODE_43702_length_1557_cov_2.390146	1557	3935	2.53	1	10
NODE_43737_length_1555_cov_4.159333	1555	10048	6.46	2	25
NODE_43740_length_1555_cov_3.540000	1555	6267	4.03	1	9
NODE_43742_length_1555_cov_3.380000	1555	5657	3.64	1	9
NODE_43747_length_1555_cov_2.910000	1555	4571	2.94	1	7
NODE_43805_length_1553_cov_3.411883	1553	6361	4.10	1	8
NODE_43903_length_1551_cov_2.286096	1551	4508	2.91	1	7
NODE_43952_length_1549_cov_3.194779	1549	6357	4.10	1	8
NODE_43964_length_1549_cov_2.265060	1549	3896	2.52	1	5
NODE_43980_length_1548_cov_3.380442	1548	4346	2.81	1	6
NODE_44003_length_1547_cov_4.125335	1547	7523	4.86	1	7
NODE_44013_length_1547_cov_3.142761	1547	5886	3.80	1	8
NODE_44016_length_1547_cov_2.939678	1547	6692	4.33	1	8
NODE_44092_length_1544_cov_7.248489	1544	14932	9.67	2	61
NODE_44098_length_1544_cov_4.011417	1544	6666	4.32	1	10
NODE_44119_length_1544_cov_2.202821	1544	3679	2.38	1	4
NODE_44131_length_1543_cov_4.106855	1543	17884	11.59	1	24
NODE_44144_length_1543_cov_2.809140	1543	4021	2.61	1	5
NODE_44192_length_1541_cov_3.528264	1541	8063	5.23	1	9
NODE_44215_length_1540_cov_4.381818	1540	5848	3.80	1	7
NODE_44225_length_1540_cov_2.880808	1540	5642	3.66	1	13
NODE_44230_length_1540_cov_2.564983	1540	4766	3.09	1	6
NODE_44291_length_1538_cov_2.161834	1538	4285	2.79	1	5
NODE_44297_length_1537_cov_5.562753	1537	9609	6.25	1	13
NODE_44337_length_1536_cov_4.948683	1536	12998	8.46	2	19
NODE_44386_length_1535_cov_3.014189	1535	4257	2.77	1	5
NODE_44396_length_1535_cov_2.626351	1535	4283	2.79	1	6
NODE_44400_length_1535_cov_2.253378	1535	4448	2.90	0	6
NODE_44412_length_1534_cov_3.942529	1534	6288	4.10	1	9
NODE_44417_length_1534_cov_3.468560	1534	7946	5.18	1	16
NODE_44476_length_1532_cov_3.793500	1532	6286	4.10	1	7
NODE_44492_length_1532_cov_2.687881	1532	3853	2.52	0	6
NODE_44508_length_1531_cov_3.896341	1531	6652	4.34	1	11
NODE_44516_length_1531_cov_3.160569	1531	6107	3.99	1	7
NODE_44585_length_1529_cov_2.962008	1529	5465	3.57	1	7
NODE_44592_length_1529_cov_2.628901	1529	5866	3.84	1	12
NODE_44612_length_1528_cov_5.560760	1528	7835	5.13	1	9
NODE_44619_length_1528_cov_3.542430	1528	5727	3.75	1	7
NODE_44631_length_1528_cov_1.934827	1528	3411	2.23	1	4
NODE_44632_length_1528_cov_1.934827	1528	3435	2.25	0	5
NODE_44643_length_1527_cov_5.114130	1527	10376	6.80	1	16
NODE_44714_length_1525_cov_4.500680	1525	7080	4.64	1	9
NODE_44741_length_1525_cov_2.257823	1525	4467	2.93	1	7
NODE_44743_length_1525_cov_1.904762	1525	3707	2.43	1	5
NODE_44753_length_1524_cov_4.893125	1524	7517	4.93	1	11
NODE_44765_length_1524_cov_3.500340	1524	5329	3.50	1	8
NODE_44770_length_1524_cov_2.699796	1524	11308	7.42	1	17
NODE_44786_length_1523_cov_4.788828	1523	8395	5.51	1	10
NODE_44814_length_1523_cov_2.329700	1523	3701	2.43	1	5
NODE_44860_length_1522_cov_1.489434	1522	3105	2.04	0	5
NODE_44867_length_1521_cov_4.929059	1521	8231	5.41	1	11
NODE_44872_length_1521_cov_3.651432	1521	8277	5.44	2	15
NODE_44920_length_1520_cov_3.095563	1520	5952	3.92	1	7
NODE_44990_length_1518_cov_3.116883	1518	6145	4.05	1	12
NODE_45002_length_1518_cov_2.207792	1518	3991	2.63	1	6
NODE_45003_length_1518_cov_1.753247	1518	4522	2.98	1	16
NODE_45042_length_1517_cov_1.662791	1517	2727	1.80	1	4
NODE_45076_length_1516_cov_2.169747	1516	4071	2.69	1	5
NODE_45093_length_1515_cov_3.764384	1515	5912	3.90	1	10
NODE_45130_length_1514_cov_3.432488	1514	6910	4.56	1	20
NODE_45147_length_1514_cov_1.756683	1514	3399	2.25	1	4
NODE_45167_length_1513_cov_3.226337	1513	4776	3.16	1	7
NODE_45169_length_1513_cov_3.132373	1513	5107	3.38	1	6
NODE_45248_length_1510_cov_3.917526	1510	6480	4.29	1	8
NODE_45280_length_1509_cov_4.180880	1509	5985	3.97	1	7
NODE_45298_length_1509_cov_2.482806	1509	3884	2.57	1	4
NODE_45300_length_1509_cov_2.156121	1509	3689	2.44	0	12
NODE_45335_length_1507_cov_3.942837	1507	9434	6.26	1	21
NODE_45348_length_1507_cov_2.734160	1507	4410	2.93	1	6
NODE_45354_length_1507_cov_2.422176	1507	4806	3.19	1	7
NODE_45388_length_1506_cov_1.988973	1506	2771	1.84	1	4
NODE_45396_length_1505_cov_4.768276	1505	9025	6.00	1	14
NODE_45406_length_1505_cov_3.457241	1505	5673	3.77	1	11
NODE_45407_length_1505_cov_3.399310	1505	6645	4.42	1	9
NODE_45450_length_1504_cov_3.146998	1504	5616	3.73	1	10
NODE_45481_length_1503_cov_3.243094	1503	8337	5.55	1	14
NODE_45511_length_1502_cov_3.922598	1502	7596	5.06	1	14
NODE_45555_length_1501_cov_2.746888	1501	5664	3.77	1	8
NODE_45559_length_1501_cov_2.162517	1501	3752	2.50	1	5
NODE_45605_length_1500_cov_2.103806	1500	3545	2.36	1	4
NODE_45606_length_1500_cov_1.913495	1500	3169	2.11	0	4
NODE_45638_length_1499_cov_2.274931	1499	5349	3.57	0	14
NODE_45651_length_1498_cov_4.725572	1498	7274	4.86	1	8
NODE_45678_length_1498_cov_2.328482	1498	3956	2.64	1	5
NODE_45696_length_1497_cov_4.006935	1497	7719	5.16	1	12
NODE_45743_length_1496_cov_4.166551	1496	6986	4.67	1	9
NODE_45757_length_1496_cov_2.500347	1496	4093	2.74	1	5
NODE_45764_length_1496_cov_2.129771	1496	4173	2.79	1	5
NODE_45774_length_1495_cov_4.790972	1495	7723	5.17	1	10
NODE_45782_length_1495_cov_3.777083	1495	4384	2.93	1	6
NODE_45802_length_1495_cov_2.175694	1495	3145	2.10	1	4
NODE_45853_length_1493_cov_3.792768	1493	7387	4.95	1	10
NODE_45873_length_1493_cov_2.652990	1493	6126	4.10	1	10
NODE_45884_length_1493_cov_1.863004	1493	3203	2.15	1	5
NODE_45908_length_1492_cov_2.422408	1492	4952	3.32	1	11
NODE_45927_length_1491_cov_3.392758	1491	6233	4.18	1	10
NODE_45969_length_1490_cov_2.184669	1490	3622	2.43	1	5
NODE_45993_length_1489_cov_3.268480	1489	13111	8.81	1	23
NODE_45997_length_1489_cov_3.149233	1489	6957	4.67	1	17
NODE_46115_length_1486_cov_2.384347	1486	4625	3.11	1	6
NODE_46169_length_1484_cov_3.331001	1484	5546	3.74	1	7
NODE_46187_length_1484_cov_2.109167	1484	3364	2.27	1	5
NODE_46224_length_1483_cov_2.589636	1483	5783	3.90	1	7
NODE_46228_length_1483_cov_2.120448	1483	3079	2.08	1	6
NODE_46231_length_1483_cov_1.838235	1483	4848	3.27	0	6
NODE_46256_length_1482_cov_2.562719	1482	12612	8.51	1	18
NODE_46325_length_1480_cov_2.725614	1480	8515	5.75	1	18
NODE_46354_length_1479_cov_3.813904	1479	5458	3.69	1	8
NODE_46362_length_1479_cov_3.110955	1479	7749	5.24	1	19
NODE_46370_length_1479_cov_2.715590	1479	5942	4.02	1	8
NODE_46378_length_1479_cov_2.250702	1479	3489	2.36	0	6
NODE_46396_length_1478_cov_4.065355	1478	6686	4.52	1	15
NODE_46483_length_1476_cov_3.275862	1476	8336	5.65	0	13
NODE_46486_length_1476_cov_2.893737	1476	6916	4.69	1	15
NODE_46491_length_1476_cov_2.534835	1476	3251	2.20	1	4
NODE_46529_length_1475_cov_2.112676	1475	4425	3.00	1	6
NODE_46547_length_1474_cov_4.863284	1474	8418	5.71	1	11
NODE_46550_length_1474_cov_4.317125	1474	9874	6.70	1	18
NODE_46577_length_1473_cov_3.976728	1473	7479	5.08	1	10
NODE_46585_length_1473_cov_3.584626	1473	6116	4.15	0	8
NODE_46602_length_1473_cov_2.080395	1473	3267	2.22	1	12
NODE_46603_length_1473_cov_1.926657	1473	3626	2.46	1	5
NODE_46636_length_1472_cov_1.883557	1472	3926	2.67	1	6
NODE_46717_length_1469_cov_4.299151	1469	6761	4.60	1	9
NODE_46720_length_1469_cov_4.164074	1469	7688	5.23	1	9
NODE_46736_length_1469_cov_2.581330	1469	7190	4.89	1	15
NODE_46798_length_1467_cov_2.985836	1467	5968	4.07	0	9
NODE_46812_length_1467_cov_1.987252	1467	3770	2.57	0	5
NODE_46834_length_1466_cov_2.692417	1466	3783	2.58	1	5
NODE_46915_length_1464_cov_2.359830	1464	4630	3.16	1	7
NODE_46917_length_1464_cov_1.442867	1464	2993	2.04	0	4
NODE_46930_length_1463_cov_3.892045	1463	7222	4.94	1	11
NODE_46944_length_1463_cov_2.862926	1463	5695	3.89	1	8
NODE_46958_length_1462_cov_8.144989	1462	13872	9.49	1	32
NODE_46965_length_1462_cov_4.245203	1462	7513	5.14	1	9
NODE_46981_length_1462_cov_2.793177	1462	8045	5.50	1	18
NODE_46985_length_1462_cov_2.130775	1462	3206	2.19	0	6
NODE_47005_length_1461_cov_3.379090	1461	6311	4.32	1	12
NODE_47026_length_1461_cov_1.959459	1461	2753	1.88	1	4
NODE_47070_length_1459_cov_4.856838	1459	16306	11.18	2	78
NODE_47084_length_1459_cov_2.608262	1459	4422	3.03	1	7
NODE_47108_length_1458_cov_3.009979	1458	13127	9.00	1	22
NODE_47145_length_1456_cov_4.142041	1456	7621	5.23	1	10
NODE_47195_length_1455_cov_2.690714	1455	3628	2.49	1	4
NODE_47224_length_1454_cov_3.398142	1454	6221	4.28	1	8
NODE_47266_length_1453_cov_3.442060	1453	7392	5.09	1	19
NODE_47341_length_1451_cov_2.699140	1451	4814	3.32	1	9
NODE_47349_length_1451_cov_1.896132	1451	3512	2.42	1	5
NODE_47366_length_1450_cov_3.218638	1450	6678	4.61	1	9
NODE_47370_length_1450_cov_2.888172	1450	5543	3.82	1	11
NODE_47400_length_1449_cov_2.930416	1449	4638	3.20	1	7
NODE_47429_length_1448_cov_3.526920	1448	5574	3.85	1	8
NODE_47454_length_1447_cov_4.094828	1447	5717	3.95	1	8
NODE_47469_length_1447_cov_2.969828	1447	5032	3.48	1	8
NODE_47491_length_1446_cov_3.094177	1446	20535	14.20	1	103
NODE_47498_length_1446_cov_2.539899	1446	3451	2.39	1	5
NODE_47502_length_1446_cov_2.393961	1446	7036	4.87	0	76
NODE_47503_length_1446_cov_2.390367	1446	3925	2.71	1	5
NODE_47580_length_1444_cov_1.568754	1444	3227	2.23	1	4
NODE_47605_length_1443_cov_2.252882	1443	4163	2.88	0	8
NODE_47661_length_1441_cov_3.474747	1441	11002	7.63	0	23
NODE_47664_length_1441_cov_3.382395	1441	4364	3.03	1	6
NODE_47679_length_1441_cov_2.100289	1441	3699	2.57	1	5
NODE_47688_length_1440_cov_4.833935	1440	7766	5.39	1	11
NODE_47748_length_1439_cov_2.720376	1439	4635	3.22	1	7
NODE_47771_length_1438_cov_3.887202	1438	6262	4.35	1	10
NODE_47791_length_1437_cov_7.088278	1437	11572	8.05	2	17
NODE_47825_length_1437_cov_2.602750	1437	11379	7.92	1	22
NODE_47850_length_1436_cov_2.965243	1436	5704	3.97	1	8
NODE_47858_length_1436_cov_2.682839	1436	3511	2.44	0	5
NODE_47921_length_1434_cov_3.673677	1434	6515	4.54	1	9
NODE_47945_length_1434_cov_2.411168	1434	4213	2.94	1	5
NODE_47981_length_1433_cov_1.664731	1433	4953	3.46	1	32
NODE_48002_length_1432_cov_3.372549	1432	5208	3.64	1	7
NODE_48035_length_1431_cov_3.793605	1431	12603	8.81	0	68
NODE_48056_length_1431_cov_2.537064	1431	8435	5.89	1	19
NODE_48060_length_1431_cov_2.168605	1431	4143	2.90	1	6
NODE_48107_length_1429_cov_3.817322	1429	6117	4.28	1	9
NODE_48125_length_1429_cov_1.797671	1429	3130	2.19	1	6
NODE_48153_length_1428_cov_2.860160	1428	5288	3.70	0	9
NODE_48166_length_1427_cov_5.166181	1427	13628	9.55	1	20
NODE_48180_length_1427_cov_3.055394	1427	5316	3.73	1	7
NODE_48185_length_1427_cov_2.699708	1427	6633	4.65	1	17
NODE_48194_length_1427_cov_2.071429	1427	3159	2.21	1	5
NODE_48210_length_1426_cov_4.350839	1426	6582	4.62	1	9
NODE_48286_length_1424_cov_3.853178	1424	6990	4.91	1	10
NODE_48316_length_1423_cov_5.497076	1423	6822	4.79	1	9
NODE_48336_length_1423_cov_2.628655	1423	4891	3.44	1	7
NODE_48466_length_1420_cov_2.412454	1420	4086	2.88	1	8
NODE_48469_length_1420_cov_2.153846	1420	7540	5.31	1	22
NODE_48471_length_1420_cov_1.935531	1420	3219	2.27	1	4
NODE_48494_length_1419_cov_2.241202	1419	20301	14.31	1	25
NODE_48495_length_1419_cov_2.016862	1419	2425	1.71	1	4
NODE_48563_length_1417_cov_2.290749	1417	6061	4.28	1	19
NODE_48590_length_1416_cov_3.038942	1416	5139	3.63	1	8
NODE_48600_length_1416_cov_1.922116	1416	4795	3.39	1	13
NODE_48626_length_1415_cov_2.886029	1415	4115	2.91	1	7
NODE_48627_length_1415_cov_2.861765	1415	5029	3.55	1	6
NODE_48630_length_1415_cov_2.724265	1415	3116	2.20	0	4
NODE_48636_length_1415_cov_2.272059	1415	3620	2.56	0	8
NODE_48648_length_1414_cov_5.418690	1414	8178	5.78	1	13
NODE_48658_length_1414_cov_3.838852	1414	6852	4.85	1	23
NODE_48673_length_1414_cov_2.403238	1414	7625	5.39	1	11
NODE_48676_length_1414_cov_2.232524	1414	9586	6.78	0	155
NODE_48690_length_1413_cov_4.701031	1413	9375	6.63	1	20
NODE_48696_length_1413_cov_3.777614	1413	5519	3.91	1	7
NODE_48720_length_1413_cov_2.382180	1413	3400	2.41	1	4
NODE_48734_length_1412_cov_3.848195	1412	8511	6.03	1	17
NODE_48767_length_1411_cov_12.547198	1411	23673	16.78	1	45
NODE_48778_length_1411_cov_3.992625	1411	6188	4.39	1	8
NODE_48810_length_1410_cov_3.715867	1410	4547	3.22	1	7
NODE_48833_length_1410_cov_1.985240	1410	3509	2.49	1	6
NODE_48838_length_1409_cov_9.591581	1409	77795	55.21	6	99
NODE_48848_length_1409_cov_4.185377	1409	6646	4.72	1	11
NODE_48951_length_1407_cov_3.328402	1407	4078	2.90	1	7
NODE_48969_length_1407_cov_2.306213	1407	3820	2.71	0	6
NODE_48974_length_1407_cov_1.728550	1407	3376	2.40	1	5
NODE_48975_length_1407_cov_1.686391	1407	2666	1.89	1	5
NODE_48985_length_1406_cov_4.351591	1406	6918	4.92	1	21
NODE_49016_length_1406_cov_2.235381	1406	18069	12.85	1	26
NODE_49054_length_1405_cov_1.855556	1405	3223	2.29	1	5
NODE_49071_length_1404_cov_3.300222	1404	5672	4.04	1	9
NODE_49101_length_1403_cov_3.454748	1403	10521	7.50	1	20
NODE_49169_length_1401_cov_4.164190	1401	6385	4.56	1	8
NODE_49210_length_1400_cov_3.672862	1400	6118	4.37	1	9
NODE_49267_length_1399_cov_2.234375	1399	4589	3.28	1	7
NODE_49320_length_1397_cov_4.303279	1397	8487	6.08	1	14
NODE_49335_length_1397_cov_2.584948	1397	3921	2.81	1	6
NODE_49342_length_1397_cov_2.321908	1397	8957	6.41	1	15
NODE_49363_length_1396_cov_3.792692	1396	6711	4.81	1	11
NODE_49388_length_1396_cov_1.912752	1396	2768	1.98	1	4
NODE_49398_length_1395_cov_4.352239	1395	11097	7.95	1	62
NODE_49427_length_1395_cov_1.658209	1395	3029	2.17	0	5
NODE_49432_length_1394_cov_11.454817	1394	21894	15.71	6	25
NODE_49457_length_1394_cov_3.112771	1394	5482	3.93	1	9
NODE_49475_length_1394_cov_1.912621	1394	2989	2.14	1	4
NODE_49510_length_1393_cov_3.124066	1393	6201	4.45	1	9
NODE_49524_length_1393_cov_1.679372	1393	3133	2.25	0	6
NODE_49532_length_1392_cov_7.567689	1392	8898	6.39	2	11
NODE_49570_length_1392_cov_2.247569	1392	4008	2.88	1	7
NODE_49590_length_1391_cov_3.950599	1391	7206	5.18	1	10
NODE_49625_length_1390_cov_13.279401	1390	22121	15.91	9	23
NODE_49724_length_1388_cov_3.988747	1388	7676	5.53	1	11
NODE_49742_length_1388_cov_2.933983	1388	5377	3.87	1	7
NODE_49750_length_1388_cov_1.840960	1388	3147	2.27	0	5
NODE_49751_length_1388_cov_1.654914	1388	3042	2.19	1	5
NODE_49763_length_1387_cov_4.593844	1387	5923	4.27	0	9
NODE_49801_length_1387_cov_1.814565	1387	3586	2.59	0	6
NODE_49802_length_1387_cov_1.700450	1387	3076	2.22	1	4
NODE_49819_length_1386_cov_3.996243	1386	6224	4.49	1	11
NODE_49823_length_1386_cov_3.766341	1386	5831	4.21	1	9
NODE_49878_length_1385_cov_2.724812	1385	3304	2.39	1	5
NODE_49879_length_1385_cov_2.711278	1385	3863	2.79	1	5
NODE_49885_length_1385_cov_2.118797	1385	3544	2.56	0	6
NODE_49901_length_1384_cov_3.288187	1384	3643	2.63	1	5
NODE_49912_length_1384_cov_1.811889	1384	2921	2.11	1	3
NODE_49939_length_1383_cov_2.684488	1383	4129	2.99	1	12
NODE_49955_length_1382_cov_4.688018	1382	7257	5.25	1	10
NODE_49975_length_1382_cov_2.863602	1382	3473	2.51	1	5
NODE_50005_length_1381_cov_3.987934	1381	6376	4.62	1	9
NODE_50023_length_1381_cov_2.955505	1381	4730	3.43	1	10
NODE_50110_length_1378_cov_5.492063	1378	54205	39.34	3	193
NODE_50113_length_1378_cov_4.292517	1378	10081	7.32	1	18
NODE_50130_length_1378_cov_2.916856	1378	6034	4.38	1	8
NODE_50133_length_1378_cov_2.738473	1378	4455	3.23	1	7
NODE_50142_length_1378_cov_1.579743	1378	3000	2.18	1	5
NODE_50149_length_1377_cov_14.186082	1377	65005	47.21	1	115
NODE_50165_length_1377_cov_3.641452	1377	6104	4.43	1	10
NODE_50168_length_1377_cov_3.481089	1377	6336	4.60	1	11
NODE_50186_length_1377_cov_2.083207	1377	3510	2.55	1	5
NODE_50225_length_1376_cov_2.204391	1376	3651	2.65	1	7
NODE_50259_length_1375_cov_2.606818	1375	3462	2.52	1	5
NODE_50299_length_1374_cov_2.302502	1374	3085	2.25	1	5
NODE_50301_length_1374_cov_2.160728	1374	3716	2.70	0	12
NODE_50346_length_1373_cov_1.946131	1373	3129	2.28	1	4
NODE_50410_length_1371_cov_3.125380	1371	5701	4.16	1	8
NODE_50426_length_1371_cov_2.161094	1371	3780	2.76	1	5
NODE_50462_length_1370_cov_2.788593	1370	4388	3.20	0	7
NODE_50465_length_1370_cov_2.372624	1370	5288	3.86	1	7
NODE_50490_length_1369_cov_3.140791	1369	4957	3.62	1	7
NODE_50543_length_1368_cov_1.602437	1368	3219	2.35	1	5
NODE_50575_length_1367_cov_2.309451	1367	3224	2.36	1	4
NODE_50632_length_1365_cov_3.270992	1365	5004	3.67	1	8
NODE_50686_length_1364_cov_2.786860	1364	4236	3.11	1	16
NODE_50731_length_1363_cov_2.738532	1363	5749	4.22	1	14
NODE_50739_length_1363_cov_2.127676	1363	3465	2.54	1	5
NODE_50742_length_1363_cov_1.888379	1363	2831	2.08	1	4
NODE_50785_length_1362_cov_2.543994	1362	4233	3.11	0	6
NODE_50821_length_1361_cov_2.567381	1361	3783	2.78	1	5
NODE_50826_length_1361_cov_2.327718	1361	9512	6.99	1	20
NODE_50877_length_1359_cov_4.152607	1359	7390	5.44	1	12
NODE_50913_length_1358_cov_4.502686	1358	6884	5.07	1	8
NODE_50960_length_1357_cov_3.780338	1357	5742	4.23	0	8
NODE_50966_length_1357_cov_3.363287	1357	6935	5.11	1	14
NODE_50989_length_1357_cov_2.420123	1357	3911	2.88	1	4
NODE_50992_length_1357_cov_2.061444	1357	3509	2.59	0	5
NODE_50993_length_1357_cov_1.499232	1357	2705	1.99	1	3
NODE_51009_length_1356_cov_4.283628	1356	6779	5.00	0	13
NODE_51013_length_1356_cov_3.601845	1356	7439	5.49	1	13
NODE_51034_length_1356_cov_2.315911	1356	4434	3.27	0	7
NODE_51037_length_1356_cov_1.787855	1356	3769	2.78	1	13
NODE_51072_length_1355_cov_2.465385	1355	3297	2.43	1	5
NODE_51094_length_1354_cov_4.446497	1354	7880	5.82	1	10
NODE_51121_length_1354_cov_2.632794	1354	3191	2.36	1	4
NODE_51131_length_1354_cov_1.921478	1354	3100	2.29	1	5
NODE_51132_length_1354_cov_1.519630	1354	2523	1.86	1	3
NODE_51136_length_1353_cov_9.761171	1353	15026	11.11	1	22
NODE_51142_length_1353_cov_4.141757	1353	8437	6.24	1	9
NODE_51177_length_1353_cov_1.961479	1353	3053	2.26	1	5
NODE_51184_length_1352_cov_6.582884	1352	13425	9.93	2	58
NODE_51191_length_1352_cov_4.437934	1352	6939	5.13	1	8
NODE_51204_length_1352_cov_3.140324	1352	4981	3.68	1	7
NODE_51215_length_1352_cov_2.257517	1352	3827	2.83	1	7
NODE_51217_length_1352_cov_2.030069	1352	4826	3.57	0	9
NODE_51259_length_1351_cov_2.050154	1351	2887	2.14	0	4
NODE_51286_length_1350_cov_3.021622	1350	4860	3.60	1	10
NODE_51326_length_1349_cov_3.587326	1349	5445	4.04	1	9
NODE_51371_length_1348_cov_3.012374	1348	3704	2.75	1	6
NODE_51377_length_1348_cov_2.490333	1348	3171	2.35	1	6
NODE_51415_length_1347_cov_2.837461	1347	6057	4.50	1	10
NODE_51425_length_1347_cov_1.829721	1347	3716	2.76	1	5
NODE_51446_length_1346_cov_3.030209	1346	4321	3.21	1	8
NODE_51472_length_1345_cov_5.814729	1345	8987	6.68	1	16
NODE_51480_length_1345_cov_3.666667	1345	6012	4.47	1	9
NODE_51547_length_1344_cov_2.097750	1344	2558	1.90	1	3
NODE_51591_length_1343_cov_2.652174	1343	3703	2.76	1	5
NODE_51595_length_1343_cov_2.576863	1343	3410	2.54	1	6
NODE_51664_length_1341_cov_2.461120	1341	5016	3.74	1	7
NODE_51665_length_1341_cov_2.437792	1341	3327	2.48	1	6
NODE_51669_length_1341_cov_2.283048	1341	6123	4.57	1	13
NODE_51677_length_1341_cov_1.920684	1341	3151	2.35	1	5
NODE_51704_length_1340_cov_2.883268	1340	3892	2.90	1	6
NODE_51710_length_1340_cov_2.323735	1340	2893	2.16	1	4
NODE_51727_length_1339_cov_7.044393	1339	13515	10.09	2	29
NODE_51799_length_1338_cov_2.275136	1338	3344	2.50	1	5
NODE_51803_length_1338_cov_1.989867	1338	3279	2.45	1	6
NODE_51812_length_1337_cov_4.777691	1337	9192	6.88	1	14
NODE_51822_length_1337_cov_3.757410	1337	6641	4.97	1	12
NODE_51858_length_1336_cov_5.797814	1336	30012	22.46	1	88
NODE_51884_length_1336_cov_2.966432	1336	5709	4.27	1	8
NODE_51904_length_1335_cov_11.814844	1335	106128	79.50	6	132
NODE_51915_length_1335_cov_4.152344	1335	6067	4.54	0	8
NODE_51931_length_1335_cov_2.597656	1335	3780	2.83	1	7
NODE_51937_length_1335_cov_2.347656	1335	2992	2.24	1	5
NODE_51938_length_1335_cov_1.653125	1335	2861	2.14	1	5
NODE_51961_length_1334_cov_3.200938	1334	5812	4.36	1	8
NODE_51980_length_1334_cov_2.387021	1334	3589	2.69	0	4
NODE_52035_length_1332_cov_3.926390	1332	6284	4.72	1	11
NODE_52040_length_1332_cov_3.545027	1332	5073	3.81	1	8
NODE_52091_length_1331_cov_3.174765	1331	5123	3.85	1	8
NODE_52105_length_1331_cov_2.573668	1331	4319	3.24	1	6
NODE_52138_length_1330_cov_2.676078	1330	3908	2.94	0	7
NODE_52139_length_1330_cov_2.607843	1330	4311	3.24	1	6
NODE_52170_length_1329_cov_2.609890	1329	3168	2.38	1	6
NODE_52172_length_1329_cov_2.404239	1329	2734	2.06	1	4
NODE_52182_length_1328_cov_5.156324	1328	6783	5.11	0	14
NODE_52197_length_1328_cov_3.564808	1328	6339	4.77	1	12
NODE_52207_length_1328_cov_3.134328	1328	4075	3.07	1	7
NODE_52221_length_1328_cov_2.150039	1328	2743	2.07	1	5
NODE_52222_length_1328_cov_2.144540	1328	3502	2.64	1	6
NODE_52227_length_1327_cov_15.448113	1327	32974	24.85	6	42
NODE_52230_length_1327_cov_9.065252	1327	15120	11.39	3	22
NODE_52231_length_1327_cov_7.816038	1327	17959	13.53	4	20
NODE_52247_length_1327_cov_3.533019	1327	5020	3.78	1	7
NODE_52263_length_1327_cov_2.207547	1327	2962	2.23	1	5
NODE_52266_length_1327_cov_1.946541	1327	3546	2.67	1	5
NODE_52283_length_1326_cov_8.273013	1326	28134	21.22	2	71
NODE_52288_length_1326_cov_5.812746	1326	13569	10.23	1	35
NODE_52295_length_1326_cov_3.758458	1326	6251	4.71	1	9
NODE_52296_length_1326_cov_3.705744	1326	4493	3.39	1	8
NODE_52334_length_1325_cov_3.937795	1325	6556	4.95	1	12
NODE_52341_length_1325_cov_3.325197	1325	4649	3.51	1	6
NODE_52379_length_1324_cov_4.159968	1324	6073	4.59	1	9
NODE_52407_length_1324_cov_2.317573	1324	3399	2.57	1	7
NODE_52427_length_1323_cov_3.884858	1323	8647	6.54	1	11
NODE_52467_length_1322_cov_4.198895	1322	47336	35.81	1	212
NODE_52479_length_1322_cov_3.211523	1322	4952	3.75	1	7
NODE_52494_length_1322_cov_2.188635	1322	4203	3.18	1	14
NODE_52510_length_1321_cov_4.428910	1321	5890	4.46	1	9
NODE_52548_length_1320_cov_5.031621	1320	6932	5.25	1	9
NODE_52618_length_1319_cov_2.877373	1319	6107	4.63	1	9
NODE_52665_length_1318_cov_2.930325	1318	3433	2.60	1	5
NODE_52684_length_1317_cov_5.419968	1317	7579	5.75	1	14
NODE_52698_length_1317_cov_3.444532	1317	4616	3.50	1	6
NODE_52701_length_1317_cov_3.171157	1317	7201	5.47	1	16
NODE_52724_length_1316_cov_10.282316	1316	59817	45.45	2	201
NODE_52761_length_1316_cov_2.121332	1316	3619	2.75	0	8
NODE_52788_length_1315_cov_3.841270	1315	4369	3.32	1	6
NODE_52816_length_1315_cov_1.972222	1315	3551	2.70	1	6
NODE_52826_length_1314_cov_4.412232	1314	24169	18.39	1	142
NODE_52834_length_1314_cov_3.726767	1314	5205	3.96	1	9
NODE_52859_length_1314_cov_1.912629	1314	7861	5.98	1	15
NODE_52897_length_1313_cov_2.826709	1313	3277	2.50	0	5
NODE_52904_length_1313_cov_2.429253	1313	2925	2.23	0	5
NODE_52911_length_1313_cov_1.657393	1313	2427	1.85	1	4
NODE_52941_length_1312_cov_3.611774	1312	5125	3.91	1	8
NODE_52950_length_1312_cov_2.862371	1312	5748	4.38	1	7
NODE_52967_length_1312_cov_2.040573	1312	3217	2.45	1	5
NODE_52975_length_1311_cov_5.813694	1311	9751	7.44	1	15
NODE_52983_length_1311_cov_4.257166	1311	5550	4.23	1	8
NODE_53009_length_1311_cov_2.567675	1311	3514	2.68	1	6
NODE_53070_length_1309_cov_4.811005	1309	5642	4.31	1	9
NODE_53084_length_1309_cov_3.333333	1309	5104	3.90	1	6
NODE_53102_length_1309_cov_2.435407	1309	3558	2.72	1	5
NODE_53103_length_1309_cov_2.348485	1309	3552	2.71	0	6
NODE_53106_length_1309_cov_1.877990	1309	3329	2.54	1	5
NODE_53107_length_1309_cov_1.771930	1309	2600	1.99	1	4
NODE_53116_length_1308_cov_4.952115	1308	7969	6.09	1	18
NODE_53133_length_1308_cov_3.245810	1308	5556	4.25	1	8
NODE_53164_length_1308_cov_2.047087	1308	2972	2.27	1	4
NODE_53197_length_1307_cov_3.102236	1307	5062	3.87	1	9
NODE_53199_length_1307_cov_3.011981	1307	3062	2.34	1	7
NODE_53213_length_1307_cov_2.085463	1307	5077	3.88	1	57
NODE_53229_length_1306_cov_3.751399	1306	7572	5.80	1	30
NODE_53236_length_1306_cov_3.084732	1306	4404	3.37	1	6
NODE_53364_length_1303_cov_4.002404	1303	6073	4.66	1	12
NODE_53377_length_1303_cov_3.236378	1303	5287	4.06	1	8
NODE_53383_length_1303_cov_2.926282	1303	6268	4.81	1	12
NODE_53392_length_1303_cov_2.131410	1303	2844	2.18	1	4
NODE_53411_length_1302_cov_3.958300	1302	7895	6.06	1	18
NODE_53432_length_1302_cov_2.855654	1302	4875	3.74	1	8
NODE_53439_length_1302_cov_2.282277	1302	2958	2.27	1	5
NODE_53466_length_1301_cov_3.879615	1301	6657	5.12	1	12
NODE_53475_length_1301_cov_3.056982	1301	6963	5.35	1	13
NODE_53480_length_1301_cov_2.921348	1301	4693	3.61	1	11
NODE_53497_length_1301_cov_1.960674	1301	2949	2.27	1	4
NODE_53517_length_1300_cov_4.036948	1300	4994	3.84	1	9
NODE_53526_length_1300_cov_3.099598	1300	5172	3.98	1	9
NODE_53529_length_1300_cov_2.899598	1300	3266	2.51	1	5
NODE_53539_length_1300_cov_1.938153	1300	2828	2.18	1	8
NODE_53556_length_1299_cov_3.649518	1299	6261	4.82	0	17
NODE_53615_length_1298_cov_3.244570	1298	4751	3.66	1	7
NODE_53640_length_1298_cov_2.292840	1298	3143	2.42	1	5
NODE_53642_length_1298_cov_2.288013	1298	3236	2.49	1	4
NODE_53645_length_1298_cov_2.139984	1298	2993	2.31	0	5
NODE_53647_length_1298_cov_1.919549	1298	2560	1.97	1	7
NODE_53680_length_1297_cov_2.719807	1297	4213	3.25	1	8
NODE_53695_length_1296_cov_4.057212	1296	10408	8.03	0	20
NODE_53754_length_1295_cov_3.346774	1295	4564	3.52	1	8
NODE_53770_length_1295_cov_2.126613	1295	3076	2.38	0	5
NODE_53793_length_1294_cov_2.765133	1294	4129	3.19	1	5
NODE_53802_length_1294_cov_1.686844	1294	2686	2.08	0	4
NODE_53803_length_1294_cov_1.671509	1294	2721	2.10	0	6
NODE_53820_length_1293_cov_3.896607	1293	4117	3.18	1	8
NODE_53846_length_1293_cov_2.606624	1293	3182	2.46	0	7
NODE_53882_length_1292_cov_3.642684	1292	4915	3.80	0	7
NODE_53907_length_1292_cov_2.269200	1292	2709	2.10	1	4
NODE_53932_length_1291_cov_2.849515	1291	5794	4.49	0	10
NODE_53940_length_1291_cov_2.305825	1291	2963	2.30	0	5
NODE_53974_length_1290_cov_2.930364	1290	4822	3.74	0	8
NODE_53982_length_1290_cov_2.566802	1290	3388	2.63	1	4
NODE_54026_length_1289_cov_2.721232	1289	3642	2.83	1	5
NODE_54047_length_1288_cov_3.339822	1288	4123	3.20	0	7
NODE_54071_length_1287_cov_18.517045	1287	94836	73.69	5	217
NODE_54082_length_1287_cov_3.896916	1287	5433	4.22	1	10
NODE_54083_length_1287_cov_3.848214	1287	5521	4.29	1	7
NODE_54096_length_1287_cov_3.233766	1287	5725	4.45	1	12
NODE_54155_length_1286_cov_2.535337	1286	4166	3.24	1	6
NODE_54159_length_1286_cov_2.003249	1286	2755	2.14	1	5
NODE_54204_length_1285_cov_2.513008	1285	3559	2.77	1	6
NODE_54210_length_1285_cov_2.233333	1285	3892	3.03	1	7
NODE_54228_length_1284_cov_4.560618	1284	6576	5.12	1	10
NODE_54265_length_1284_cov_2.163548	1284	4724	3.68	1	7
NODE_54320_length_1283_cov_2.077362	1283	2605	2.03	1	5
NODE_54321_length_1283_cov_1.978827	1283	2407	1.88	0	4
NODE_54367_length_1282_cov_2.337408	1282	2952	2.30	1	4
NODE_54389_length_1281_cov_3.684339	1281	8231	6.43	1	12
NODE_54394_length_1281_cov_3.323817	1281	4230	3.30	1	7
NODE_54404_length_1281_cov_2.814845	1281	4318	3.37	1	7
NODE_54416_length_1281_cov_2.254486	1281	3490	2.72	1	6
NODE_54427_length_1280_cov_7.119184	1280	9084	7.10	1	12
NODE_54445_length_1280_cov_2.791837	1280	3648	2.85	1	5
NODE_54474_length_1279_cov_4.936275	1279	19412	15.18	1	159
NODE_54490_length_1279_cov_3.146242	1279	19593	15.32	1	24
NODE_54493_length_1279_cov_3.093137	1279	4085	3.19	1	6
NODE_54507_length_1279_cov_2.439542	1279	3377	2.64	1	6
NODE_54511_length_1279_cov_1.616013	1279	2433	1.90	1	4
NODE_54524_length_1278_cov_4.161897	1278	6144	4.81	1	9
NODE_54528_length_1278_cov_3.495503	1278	3745	2.93	1	6
NODE_54531_length_1278_cov_3.109567	1278	5410	4.23	1	10
NODE_54545_length_1278_cov_2.330335	1278	3174	2.48	1	5
NODE_54549_length_1278_cov_1.820932	1278	2773	2.17	1	4
NODE_54577_length_1277_cov_3.044190	1277	3572	2.80	1	6
NODE_54596_length_1277_cov_1.865794	1277	2587	2.03	1	4
NODE_54640_length_1276_cov_1.992629	1276	2647	2.07	1	4
NODE_54653_length_1275_cov_5.033607	1275	7357	5.77	1	12
NODE_54666_length_1275_cov_3.422131	1275	3552	2.79	1	5
NODE_54675_length_1275_cov_3.177869	1275	6154	4.83	1	15
NODE_54685_length_1275_cov_2.535246	1275	3848	3.02	1	6
NODE_54690_length_1275_cov_2.102459	1275	3101	2.43	0	5
NODE_54755_length_1273_cov_3.040230	1273	4050	3.18	1	6
NODE_54756_length_1273_cov_3.025452	1273	10410	8.18	1	23
NODE_54758_length_1273_cov_2.651888	1273	3579	2.81	1	13
NODE_54771_length_1273_cov_2.163383	1273	3290	2.58	1	5
NODE_54786_length_1272_cov_4.388661	1272	7236	5.69	2	10
NODE_54816_length_1272_cov_1.441249	1272	2178	1.71	1	4
NODE_54845_length_1271_cov_3.421875	1271	19204	15.11	2	24
NODE_54924_length_1270_cov_2.225514	1270	3772	2.97	0	9
NODE_54928_length_1270_cov_1.485597	1270	2129	1.68	1	3
NODE_54946_length_1269_cov_4.225700	1269	15118	11.91	3	21
NODE_54962_length_1269_cov_2.791598	1269	4415	3.48	1	6
NODE_54965_length_1269_cov_2.738880	1269	3404	2.68	1	5
NODE_54974_length_1269_cov_2.101318	1269	3300	2.60	1	5
NODE_54996_length_1268_cov_3.580379	1268	5982	4.72	1	9
NODE_55034_length_1267_cov_4.152640	1267	7052	5.57	1	11
NODE_55036_length_1267_cov_4.083333	1267	5664	4.47	1	12
NODE_55076_length_1267_cov_2.116337	1267	3710	2.93	1	7
NODE_55095_length_1266_cov_3.796036	1266	6443	5.09	0	21
NODE_55120_length_1266_cov_2.274979	1266	2535	2.00	1	4
NODE_55123_length_1266_cov_2.059455	1266	2827	2.23	1	4
NODE_55134_length_1265_cov_4.214876	1265	5629	4.45	1	9
NODE_55165_length_1265_cov_2.509091	1265	7008	5.54	1	22
NODE_55181_length_1264_cov_3.521092	1264	4537	3.59	0	6
NODE_55228_length_1263_cov_4.108444	1263	8226	6.51	1	23
NODE_55248_length_1263_cov_2.828642	1263	6440	5.10	1	19
NODE_55263_length_1263_cov_1.730132	1263	2586	2.05	1	4
NODE_55313_length_1262_cov_1.531897	1262	2679	2.12	1	5
NODE_55322_length_1261_cov_6.567164	1261	33943	26.92	1	94
NODE_55351_length_1261_cov_2.739635	1261	3962	3.14	1	7
NODE_55393_length_1260_cov_2.579253	1260	4032	3.20	1	20
NODE_55405_length_1260_cov_2.173444	1260	3424	2.72	1	5
NODE_55424_length_1259_cov_3.901163	1259	5081	4.04	1	8
NODE_55507_length_1257_cov_4.099834	1257	5620	4.47	1	11
NODE_55508_length_1257_cov_4.027454	1257	5669	4.51	1	10
NODE_55519_length_1257_cov_3.178037	1257	6338	5.04	1	10
NODE_55544_length_1256_cov_16.598668	1256	59655	47.50	1	76
NODE_55561_length_1256_cov_3.796836	1256	5414	4.31	1	11
NODE_55601_length_1256_cov_1.318901	1256	2233	1.78	1	4
NODE_55610_length_1255_cov_4.575000	1255	6940	5.53	1	10
NODE_55708_length_1253_cov_3.947412	1253	5619	4.48	1	7
NODE_55722_length_1253_cov_3.479132	1253	8660	6.91	1	46
NODE_55727_length_1253_cov_3.092654	1253	4113	3.28	1	7
NODE_55746_length_1253_cov_1.580968	1253	2936	2.34	1	5
NODE_55756_length_1252_cov_5.317460	1252	6388	5.10	1	9
NODE_55769_length_1252_cov_3.431078	1252	5941	4.75	1	9
NODE_55795_length_1252_cov_1.825397	1252	3018	2.41	1	5
NODE_55797_length_1252_cov_1.587302	1252	2640	2.11	1	4
NODE_55825_length_1251_cov_2.869565	1251	4654	3.72	1	9
NODE_55844_length_1250_cov_4.486192	1250	6886	5.51	1	12
NODE_55869_length_1250_cov_2.537238	1250	4366	3.49	1	21
NODE_55882_length_1250_cov_1.950628	1250	2715	2.17	0	8
NODE_55903_length_1249_cov_3.653266	1249	4269	3.42	1	8
NODE_55925_length_1249_cov_1.591290	1249	2111	1.69	1	4
NODE_55931_length_1248_cov_4.768650	1248	5417	4.34	1	10
NODE_55938_length_1248_cov_3.783738	1248	5451	4.37	1	10
NODE_55962_length_1248_cov_2.468567	1248	5339	4.28	1	45
NODE_55966_length_1248_cov_2.399832	1248	7301	5.85	1	26
NODE_55975_length_1248_cov_1.957251	1248	2857	2.29	1	5
NODE_55976_length_1248_cov_1.911148	1248	2406	1.93	1	4
NODE_56004_length_1247_cov_3.017617	1247	5308	4.26	1	15
NODE_56025_length_1247_cov_2.117450	1247	2660	2.13	1	4
NODE_56027_length_1247_cov_1.550336	1247	1950	1.56	1	3
NODE_56044_length_1246_cov_4.028547	1246	3764	3.02	1	7
NODE_56077_length_1246_cov_1.470193	1246	2590	2.08	1	3
NODE_56078_length_1246_cov_1.317380	1246	2532	2.03	1	4
NODE_56111_length_1245_cov_3.136134	1245	11076	8.90	1	17
NODE_56128_length_1245_cov_2.414286	1245	3358	2.70	1	7
NODE_56159_length_1244_cov_2.875526	1244	3593	2.89	0	5
NODE_56164_length_1244_cov_2.628259	1244	3538	2.84	1	5
NODE_56166_length_1244_cov_2.076535	1244	2905	2.34	1	5
NODE_56220_length_1243_cov_2.239057	1243	3268	2.63	1	4
NODE_56264_length_1242_cov_2.727043	1242	3801	3.06	1	5
NODE_56350_length_1240_cov_4.508017	1240	5430	4.38	1	8
NODE_56364_length_1240_cov_3.328270	1240	4906	3.96	0	10
NODE_56369_length_1240_cov_3.046414	1240	11408	9.20	1	23
NODE_56386_length_1240_cov_2.161181	1240	3260	2.63	1	6
NODE_56389_length_1240_cov_1.656540	1240	2897	2.34	1	5
NODE_56395_length_1239_cov_5.652872	1239	9858	7.96	1	28
NODE_56429_length_1239_cov_2.589527	1239	2972	2.40	1	5
NODE_56437_length_1239_cov_2.233953	1239	3818	3.08	1	7
NODE_56538_length_1237_cov_2.250423	1237	3895	3.15	1	6
NODE_56543_length_1237_cov_1.875635	1237	2923	2.36	1	4
NODE_56547_length_1237_cov_1.637902	1237	2437	1.97	1	6
NODE_56553_length_1236_cov_8.435224	1236	23848	19.29	8	52
NODE_56554_length_1236_cov_5.601185	1236	7741	6.26	1	15
NODE_56555_length_1236_cov_5.134632	1236	7772	6.29	1	20
NODE_56584_length_1236_cov_2.413209	1236	3812	3.08	1	6
NODE_56607_length_1235_cov_4.731356	1235	7853	6.36	1	14
NODE_56636_length_1235_cov_2.766102	1235	4389	3.55	1	6
NODE_56644_length_1235_cov_2.173729	1235	3128	2.53	0	7
NODE_56646_length_1235_cov_2.123729	1235	3198	2.59	1	5
NODE_56648_length_1235_cov_2.085593	1235	2808	2.27	1	6
NODE_56696_length_1234_cov_2.496183	1234	3374	2.73	1	5
NODE_56716_length_1233_cov_4.600170	1233	6016	4.88	1	9
NODE_56717_length_1233_cov_4.533107	1233	6660	5.40	1	21
NODE_56730_length_1233_cov_2.898981	1233	4388	3.56	1	8
NODE_56734_length_1233_cov_2.792869	1233	4867	3.95	1	9
NODE_56794_length_1232_cov_2.123195	1232	3871	3.14	1	10
NODE_56795_length_1232_cov_1.999150	1232	3243	2.63	1	5
NODE_56807_length_1231_cov_4.945578	1231	9216	7.49	0	13
NODE_56852_length_1231_cov_1.850340	1231	3143	2.55	1	6
NODE_56897_length_1230_cov_2.424681	1230	10458	8.50	1	23
NODE_56916_length_1229_cov_4.482964	1229	6908	5.62	1	26
NODE_56918_length_1229_cov_4.323680	1229	6162	5.01	1	10
NODE_56923_length_1229_cov_3.680579	1229	9617	7.83	1	65
NODE_56943_length_1229_cov_2.591993	1229	3275	2.66	1	5
NODE_56996_length_1228_cov_2.834612	1228	3731	3.04	1	5
NODE_57006_length_1228_cov_2.408355	1228	3124	2.54	1	5
NODE_57030_length_1227_cov_3.678328	1227	5335	4.35	1	9
NODE_57063_length_1227_cov_1.749147	1227	2563	2.09	1	4
NODE_57073_length_1226_cov_7.286934	1226	27258	22.23	0	53
NODE_57101_length_1226_cov_2.808711	1226	5230	4.27	1	9
NODE_57102_length_1226_cov_2.777114	1226	3186	2.60	1	7
NODE_57112_length_1226_cov_1.825790	1226	2869	2.34	1	4
NODE_57141_length_1225_cov_2.700000	1225	3492	2.85	1	7
NODE_57143_length_1225_cov_2.598291	1225	3496	2.85	1	5
NODE_57152_length_1225_cov_1.786325	1225	2314	1.89	1	4
NODE_57194_length_1224_cov_2.748503	1224	2907	2.38	1	6
NODE_57198_length_1224_cov_2.681779	1224	3126	2.55	1	5
NODE_57210_length_1224_cov_2.275449	1224	2524	2.06	0	4
NODE_57213_length_1224_cov_1.773311	1224	2796	2.28	1	5
NODE_57214_length_1224_cov_1.622754	1224	2615	2.14	1	4
NODE_57394_length_1220_cov_4.136481	1220	5119	4.20	1	8
NODE_57407_length_1220_cov_3.290129	1220	5812	4.76	1	12
NODE_57435_length_1220_cov_2.201717	1220	2876	2.36	0	5
NODE_57457_length_1219_cov_3.532646	1219	12922	10.60	1	24
NODE_57462_length_1219_cov_3.264605	1219	3369	2.76	1	5
NODE_57499_length_1218_cov_5.147893	1218	7888	6.48	1	14
NODE_57539_length_1218_cov_1.962167	1218	2507	2.06	1	5
NODE_57540_length_1218_cov_1.960447	1218	2841	2.33	1	4
NODE_57601_length_1216_cov_12.095607	1216	172527	141.88	40	189
NODE_57629_length_1216_cov_2.863910	1216	3284	2.70	1	5
NODE_57636_length_1216_cov_2.598622	1216	5641	4.64	1	10
NODE_57644_length_1216_cov_2.045650	1216	2938	2.42	0	6
NODE_57659_length_1215_cov_6.627586	1215	45224	37.22	2	156
NODE_57685_length_1215_cov_3.266379	1215	4352	3.58	1	6
NODE_57700_length_1215_cov_2.536207	1215	3867	3.18	1	5
NODE_57702_length_1215_cov_2.449138	1215	3374	2.78	1	5
NODE_57767_length_1214_cov_1.754098	1214	2990	2.46	1	6
NODE_57852_length_1212_cov_3.186690	1212	6261	5.17	1	12
NODE_57859_length_1212_cov_2.763181	1212	3567	2.94	1	7
NODE_57864_length_1212_cov_2.528090	1212	3408	2.81	0	5
NODE_57873_length_1212_cov_2.134831	1212	3220	2.66	1	5
NODE_57876_length_1212_cov_1.789110	1212	2577	2.13	1	3
NODE_57935_length_1211_cov_1.714533	1211	2857	2.36	1	4
NODE_57975_length_1210_cov_3.089177	1210	4846	4.00	1	7
NODE_57997_length_1209_cov_10.661179	1209	21860	18.08	5	45
NODE_57998_length_1209_cov_6.376950	1209	7083	5.86	1	10
NODE_58003_length_1209_cov_3.874350	1209	6293	5.21	1	10
NODE_58021_length_1209_cov_2.781629	1209	3690	3.05	1	6
NODE_58034_length_1209_cov_2.275563	1209	9344	7.73	1	19
NODE_58037_length_1209_cov_2.140381	1209	3031	2.51	1	6
NODE_58039_length_1209_cov_2.101386	1209	3264	2.70	1	5
NODE_58040_length_1209_cov_2.062392	1209	2591	2.14	0	5
NODE_58044_length_1209_cov_1.728769	1209	2530	2.09	1	4
NODE_58045_length_1209_cov_1.603120	1209	2614	2.16	1	4
NODE_58074_length_1208_cov_2.980919	1208	6181	5.12	1	14
NODE_58075_length_1208_cov_2.910668	1208	4372	3.62	1	8
NODE_58090_length_1208_cov_2.388552	1208	3355	2.78	1	13
NODE_58092_length_1208_cov_2.328708	1208	4361	3.61	1	10
NODE_58093_length_1208_cov_2.229835	1208	10408	8.62	1	36
NODE_58100_length_1208_cov_1.870772	1208	3134	2.59	1	5
NODE_58123_length_1207_cov_4.071181	1207	25325	20.98	1	99
NODE_58144_length_1207_cov_2.828993	1207	5545	4.59	1	14
NODE_58191_length_1206_cov_2.971329	1206	4035	3.35	1	6
NODE_58195_length_1206_cov_2.530843	1206	2756	2.29	1	4
NODE_58200_length_1206_cov_2.311034	1206	2994	2.48	1	4
NODE_58201_length_1206_cov_2.239791	1206	3696	3.06	1	7
NODE_58203_length_1206_cov_2.145960	1206	3226	2.67	1	5
NODE_58205_length_1206_cov_2.013032	1206	2222	1.84	1	4
NODE_58206_length_1206_cov_1.999131	1206	2963	2.46	1	5
NODE_58238_length_1205_cov_3.498261	1205	4189	3.48	0	12
NODE_58241_length_1205_cov_3.221739	1205	4688	3.89	1	9
NODE_58246_length_1205_cov_3.042609	1205	3076	2.55	1	6
NODE_58255_length_1205_cov_2.686087	1205	4461	3.70	1	8
NODE_58266_length_1205_cov_1.946957	1205	3012	2.50	1	5
NODE_58303_length_1204_cov_2.631854	1204	4278	3.55	0	7
NODE_58308_length_1204_cov_2.293299	1204	5170	4.29	1	9
NODE_58330_length_1203_cov_3.999129	1203	5644	4.69	0	9
NODE_58356_length_1203_cov_2.117596	1203	3334	2.77	1	5
NODE_58359_length_1203_cov_1.818815	1203	2324	1.93	1	4
NODE_58396_length_1202_cov_2.574542	1202	2995	2.49	1	5
NODE_58456_length_1201_cov_1.575044	1201	2517	2.10	1	3
NODE_58473_length_1200_cov_4.079476	1200	5519	4.60	1	8
NODE_58504_length_1200_cov_2.061135	1200	3218	2.68	1	6
NODE_58507_length_1200_cov_1.742358	1200	2390	1.99	1	4
NODE_58559_length_1199_cov_1.909965	1199	2206	1.84	0	4
NODE_58560_length_1199_cov_1.850524	1199	5702	4.76	0	52
NODE_58605_length_1198_cov_2.802275	1198	4138	3.45	1	25
NODE_58614_length_1198_cov_2.077865	1198	2512	2.10	0	5
NODE_58615_length_1198_cov_2.030621	1198	3419	2.85	0	6
NODE_58630_length_1197_cov_3.693520	1197	5104	4.26	1	9
NODE_58653_length_1197_cov_2.441331	1197	2890	2.41	1	6
NODE_58713_length_1196_cov_2.081507	1196	2779	2.32	1	4
NODE_58716_length_1196_cov_1.641543	1196	2399	2.01	1	4
NODE_58718_length_1196_cov_1.481157	1196	2526	2.11	1	4
NODE_58733_length_1195_cov_5.706140	1195	8257	6.91	1	14
NODE_58800_length_1194_cov_4.014925	1194	5009	4.20	0	10
NODE_58832_length_1194_cov_2.168569	1194	2566	2.15	1	4
NODE_58881_length_1193_cov_2.337434	1193	2697	2.26	0	5
NODE_58882_length_1193_cov_2.202988	1193	3186	2.67	1	6
NODE_58883_length_1193_cov_2.150264	1193	3218	2.70	1	5
NODE_58884_length_1193_cov_2.079965	1193	2850	2.39	0	5
NODE_58885_length_1193_cov_2.037786	1193	2766	2.32	1	5
NODE_58889_length_1193_cov_1.804921	1193	2737	2.29	0	5
NODE_58890_length_1193_cov_1.725835	1193	3722	3.12	1	14
NODE_58911_length_1192_cov_3.763412	1192	5808	4.87	1	10
NODE_58944_length_1192_cov_2.416007	1192	3947	3.31	0	7
NODE_58946_length_1192_cov_2.321020	1192	3559	2.99	0	6
NODE_58954_length_1192_cov_1.318382	1192	2504	2.10	1	4
NODE_58981_length_1191_cov_2.782570	1191	4126	3.46	0	7
NODE_58983_length_1191_cov_2.592430	1191	2660	2.23	0	4
NODE_58998_length_1191_cov_1.735915	1191	2715	2.28	0	6
NODE_59029_length_1190_cov_3.178855	1190	4591	3.86	0	9
NODE_59035_length_1190_cov_2.926872	1190	3623	3.04	1	6
NODE_59037_length_1190_cov_2.585022	1190	5017	4.22	0	18
NODE_59046_length_1190_cov_2.343612	1190	3796	3.19	1	18
NODE_59049_length_1190_cov_2.176211	1190	2574	2.16	1	5
NODE_59058_length_1189_cov_5.694004	1189	6165	5.19	1	10
NODE_59064_length_1189_cov_3.763668	1189	7217	6.07	1	17
NODE_59134_length_1188_cov_3.101500	1188	3530	2.97	0	7
NODE_59155_length_1188_cov_2.170344	1188	2771	2.33	1	7
NODE_59160_length_1188_cov_1.837599	1188	3469	2.92	1	7
NODE_59184_length_1187_cov_3.684629	1187	5840	4.92	1	11
NODE_59188_length_1187_cov_3.581272	1187	4128	3.48	1	8
NODE_59206_length_1187_cov_2.560954	1187	6291	5.30	1	39
NODE_59209_length_1187_cov_2.503534	1187	4083	3.44	1	11
NODE_59213_length_1187_cov_2.418728	1187	2684	2.26	1	5
NODE_59215_length_1187_cov_2.345406	1187	2906	2.45	1	6
NODE_59219_length_1187_cov_2.144876	1187	2924	2.46	1	4
NODE_59222_length_1187_cov_1.582155	1187	2834	2.39	1	6
NODE_59224_length_1186_cov_24.616269	1186	68173	57.48	11	232
NODE_59266_length_1186_cov_2.690539	1186	11520	9.71	1	65
NODE_59278_length_1186_cov_2.183024	1186	2320	1.96	1	4
NODE_59283_length_1186_cov_2.055703	1186	2865	2.42	1	5
NODE_59284_length_1186_cov_1.996463	1186	2100	1.77	1	3
NODE_59289_length_1186_cov_1.496905	1186	2947	2.48	1	5
NODE_59306_length_1185_cov_3.217699	1185	5454	4.60	1	8
NODE_59346_length_1184_cov_4.607617	1184	6087	5.14	1	9
NODE_59348_length_1184_cov_4.208149	1184	5660	4.78	1	10
NODE_59401_length_1183_cov_4.632092	1183	5575	4.71	1	9
NODE_59423_length_1183_cov_2.774823	1183	3290	2.78	0	6
NODE_59434_length_1183_cov_2.295213	1183	3664	3.10	0	7
NODE_59439_length_1183_cov_2.070922	1183	2753	2.33	1	5
NODE_59478_length_1182_cov_2.549246	1182	3689	3.12	1	20
NODE_59484_length_1182_cov_2.141970	1182	2380	2.01	1	5
NODE_59530_length_1181_cov_3.194494	1181	4494	3.81	1	8
NODE_59536_length_1181_cov_2.926288	1181	4346	3.68	1	9
NODE_59552_length_1181_cov_2.395204	1181	3855	3.26	1	6
NODE_59554_length_1181_cov_2.109236	1181	2819	2.39	1	5
NODE_59558_length_1181_cov_1.577265	1181	2968	2.51	1	6
NODE_59560_length_1181_cov_1.518650	1181	2320	1.96	1	4
NODE_59570_length_1180_cov_4.878222	1180	10694	9.06	1	43
NODE_59595_length_1180_cov_2.957333	1180	8717	7.39	1	27
NODE_59611_length_1180_cov_2.150222	1180	2409	2.04	1	5
NODE_59613_length_1180_cov_2.080889	1180	2816	2.39	1	6
NODE_59648_length_1179_cov_3.002669	1179	3522	2.99	1	7
NODE_59655_length_1179_cov_2.746441	1179	5488	4.65	1	9
NODE_59661_length_1179_cov_2.451068	1179	5873	4.98	1	24
NODE_59662_length_1179_cov_2.422598	1179	2913	2.47	0	6
NODE_59670_length_1179_cov_1.306940	1179	2041	1.73	0	3
NODE_59708_length_1178_cov_2.973286	1178	4186	3.55	1	8
NODE_59709_length_1178_cov_2.960819	1178	2736	2.32	1	4
NODE_59727_length_1178_cov_1.861086	1178	2758	2.34	1	5
NODE_59742_length_1177_cov_4.844029	1177	12725	10.81	1	23
NODE_59753_length_1177_cov_3.664884	1177	5682	4.83	1	10
NODE_59772_length_1177_cov_2.709447	1177	2996	2.55	1	6
NODE_59780_length_1177_cov_2.414439	1177	3491	2.97	0	7
NODE_59785_length_1177_cov_2.286096	1177	3451	2.93	1	10
NODE_59786_length_1177_cov_2.201426	1177	2400	2.04	1	5
NODE_59827_length_1176_cov_2.627119	1176	3107	2.64	1	6
NODE_59831_length_1176_cov_2.508475	1176	4141	3.52	1	7
NODE_59832_length_1176_cov_2.500446	1176	3212	2.73	1	6
NODE_59885_length_1175_cov_2.308929	1175	3212	2.73	1	6
NODE_59933_length_1174_cov_3.333333	1174	5016	4.27	1	8
NODE_59935_length_1174_cov_3.310992	1174	3034	2.58	0	6
NODE_59939_length_1174_cov_3.168007	1174	4909	4.18	1	11
NODE_59946_length_1174_cov_2.874888	1174	2996	2.55	1	4
NODE_59956_length_1174_cov_2.386059	1174	3068	2.61	1	5
NODE_60007_length_1173_cov_2.643113	1173	3311	2.82	1	5
NODE_60013_length_1173_cov_2.205725	1173	2706	2.31	1	5
NODE_60029_length_1172_cov_6.328559	1172	7786	6.64	1	12
NODE_60081_length_1172_cov_2.497762	1172	2999	2.56	1	7
NODE_60090_length_1172_cov_1.698299	1172	2391	2.04	1	6
NODE_60137_length_1171_cov_2.043011	1171	2601	2.22	1	4
NODE_60141_length_1171_cov_1.642473	1171	2831	2.42	1	6
NODE_60188_length_1170_cov_2.295964	1170	5918	5.06	1	14
NODE_60224_length_1169_cov_2.899461	1169	3914	3.35	1	7
NODE_60230_length_1169_cov_2.680431	1169	7210	6.17	1	13
NODE_60232_length_1169_cov_2.643627	1169	5725	4.90	1	32
NODE_60264_length_1168_cov_3.840970	1168	4794	4.10	1	24
NODE_60280_length_1168_cov_2.816712	1168	3915	3.35	1	6
NODE_60292_length_1168_cov_2.250674	1168	5198	4.45	1	16
NODE_60311_length_1167_cov_3.813849	1167	5149	4.41	1	7
NODE_60326_length_1167_cov_2.648381	1167	3090	2.65	1	6
NODE_60332_length_1167_cov_2.440647	1167	7537	6.46	1	20
NODE_60343_length_1167_cov_2.044964	1167	2424	2.08	1	5
NODE_60368_length_1166_cov_3.851485	1166	5366	4.60	1	9
NODE_60374_length_1166_cov_3.667867	1166	4910	4.21	0	11
NODE_60384_length_1166_cov_3.094509	1166	9705	8.32	0	31
NODE_60445_length_1165_cov_2.780180	1165	3872	3.32	1	7
NODE_60453_length_1165_cov_2.473874	1165	3082	2.65	1	5
NODE_60497_length_1164_cov_2.814247	1164	3575	3.07	1	7
NODE_60516_length_1164_cov_1.677187	1164	2959	2.54	1	5
NODE_60548_length_1163_cov_3.168773	1163	3489	3.00	1	6
NODE_60560_length_1163_cov_2.598375	1163	4289	3.69	1	6
NODE_60572_length_1163_cov_1.819495	1163	1801	1.55	0	4
NODE_60605_length_1162_cov_3.205059	1162	4840	4.17	1	7
NODE_60616_length_1162_cov_2.644083	1162	9052	7.79	1	82
NODE_60620_length_1162_cov_2.378500	1162	3773	3.25	1	15
NODE_60623_length_1162_cov_2.345980	1162	2855	2.46	1	4
NODE_60627_length_1162_cov_2.217706	1162	3215	2.77	1	5
NODE_60633_length_1162_cov_2.074074	1162	3343	2.88	0	5
NODE_60634_length_1162_cov_1.590786	1162	2396	2.06	1	4
NODE_60683_length_1161_cov_1.762206	1161	2662	2.29	1	4
NODE_60722_length_1160_cov_2.615385	1160	4254	3.67	1	7
NODE_60774_length_1159_cov_2.666667	1159	2336	2.02	1	4
NODE_60778_length_1159_cov_2.495471	1159	2236	1.93	1	3
NODE_60781_length_1159_cov_2.323370	1159	2937	2.53	1	5
NODE_60787_length_1159_cov_1.954710	1159	2826	2.44	0	4
NODE_60789_length_1159_cov_1.701087	1159	2668	2.30	1	5
NODE_60791_length_1159_cov_1.631341	1159	2541	2.19	0	6
NODE_60817_length_1158_cov_3.823209	1158	5095	4.40	1	9
NODE_60821_length_1158_cov_3.617407	1158	4754	4.11	1	10
NODE_60851_length_1158_cov_2.248413	1158	4003	3.46	1	6
NODE_60858_length_1158_cov_2.092475	1158	2724	2.35	1	4
NODE_60859_length_1158_cov_2.067090	1158	3077	2.66	1	12
NODE_60864_length_1157_cov_8.425590	1157	16475	14.24	6	33
NODE_60903_length_1157_cov_2.672414	1157	2489	2.15	1	5
NODE_60915_length_1157_cov_1.966425	1157	2478	2.14	1	4
NODE_60929_length_1156_cov_4.573115	1156	5264	4.55	1	9
NODE_60940_length_1156_cov_3.753860	1156	4646	4.02	1	8
NODE_61002_length_1155_cov_3.236364	1155	4146	3.59	0	8
NODE_61022_length_1155_cov_2.398182	1155	2916	2.52	1	5
NODE_61025_length_1155_cov_2.264545	1155	7972	6.90	1	24
NODE_61031_length_1155_cov_1.900000	1155	2700	2.34	1	6
NODE_61059_length_1154_cov_2.824386	1154	3619	3.14	1	7
NODE_61081_length_1154_cov_1.901729	1154	2314	2.01	1	3
NODE_61096_length_1153_cov_5.018215	1153	5241	4.55	1	10
NODE_61105_length_1153_cov_3.460838	1153	3527	3.06	1	9
NODE_61116_length_1153_cov_2.941712	1153	2898	2.51	1	4
NODE_61130_length_1153_cov_2.249545	1153	2589	2.25	1	5
NODE_61139_length_1153_cov_1.903461	1153	2704	2.35	1	4
NODE_61145_length_1153_cov_1.692168	1153	2047	1.78	1	4
NODE_61146_length_1153_cov_1.688525	1153	2538	2.20	1	5
NODE_61191_length_1152_cov_2.597995	1152	2769	2.40	1	5
NODE_61205_length_1152_cov_2.073838	1152	3067	2.66	0	5
NODE_61210_length_1152_cov_1.457612	1152	2171	1.88	1	3
NODE_61238_length_1151_cov_2.710766	1151	9070	7.88	2	19
NODE_61251_length_1151_cov_2.238139	1151	2659	2.31	1	4
NODE_61253_length_1151_cov_2.202555	1151	3248	2.82	1	6
NODE_61255_length_1151_cov_2.166971	1151	3150	2.74	0	6
NODE_61261_length_1151_cov_1.594891	1151	2621	2.28	1	4
NODE_61299_length_1150_cov_3.273973	1150	5208	4.53	1	13
NODE_61305_length_1150_cov_3.027397	1150	3797	3.30	1	6
NODE_61317_length_1150_cov_2.688584	1150	4272	3.71	1	9
NODE_61346_length_1149_cov_5.148080	1149	67014	58.32	1	816
NODE_61391_length_1149_cov_1.787020	1149	3167	2.76	1	6
NODE_61394_length_1149_cov_1.457952	1149	2380	2.07	1	4
NODE_61423_length_1148_cov_3.399817	1148	5970	5.20	0	12
NODE_61431_length_1148_cov_2.855444	1148	3966	3.45	1	7
NODE_61455_length_1148_cov_1.623971	1148	2499	2.18	1	5
NODE_61482_length_1147_cov_3.608059	1147	6300	5.49	1	13
NODE_61511_length_1147_cov_2.084249	1147	3038	2.65	1	5
NODE_61516_length_1147_cov_1.194139	1147	2140	1.87	1	3
NODE_61555_length_1146_cov_2.860678	1146	2955	2.58	1	5
NODE_61557_length_1146_cov_2.751604	1146	3916	3.42	0	8
NODE_61569_length_1146_cov_2.386801	1146	2731	2.38	1	6
NODE_61577_length_1146_cov_2.002750	1146	2132	1.86	1	4
NODE_61638_length_1145_cov_1.800917	1145	2216	1.94	1	4
NODE_61656_length_1144_cov_4.043159	1144	4780	4.18	1	8
NODE_61675_length_1144_cov_3.057851	1144	4672	4.08	1	10
NODE_61698_length_1144_cov_2.006428	1144	2696	2.36	0	4
NODE_61714_length_1143_cov_4.478860	1143	5712	5.00	1	11
NODE_61725_length_1143_cov_3.397978	1143	3716	3.25	1	5
NODE_61726_length_1143_cov_3.318015	1143	4159	3.64	1	8
NODE_61740_length_1143_cov_3.043199	1143	3211	2.81	1	7
NODE_61752_length_1143_cov_2.497243	1143	3325	2.91	0	6
NODE_61759_length_1143_cov_2.342831	1143	3538	3.10	1	7
NODE_61766_length_1143_cov_2.127757	1143	2896	2.53	1	6
NODE_61769_length_1143_cov_2.018382	1143	3181	2.78	1	5
NODE_61775_length_1142_cov_17.218951	1142	80165	70.20	7	211
NODE_61818_length_1142_cov_2.346826	1142	2647	2.32	1	4
NODE_61823_length_1142_cov_1.535419	1142	2328	2.04	1	5
NODE_61854_length_1141_cov_2.886740	1141	3733	3.27	1	6
NODE_61887_length_1140_cov_4.152074	1140	6926	6.08	1	44
NODE_61916_length_1140_cov_2.882949	1140	7346	6.44	2	12
NODE_61921_length_1140_cov_2.780645	1140	3338	2.93	1	5
NODE_61931_length_1140_cov_2.520737	1140	2343	2.06	1	4
NODE_61937_length_1140_cov_2.239631	1140	3285	2.88	1	6
NODE_61938_length_1140_cov_2.212903	1140	2660	2.33	1	5
NODE_61939_length_1140_cov_2.210138	1140	2790	2.45	1	5
NODE_61942_length_1140_cov_2.164977	1140	2143	1.88	1	4
NODE_61949_length_1140_cov_1.751152	1140	2661	2.33	1	4
NODE_62003_length_1139_cov_2.148524	1139	2805	2.46	0	5
NODE_62028_length_1138_cov_3.471837	1138	7682	6.75	2	68
NODE_62040_length_1138_cov_2.963066	1138	8331	7.32	1	17
NODE_62054_length_1138_cov_1.942752	1138	2974	2.61	1	5
NODE_62116_length_1137_cov_2.195009	1137	2810	2.47	1	4
NODE_62125_length_1137_cov_1.532348	1137	2419	2.13	1	5
NODE_62174_length_1136_cov_2.500463	1136	3549	3.12	1	5
NODE_62178_length_1136_cov_2.197040	1136	3110	2.74	1	6
NODE_62180_length_1136_cov_1.330250	1136	2006	1.77	0	5
NODE_62200_length_1135_cov_3.770370	1135	3904	3.44	1	8
NODE_62216_length_1135_cov_2.978704	1135	4746	4.18	1	9
NODE_62227_length_1135_cov_2.638889	1135	9653	8.50	1	20
NODE_62228_length_1135_cov_2.638889	1135	3125	2.75	1	7
NODE_62233_length_1135_cov_2.425926	1135	3439	3.03	1	7
NODE_62235_length_1135_cov_2.287037	1135	2989	2.63	1	5
NODE_62292_length_1134_cov_2.265060	1134	3640	3.21	1	8
NODE_62297_length_1134_cov_2.085264	1134	2958	2.61	1	5
NODE_62299_length_1134_cov_2.064875	1134	2489	2.19	1	4
NODE_62300_length_1134_cov_2.025023	1134	2487	2.19	1	4
NODE_62319_length_1133_cov_3.474026	1133	4493	3.97	1	8
NODE_62336_length_1133_cov_2.577922	1133	3342	2.95	1	6
NODE_62337_length_1133_cov_2.555659	1133	2291	2.02	0	5
NODE_62340_length_1133_cov_2.264378	1133	2917	2.57	0	10
NODE_62359_length_1132_cov_4.924791	1132	5504	4.86	1	11
NODE_62362_length_1132_cov_4.119777	1132	5936	5.24	1	25
NODE_62386_length_1132_cov_2.734448	1132	2550	2.25	1	5
NODE_62403_length_1132_cov_2.293408	1132	3170	2.80	1	6
NODE_62428_length_1131_cov_4.011152	1131	11527	10.19	1	24
NODE_62470_length_1131_cov_1.924721	1131	2319	2.05	1	3
NODE_62484_length_1130_cov_4.684651	1130	6615	5.85	1	29
NODE_62502_length_1130_cov_2.938605	1130	3169	2.80	1	5
NODE_62504_length_1130_cov_2.805581	1130	3528	3.12	1	7
NODE_62520_length_1130_cov_1.654884	1130	2727	2.41	1	6
NODE_62572_length_1129_cov_1.922719	1129	2491	2.21	1	4
NODE_62573_length_1129_cov_1.905028	1129	4409	3.91	0	32
NODE_62576_length_1129_cov_1.817505	1129	2508	2.22	0	5
NODE_62614_length_1128_cov_2.921715	1128	3132	2.78	1	6
NODE_62616_length_1128_cov_2.860205	1128	3737	3.31	1	7
NODE_62618_length_1128_cov_2.819199	1128	3677	3.26	1	6
NODE_62634_length_1128_cov_1.908667	1128	2703	2.40	1	4
NODE_62666_length_1127_cov_3.492537	1127	2909	2.58	1	4
NODE_62678_length_1127_cov_2.481343	1127	2264	2.01	1	3
NODE_62681_length_1127_cov_2.392724	1127	2486	2.21	0	4
NODE_62684_length_1127_cov_2.206157	1127	3093	2.74	1	5
NODE_62690_length_1127_cov_1.200560	1127	2095	1.86	1	4
NODE_62711_length_1126_cov_3.548086	1126	4048	3.60	0	8
NODE_62720_length_1126_cov_3.096172	1126	3744	3.33	1	5
NODE_62725_length_1126_cov_2.976657	1126	3465	3.08	1	6
NODE_62734_length_1126_cov_2.538749	1126	4191	3.72	1	8
NODE_62735_length_1126_cov_2.483660	1126	3228	2.87	1	5
NODE_62738_length_1126_cov_2.444444	1126	3782	3.36	1	6
NODE_62742_length_1126_cov_2.260504	1126	4228	3.75	1	31
NODE_62745_length_1126_cov_2.128852	1126	2556	2.27	1	5
NODE_62760_length_1125_cov_5.327103	1125	6349	5.64	1	10
NODE_62767_length_1125_cov_4.257944	1125	5776	5.13	1	9
NODE_62784_length_1125_cov_3.427103	1125	3393	3.02	0	6
NODE_62786_length_1125_cov_3.359813	1125	9390	8.35	1	18
NODE_62796_length_1125_cov_2.977570	1125	3999	3.55	1	8
NODE_62804_length_1125_cov_2.497196	1125	3336	2.97	0	6
NODE_62813_length_1125_cov_1.916822	1125	2378	2.11	0	4
NODE_62851_length_1124_cov_3.608980	1124	4047	3.60	1	6
NODE_62881_length_1124_cov_1.686623	1124	2032	1.81	1	3
NODE_62905_length_1123_cov_3.575843	1123	4865	4.33	1	17
NODE_62925_length_1123_cov_2.893258	1123	2138	1.90	1	4
NODE_62935_length_1123_cov_2.313670	1123	3425	3.05	1	6
NODE_62972_length_1122_cov_3.548266	1122	4312	3.84	1	7
NODE_62984_length_1122_cov_3.040300	1122	4741	4.23	1	7
NODE_63000_length_1122_cov_2.385192	1122	8893	7.93	1	89
NODE_63015_length_1121_cov_7.224203	1121	15525	13.85	1	30
NODE_63065_length_1121_cov_2.406191	1121	2271	2.03	1	5
NODE_63070_length_1121_cov_1.742026	1121	2075	1.85	1	3
NODE_63134_length_1120_cov_2.404695	1120	2577	2.30	0	5
NODE_63142_length_1120_cov_1.830986	1120	2190	1.96	1	4
NODE_63167_length_1119_cov_3.647556	1119	3909	3.49	1	7
NODE_63187_length_1119_cov_2.498120	1119	2745	2.45	0	19
NODE_63197_length_1119_cov_2.061090	1119	2802	2.50	1	5
NODE_63199_length_1119_cov_1.964286	1119	2624	2.34	1	5
NODE_63200_length_1119_cov_1.957707	1119	2303	2.06	1	4
NODE_63202_length_1119_cov_1.778195	1119	2248	2.01	1	5
NODE_63204_length_1119_cov_1.689850	1119	2386	2.13	1	6
NODE_63205_length_1119_cov_1.552632	1119	2669	2.39	1	5
NODE_63227_length_1118_cov_4.054563	1118	4094	3.66	1	7
NODE_63239_length_1118_cov_3.371590	1118	3789	3.39	0	8
NODE_63243_length_1118_cov_3.121355	1118	13832	12.37	1	22
NODE_63260_length_1118_cov_2.271872	1118	2585	2.31	1	4
NODE_63266_length_1118_cov_2.055503	1118	2670	2.39	0	6
NODE_63270_length_1118_cov_1.874882	1118	2096	1.87	1	4
NODE_63272_length_1118_cov_1.618062	1118	5472	4.89	1	39
NODE_63312_length_1117_cov_2.259887	1117	3285	2.94	1	7
NODE_63322_length_1117_cov_1.520716	1117	2382	2.13	1	4
NODE_63366_length_1116_cov_2.865221	1116	3582	3.21	1	5
NODE_63373_length_1116_cov_2.780396	1116	3496	3.13	1	11
NODE_63386_length_1116_cov_2.327992	1116	2495	2.24	1	6
NODE_63387_length_1116_cov_2.302545	1116	3316	2.97	1	7
NODE_63391_length_1116_cov_2.116871	1116	6214	5.57	1	16
NODE_63396_length_1116_cov_1.523091	1116	2941	2.64	0	6
NODE_63401_length_1115_cov_7.269811	1115	10042	9.01	5	13
NODE_63407_length_1115_cov_3.584906	1115	3802	3.41	1	6
NODE_63435_length_1115_cov_2.296226	1115	3947	3.54	1	6
NODE_63440_length_1115_cov_1.696226	1115	2098	1.88	1	4
NODE_63444_length_1115_cov_1.320755	1115	1522	1.37	1	3
NODE_63456_length_1114_cov_4.423041	1114	4050	3.64	1	8
NODE_63497_length_1114_cov_2.422096	1114	3194	2.87	1	6
NODE_63499_length_1114_cov_2.345609	1114	2622	2.35	1	5
NODE_63510_length_1114_cov_1.435316	1114	2058	1.85	1	4
NODE_63562_length_1113_cov_2.280718	1113	3344	3.00	1	6
NODE_63566_length_1113_cov_1.912098	1113	2211	1.99	1	3
NODE_63568_length_1113_cov_1.795841	1113	2165	1.95	1	4
NODE_63579_length_1112_cov_4.004730	1112	8410	7.56	2	17
NODE_63582_length_1112_cov_3.833491	1112	6878	6.19	1	17
NODE_63583_length_1112_cov_3.797540	1112	5281	4.75	1	11
NODE_63616_length_1112_cov_2.246925	1112	2761	2.48	1	5
NODE_63654_length_1111_cov_3.186553	1111	3775	3.40	1	7
NODE_63659_length_1111_cov_3.036932	1111	4936	4.44	1	8
NODE_63668_length_1111_cov_2.696970	1111	3150	2.84	1	5
NODE_63672_length_1111_cov_2.573864	1111	2752	2.48	1	5
NODE_63691_length_1111_cov_1.722538	1111	2036	1.83	1	4
NODE_63727_length_1110_cov_2.862559	1110	4628	4.17	1	8
NODE_63734_length_1110_cov_2.520379	1110	4060	3.66	1	7
NODE_63767_length_1109_cov_3.154649	1109	3120	2.81	1	6
NODE_63780_length_1109_cov_2.703985	1109	2526	2.28	1	5
NODE_63792_length_1109_cov_2.377609	1109	3063	2.76	1	6
NODE_63800_length_1109_cov_1.879507	1109	3240	2.92	1	21
NODE_63829_length_1108_cov_3.265907	1108	5122	4.62	1	9
NODE_63830_length_1108_cov_3.246914	1108	3730	3.37	1	6
NODE_63855_length_1108_cov_2.255461	1108	2711	2.45	1	5
NODE_63863_length_1108_cov_1.804368	1108	2209	1.99	1	4
NODE_63865_length_1108_cov_1.793922	1108	2400	2.17	1	5
NODE_63866_length_1108_cov_1.750237	1108	2576	2.32	1	5
NODE_63876_length_1107_cov_4.776616	1107	6123	5.53	2	9
NODE_63902_length_1107_cov_2.601711	1107	2501	2.26	1	4
NODE_63906_length_1107_cov_2.508555	1107	2866	2.59	0	6
NODE_63911_length_1107_cov_2.315589	1107	3440	3.11	1	5
NODE_63912_length_1107_cov_2.230038	1107	2717	2.45	1	5
NODE_63916_length_1107_cov_1.896388	1107	2778	2.51	1	22
NODE_63930_length_1106_cov_4.609895	1106	4992	4.51	1	7
NODE_63958_length_1106_cov_2.892483	1106	2418	2.19	1	5
NODE_63960_length_1106_cov_2.861085	1106	3862	3.49	1	8
NODE_63975_length_1106_cov_2.169363	1106	2685	2.43	1	4
NODE_63976_length_1106_cov_2.078972	1106	2631	2.38	1	5
NODE_63981_length_1106_cov_1.902950	1106	3404	3.08	1	6
NODE_64009_length_1105_cov_3.452381	1105	3472	3.14	1	6
NODE_64032_length_1105_cov_2.227619	1105	2470	2.24	1	4
NODE_64068_length_1104_cov_3.190658	1104	3249	2.94	0	5
NODE_64074_length_1104_cov_2.784557	1104	3214	2.91	1	6
NODE_64076_length_1104_cov_2.480458	1104	3832	3.47	1	7
NODE_64086_length_1104_cov_1.938990	1104	3127	2.83	1	5
NODE_64137_length_1103_cov_1.458015	1103	2169	1.97	1	4
NODE_64162_length_1102_cov_3.266476	1102	4054	3.68	1	7
NODE_64181_length_1102_cov_2.625597	1102	3339	3.03	1	7
NODE_64194_length_1102_cov_2.177650	1102	2276	2.07	0	4
NODE_64259_length_1101_cov_2.086042	1101	19102	17.35	0	186
NODE_64267_length_1101_cov_1.453155	1101	1772	1.61	1	3
NODE_64272_length_1100_cov_8.066986	1100	34105	31.00	0	149
NODE_64316_length_1100_cov_2.444019	1100	2742	2.49	1	5
NODE_64322_length_1100_cov_2.245933	1100	2543	2.31	1	5
NODE_64327_length_1100_cov_2.000000	1100	2239	2.04	0	4
NODE_64351_length_1099_cov_3.608238	1099	4051	3.69	1	8
NODE_64357_length_1099_cov_3.272031	1099	6048	5.50	1	14
NODE_64366_length_1099_cov_2.847701	1099	3645	3.32	1	11
NODE_64372_length_1099_cov_2.581418	1099	4114	3.74	1	12
NODE_64378_length_1099_cov_2.430077	1099	2508	2.28	1	5
NODE_64390_length_1099_cov_1.434866	1099	2210	2.01	1	4
NODE_64427_length_1098_cov_2.941515	1098	3325	3.03	0	6
NODE_64429_length_1098_cov_2.884947	1098	4583	4.17	1	9
NODE_64434_length_1098_cov_2.729626	1098	3313	3.02	1	6
NODE_64439_length_1098_cov_2.550336	1098	2520	2.30	1	4
NODE_64440_length_1098_cov_2.502397	1098	2725	2.48	0	5
NODE_64455_length_1098_cov_1.789070	1098	2419	2.20	0	4
NODE_64499_length_1097_cov_2.386756	1097	2550	2.32	1	4
NODE_64501_length_1097_cov_2.308061	1097	3973	3.62	0	8
NODE_64512_length_1097_cov_1.933781	1097	2708	2.47	1	5
NODE_64513_length_1097_cov_1.921305	1097	5454	4.97	1	20
NODE_64528_length_1096_cov_4.836695	1096	6436	5.87	1	14
NODE_64541_length_1096_cov_3.376561	1096	3450	3.15	1	5
NODE_64556_length_1096_cov_2.715658	1096	5710	5.21	1	10
NODE_64565_length_1096_cov_2.444765	1096	3131	2.86	1	5
NODE_64569_length_1096_cov_2.190202	1096	3156	2.88	0	11
NODE_64570_length_1096_cov_2.155620	1096	2854	2.60	1	4
NODE_64580_length_1095_cov_21.136538	1095	73050	66.71	0	288
NODE_64589_length_1095_cov_5.479808	1095	10402	9.50	1	151
NODE_64596_length_1095_cov_4.010577	1095	3168	2.89	1	8
NODE_64617_length_1095_cov_2.830769	1095	2717	2.48	1	4
NODE_64619_length_1095_cov_2.740385	1095	2655	2.42	1	5
NODE_64632_length_1095_cov_2.381731	1095	2573	2.35	1	4
NODE_64682_length_1094_cov_3.212705	1094	4307	3.94	1	7
NODE_64700_length_1094_cov_2.458133	1094	2624	2.40	1	4
NODE_64712_length_1094_cov_1.588065	1094	2049	1.87	1	3
NODE_64726_length_1093_cov_4.358382	1093	5103	4.67	1	10
NODE_64735_length_1093_cov_3.436416	1093	4528	4.14	1	7
NODE_64767_length_1093_cov_2.061657	1093	2160	1.98	1	4
NODE_64770_length_1093_cov_1.716763	1093	1926	1.76	0	4
NODE_64776_length_1092_cov_7.320154	1092	8946	8.19	1	14
NODE_64783_length_1092_cov_4.520733	1092	4898	4.49	1	8
NODE_64830_length_1092_cov_2.426230	1092	2676	2.45	1	6
NODE_64857_length_1091_cov_4.083012	1091	5106	4.68	0	10
NODE_64880_length_1091_cov_2.750965	1091	3094	2.84	1	5
NODE_64902_length_1091_cov_1.528958	1091	1829	1.68	0	4
NODE_64907_length_1090_cov_4.526570	1090	5038	4.62	1	9
NODE_64932_length_1090_cov_2.748792	1090	3617	3.32	1	5
NODE_64943_length_1090_cov_2.466667	1090	3059	2.81	1	6
NODE_64949_length_1090_cov_2.111111	1090	2463	2.26	1	5
NODE_64951_length_1090_cov_2.019324	1090	2333	2.14	1	5
NODE_64957_length_1090_cov_1.376812	1090	2176	2.00	1	4
NODE_65010_length_1089_cov_2.213733	1089	2446	2.25	1	5
NODE_65033_length_1088_cov_4.127783	1088	5451	5.01	1	10
NODE_65040_length_1088_cov_3.650532	1088	3659	3.36	1	7
NODE_65063_length_1088_cov_2.499516	1088	3738	3.44	1	8
NODE_65067_length_1088_cov_2.304937	1088	3684	3.39	1	10
NODE_65078_length_1088_cov_1.655373	1088	2140	1.97	0	4
NODE_65079_length_1088_cov_1.442401	1088	1950	1.79	1	3
NODE_65104_length_1087_cov_3.406008	1087	3604	3.32	0	6
NODE_65123_length_1087_cov_2.521318	1087	3031	2.79	1	5
NODE_65140_length_1087_cov_1.496124	1087	2171	2.00	1	4
NODE_65175_length_1086_cov_3.012609	1086	3304	3.04	1	5
NODE_65177_length_1086_cov_2.808923	1086	4715	4.34	1	8
NODE_65196_length_1086_cov_2.117362	1086	3124	2.88	1	6
NODE_65197_length_1086_cov_2.027158	1086	2302	2.12	1	5
NODE_65205_length_1085_cov_17.261165	1085	32688	30.13	2	53
NODE_65221_length_1085_cov_4.500971	1085	10407	9.59	2	23
NODE_65238_length_1085_cov_3.320388	1085	3185	2.94	1	6
NODE_65258_length_1085_cov_2.490291	1085	2752	2.54	1	6
NODE_65260_length_1085_cov_2.471845	1085	3237	2.98	1	5
NODE_65267_length_1085_cov_2.116505	1085	10312	9.50	1	17
NODE_65270_length_1085_cov_1.916505	1085	2377	2.19	1	4
NODE_65271_length_1085_cov_1.798058	1085	2329	2.15	1	4
NODE_65286_length_1084_cov_4.981535	1084	4554	4.20	0	8
NODE_65307_length_1084_cov_3.322643	1084	4416	4.07	1	8
NODE_65312_length_1084_cov_2.910593	1084	4055	3.74	0	8
NODE_65314_length_1084_cov_2.897959	1084	4837	4.46	1	10
NODE_65327_length_1084_cov_2.399417	1084	2638	2.43	1	5
NODE_65332_length_1084_cov_2.286686	1084	1950	1.80	1	4
NODE_65336_length_1084_cov_1.846453	1084	2278	2.10	1	4
NODE_65338_length_1084_cov_1.475219	1084	1800	1.66	0	3
NODE_65381_length_1083_cov_2.910506	1083	3727	3.44	1	6
NODE_65384_length_1083_cov_2.881323	1083	2840	2.62	1	6
NODE_65387_length_1083_cov_2.864786	1083	3328	3.07	1	5
NODE_65397_length_1083_cov_2.495136	1083	2786	2.57	1	5
NODE_65405_length_1083_cov_2.310311	1083	2961	2.73	1	4
NODE_65407_length_1083_cov_2.281128	1083	3705	3.42	1	6
NODE_65419_length_1082_cov_5.521908	1082	6342	5.86	1	11
NODE_65423_length_1082_cov_4.682571	1082	15056	13.91	3	37
NODE_65439_length_1082_cov_3.433301	1082	8202	7.58	1	20
NODE_65440_length_1082_cov_3.422590	1082	4539	4.20	0	10
NODE_65470_length_1082_cov_2.258033	1082	3913	3.62	1	7
NODE_65474_length_1082_cov_2.034080	1082	2388	2.21	1	4
NODE_65477_length_1082_cov_1.809153	1082	4031	3.73	1	45
NODE_65505_length_1081_cov_3.050682	1081	4574	4.23	1	17
NODE_65509_length_1081_cov_2.938596	1081	3561	3.29	1	7
NODE_65517_length_1081_cov_2.352827	1081	2652	2.45	1	5
NODE_65525_length_1081_cov_2.026316	1081	2588	2.39	0	5
NODE_65552_length_1080_cov_4.323902	1080	4529	4.19	1	7
NODE_65565_length_1080_cov_3.429268	1080	8076	7.48	1	17
NODE_65573_length_1080_cov_2.960976	1080	2874	2.66	1	6
NODE_65593_length_1080_cov_2.029268	1080	4592	4.25	1	10
NODE_65596_length_1080_cov_1.946341	1080	2763	2.56	1	5
NODE_65597_length_1080_cov_1.946341	1080	2838	2.63	0	6
NODE_65602_length_1080_cov_1.668293	1080	2316	2.14	1	3
NODE_65605_length_1079_cov_9.187500	1079	18227	16.89	1	44
NODE_65609_length_1079_cov_4.797852	1079	5867	5.44	1	8
NODE_65640_length_1079_cov_2.597656	1079	2467	2.29	1	5
NODE_65643_length_1079_cov_2.529297	1079	2777	2.57	0	6
NODE_65657_length_1079_cov_2.041016	1079	2614	2.42	1	6
NODE_65660_length_1079_cov_1.842773	1079	2543	2.36	1	4
NODE_65719_length_1078_cov_2.772239	1078	3209	2.98	1	6
NODE_65721_length_1078_cov_2.693060	1078	3480	3.23	1	6
NODE_65734_length_1078_cov_2.188661	1078	2656	2.46	1	5
NODE_65737_length_1078_cov_2.092864	1078	2779	2.58	1	5
NODE_65739_length_1078_cov_2.028348	1078	2189	2.03	1	4
NODE_65742_length_1078_cov_1.790811	1078	2733	2.54	1	5
NODE_65758_length_1077_cov_4.707436	1077	5713	5.30	1	12
NODE_65761_length_1077_cov_4.261252	1077	5106	4.74	2	10
NODE_65768_length_1077_cov_3.718200	1077	3596	3.34	1	7
NODE_65782_length_1077_cov_3.067515	1077	6043	5.61	0	15
NODE_65784_length_1077_cov_2.974560	1077	4704	4.37	1	17
NODE_65806_length_1077_cov_2.144814	1077	3203	2.97	1	7
NODE_65809_length_1077_cov_2.017613	1077	2293	2.13	1	4
NODE_65838_length_1076_cov_3.256611	1076	3053	2.84	1	6
NODE_65850_length_1076_cov_2.777669	1076	4644	4.32	1	11
NODE_65855_length_1076_cov_2.552400	1076	2960	2.75	1	5
NODE_65861_length_1076_cov_2.031342	1076	2333	2.17	1	4
NODE_65867_length_1076_cov_1.792360	1076	2901	2.70	1	5
NODE_65868_length_1076_cov_1.714006	1076	2545	2.37	1	4
NODE_65870_length_1076_cov_1.488737	1076	2013	1.87	1	4
NODE_65878_length_1075_cov_3.911765	1075	3926	3.65	1	7
NODE_65886_length_1075_cov_3.275490	1075	3662	3.41	1	8
NODE_65905_length_1075_cov_2.322549	1075	4250	3.95	1	9
NODE_65920_length_1075_cov_1.358824	1075	2101	1.95	1	4
NODE_65978_length_1074_cov_1.945044	1074	4020	3.74	1	31
NODE_65979_length_1074_cov_1.916585	1074	2553	2.38	1	4
NODE_66012_length_1073_cov_2.986248	1073	2277	2.12	1	4
NODE_66016_length_1073_cov_2.809430	1073	3501	3.26	1	6
NODE_66031_length_1073_cov_2.315324	1073	2504	2.33	1	5
NODE_66038_length_1073_cov_2.080550	1073	3017	2.81	1	5
NODE_66045_length_1072_cov_12.781711	1072	53021	49.46	7	126
NODE_66050_length_1072_cov_5.073746	1072	8532	7.96	1	15
NODE_66063_length_1072_cov_3.470010	1072	4945	4.61	1	14
NODE_66068_length_1072_cov_3.012783	1072	3938	3.67	1	7
NODE_66083_length_1072_cov_2.420846	1072	5950	5.55	1	10
NODE_66087_length_1072_cov_2.294985	1072	2935	2.74	1	5
NODE_66092_length_1072_cov_1.592920	1072	2058	1.92	1	4
NODE_66128_length_1071_cov_2.823819	1071	10285	9.60	1	148
NODE_66130_length_1071_cov_2.688976	1071	3535	3.30	1	10
NODE_66139_length_1071_cov_2.144685	1071	2789	2.60	0	5
NODE_66140_length_1071_cov_2.097441	1071	2509	2.34	0	4
NODE_66147_length_1071_cov_1.517717	1071	2477	2.31	1	4
NODE_66148_length_1071_cov_1.496063	1071	2238	2.09	1	4
NODE_66218_length_1070_cov_2.335961	1070	3464	3.24	1	7
NODE_66227_length_1070_cov_2.059113	1070	2521	2.36	1	5
NODE_66235_length_1070_cov_1.591133	1070	2410	2.25	1	4
NODE_66263_length_1069_cov_3.249507	1069	15256	14.27	2	104
NODE_66320_length_1068_cov_4.474827	1068	7674	7.19	1	18
NODE_66331_length_1068_cov_3.591313	1068	8857	8.29	2	14
NODE_66344_length_1068_cov_3.093781	1068	2814	2.63	1	5
NODE_66346_length_1068_cov_2.917078	1068	2610	2.44	1	6
NODE_66372_length_1068_cov_2.228036	1068	1893	1.77	1	3
NODE_66378_length_1068_cov_1.641658	1068	2172	2.03	1	4
NODE_66419_length_1067_cov_3.082016	1067	6166	5.78	1	16
NODE_66425_length_1067_cov_2.813241	1067	4286	4.02	1	7
NODE_66428_length_1067_cov_2.722332	1067	2680	2.51	1	5
NODE_66437_length_1067_cov_2.432806	1067	3098	2.90	1	5
NODE_66441_length_1067_cov_2.229249	1067	3735	3.50	1	6
NODE_66447_length_1067_cov_2.065217	1067	2323	2.18	1	5
NODE_66457_length_1067_cov_1.293478	1067	1799	1.69	1	3
NODE_66470_length_1066_cov_4.120673	1066	15047	14.12	1	32
NODE_66474_length_1066_cov_3.664688	1066	3038	2.85	1	6
NODE_66497_length_1066_cov_2.792285	1066	2951	2.77	1	6
NODE_66556_length_1065_cov_2.821782	1065	3061	2.87	1	5
NODE_66620_length_1064_cov_3.386521	1064	5232	4.92	1	7
NODE_66621_length_1064_cov_3.295342	1064	3570	3.36	1	6
NODE_66644_length_1064_cov_2.573835	1064	8685	8.16	2	19
NODE_66649_length_1064_cov_2.470763	1064	2832	2.66	1	6
NODE_66654_length_1064_cov_2.259663	1064	2618	2.46	1	5
NODE_66655_length_1064_cov_2.259663	1064	2301	2.16	1	4
NODE_66658_length_1064_cov_1.883053	1064	2049	1.93	1	5
NODE_66660_length_1064_cov_1.694747	1064	2046	1.92	1	3
NODE_66669_length_1063_cov_5.089286	1063	6393	6.01	1	13
NODE_66671_length_1063_cov_4.806548	1063	4997	4.70	1	8
NODE_66716_length_1063_cov_2.349206	1063	4053	3.81	1	25
NODE_66727_length_1063_cov_1.790675	1063	1606	1.51	1	3
NODE_66765_length_1062_cov_3.018868	1062	2861	2.69	1	5
NODE_66797_length_1061_cov_9.624254	1061	27540	25.96	1	105
NODE_66823_length_1061_cov_3.587475	1061	3264	3.08	1	6
NODE_66835_length_1061_cov_3.088469	1061	2881	2.72	1	5
NODE_66837_length_1061_cov_3.021869	1061	3029	2.85	1	5
NODE_66838_length_1061_cov_3.021869	1061	3095	2.92	0	8
NODE_66842_length_1061_cov_2.854871	1061	6750	6.36	1	15
NODE_66852_length_1061_cov_2.360835	1061	2729	2.57	1	4
NODE_66856_length_1061_cov_2.162028	1061	3824	3.60	0	7
NODE_66868_length_1061_cov_1.416501	1061	1970	1.86	1	4
NODE_66869_length_1061_cov_1.244533	1061	2034	1.92	1	4
NODE_66897_length_1060_cov_3.962189	1060	2958	2.79	1	5
NODE_66924_length_1060_cov_2.930348	1060	3562	3.36	1	8
NODE_66925_length_1060_cov_2.928358	1060	7701	7.27	1	17
NODE_66935_length_1060_cov_2.637811	1060	3145	2.97	0	6
NODE_66938_length_1060_cov_2.487562	1060	2786	2.63	1	6
NODE_66948_length_1060_cov_2.026866	1060	2558	2.41	1	5
NODE_66951_length_1060_cov_1.811940	1060	2226	2.10	1	4
NODE_66956_length_1060_cov_1.095522	1060	1429	1.35	0	2
NODE_67006_length_1059_cov_2.554781	1059	2513	2.37	1	6
NODE_67008_length_1059_cov_2.530876	1059	2547	2.41	0	5
NODE_67010_length_1059_cov_2.460159	1059	2945	2.78	1	5
NODE_67017_length_1059_cov_2.259960	1059	2069	1.95	0	5
NODE_67025_length_1059_cov_1.892430	1059	2482	2.34	1	4
NODE_67030_length_1058_cov_11.529412	1058	28728	27.15	3	51
NODE_67051_length_1058_cov_3.613161	1058	3802	3.59	1	7
NODE_67073_length_1058_cov_2.713858	1058	3293	3.11	1	7
NODE_67089_length_1058_cov_2.184447	1058	2402	2.27	1	5
NODE_67090_length_1058_cov_2.178465	1058	2632	2.49	1	4
NODE_67093_length_1058_cov_2.099701	1058	2784	2.63	1	5
NODE_67107_length_1058_cov_1.506481	1058	2301	2.17	1	6
NODE_67148_length_1057_cov_3.005988	1057	2921	2.76	1	5
NODE_67155_length_1057_cov_2.660679	1057	4915	4.65	1	41
NODE_67168_length_1057_cov_2.463074	1057	2803	2.65	1	5
NODE_67172_length_1057_cov_2.329341	1057	3105	2.94	1	6
NODE_67174_length_1057_cov_2.279441	1057	3247	3.07	1	6
NODE_67177_length_1057_cov_1.938124	1057	2643	2.50	0	6
NODE_67181_length_1057_cov_1.638723	1057	2247	2.13	0	4
NODE_67183_length_1057_cov_1.611776	1057	2138	2.02	1	4
NODE_67205_length_1056_cov_3.119880	1056	3485	3.30	1	7
NODE_67210_length_1056_cov_2.843157	1056	3163	3.00	1	4
NODE_67214_length_1056_cov_2.701299	1056	2407	2.28	1	5
NODE_67218_length_1056_cov_2.562438	1056	2501	2.37	1	4
NODE_67229_length_1056_cov_2.354645	1056	2643	2.50	1	5
NODE_67237_length_1056_cov_1.651349	1056	1589	1.50	1	2
NODE_67238_length_1056_cov_1.518482	1056	1925	1.82	1	3
NODE_67278_length_1055_cov_2.375000	1055	2489	2.36	1	4
NODE_67280_length_1055_cov_2.280000	1055	2943	2.79	0	5
NODE_67287_length_1055_cov_1.995000	1055	2536	2.40	1	6
NODE_67293_length_1055_cov_1.471000	1055	2074	1.97	1	4
NODE_67320_length_1054_cov_3.683684	1054	3843	3.65	0	7
NODE_67336_length_1054_cov_2.926927	1054	5765	5.47	0	20
NODE_67345_length_1054_cov_2.757758	1054	2812	2.67	1	5
NODE_67349_length_1054_cov_2.660661	1054	2697	2.56	1	5
NODE_67356_length_1054_cov_2.340340	1054	3063	2.91	1	5
NODE_67368_length_1054_cov_1.910911	1054	3005	2.85	1	6
NODE_67369_length_1054_cov_1.616617	1054	1927	1.83	1	3
NODE_67372_length_1054_cov_1.426426	1054	1894	1.80	1	4
NODE_67379_length_1053_cov_12.097194	1053	74592	70.84	3	154
NODE_67395_length_1053_cov_3.802605	1053	4768	4.53	1	8
NODE_67406_length_1053_cov_3.392786	1053	2965	2.82	1	6
NODE_67416_length_1053_cov_2.916834	1053	2803	2.66	1	5
NODE_67433_length_1053_cov_2.474950	1053	2875	2.73	1	5
NODE_67443_length_1053_cov_2.258517	1053	2411	2.29	1	4
NODE_67449_length_1053_cov_2.189379	1053	2337	2.22	0	4
NODE_67457_length_1053_cov_1.976954	1053	2077	1.97	1	4
NODE_67461_length_1053_cov_1.664329	1053	2812	2.67	1	28
NODE_67463_length_1053_cov_1.332665	1053	1725	1.64	1	3
NODE_67483_length_1052_cov_3.900702	1052	5162	4.91	1	14
NODE_67489_length_1052_cov_3.430291	1052	4046	3.85	1	7
NODE_67497_length_1052_cov_3.025075	1052	3374	3.21	0	6
NODE_67508_length_1052_cov_2.342026	1052	2229	2.12	1	4
NODE_67562_length_1051_cov_2.856426	1051	3267	3.11	1	7
NODE_67566_length_1051_cov_2.661647	1051	2478	2.36	1	4
NODE_67578_length_1051_cov_2.289157	1051	3373	3.21	1	8
NODE_67579_length_1051_cov_2.193775	1051	2168	2.06	1	4
NODE_67588_length_1051_cov_1.651606	1051	2128	2.02	1	5
NODE_67590_length_1051_cov_1.582329	1051	2449	2.33	1	6
NODE_67619_length_1050_cov_3.150754	1050	3829	3.65	1	7
NODE_67628_length_1050_cov_2.958794	1050	2782	2.65	1	5
NODE_67641_length_1050_cov_2.548744	1050	2999	2.86	1	6
NODE_67654_length_1050_cov_2.229146	1050	2944	2.80	1	5
NODE_67660_length_1050_cov_2.100503	1050	1956	1.86	1	4
NODE_67667_length_1050_cov_1.566834	1050	2580	2.46	0	5
NODE_67712_length_1049_cov_2.810865	1049	8455	8.06	1	16
NODE_67729_length_1049_cov_2.099598	1049	2946	2.81	1	6
NODE_67733_length_1049_cov_1.757545	1049	2364	2.25	1	5
NODE_67762_length_1048_cov_3.406848	1048	4224	4.03	1	8
NODE_67772_length_1048_cov_3.157100	1048	3898	3.72	1	6
NODE_67787_length_1048_cov_2.662638	1048	2121	2.02	1	3
NODE_67800_length_1048_cov_2.329305	1048	2217	2.12	1	4
NODE_67802_length_1048_cov_2.296073	1048	3862	3.69	1	7
NODE_67804_length_1048_cov_2.259819	1048	2376	2.27	1	5
NODE_67805_length_1048_cov_2.258812	1048	2442	2.33	1	4
NODE_67813_length_1048_cov_2.022155	1048	1819	1.74	1	3
NODE_67819_length_1048_cov_1.817724	1048	1778	1.70	0	3
NODE_67882_length_1047_cov_2.681452	1047	3181	3.04	1	7
NODE_67895_length_1047_cov_2.365927	1047	3692	3.53	0	12
NODE_67902_length_1047_cov_2.136089	1047	2175	2.08	1	4
NODE_67906_length_1047_cov_1.943548	1047	2756	2.63	1	5
NODE_67911_length_1047_cov_1.701613	1047	2078	1.98	1	5
NODE_67913_length_1047_cov_1.616935	1047	2088	1.99	1	4
NODE_67917_length_1046_cov_6.672048	1046	14464	13.83	6	31
NODE_67951_length_1046_cov_2.684157	1046	2365	2.26	1	5
NODE_67952_length_1046_cov_2.679112	1046	2822	2.70	1	19
NODE_67965_length_1046_cov_2.435923	1046	2642	2.53	1	5
NODE_67972_length_1046_cov_1.882947	1046	4492	4.29	1	8
NODE_67974_length_1046_cov_1.763875	1046	1950	1.86	0	4
NODE_67977_length_1046_cov_1.437941	1046	1950	1.86	1	4
NODE_67988_length_1045_cov_7.200000	1045	6410	6.13	1	15
NODE_68016_length_1045_cov_3.094949	1045	3650	3.49	1	6
NODE_68032_length_1045_cov_2.735354	1045	3198	3.06	1	6
NODE_68039_length_1045_cov_2.371717	1045	2291	2.19	1	4
NODE_68060_length_1045_cov_1.532323	1045	1635	1.56	1	3
NODE_68079_length_1044_cov_4.565217	1044	4260	4.08	1	8
NODE_68081_length_1044_cov_4.440849	1044	4688	4.49	1	9
NODE_68095_length_1044_cov_3.553084	1044	3710	3.55	1	7
NODE_68107_length_1044_cov_2.863498	1044	3748	3.59	1	7
NODE_68123_length_1044_cov_2.262892	1044	2938	2.81	1	6
NODE_68133_length_1044_cov_1.901921	1044	2689	2.58	1	5
NODE_68134_length_1044_cov_1.893832	1044	2511	2.41	1	5
NODE_68139_length_1043_cov_17.852227	1043	22185	21.27	4	30
NODE_68192_length_1043_cov_2.283401	1043	2743	2.63	1	5
NODE_68200_length_1043_cov_1.902834	1043	2375	2.28	1	6
NODE_68204_length_1043_cov_1.772267	1043	4152	3.98	1	15
NODE_68205_length_1043_cov_1.634615	1043	2128	2.04	0	4
NODE_68275_length_1042_cov_1.724417	1042	2119	2.03	1	5
NODE_68279_length_1042_cov_1.443769	1042	1937	1.86	1	4
NODE_68351_length_1041_cov_1.677485	1041	2041	1.96	1	4
NODE_68353_length_1041_cov_1.539554	1041	2053	1.97	1	5
NODE_68374_length_1040_cov_3.574619	1040	4596	4.42	1	7
NODE_68375_length_1040_cov_3.568528	1040	4763	4.58	1	9
NODE_68394_length_1040_cov_2.834518	1040	4023	3.87	0	8
NODE_68396_length_1040_cov_2.796954	1040	8118	7.81	1	16
NODE_68403_length_1040_cov_2.606091	1040	5206	5.01	1	19
NODE_68409_length_1040_cov_2.078173	1040	8344	8.02	0	14
NODE_68411_length_1040_cov_2.004061	1040	1946	1.87	1	3
NODE_68414_length_1040_cov_1.868020	1040	2141	2.06	1	4
NODE_68418_length_1040_cov_1.421320	1040	1916	1.84	1	3
NODE_68451_length_1039_cov_3.353659	1039	6525	6.28	1	44
NODE_68463_length_1039_cov_2.938008	1039	3466	3.34	1	7
NODE_68471_length_1039_cov_2.810976	1039	3910	3.76	1	7
NODE_68473_length_1039_cov_2.799797	1039	4050	3.90	1	8
NODE_68492_length_1039_cov_1.641260	1039	2130	2.05	1	4
NODE_68528_length_1038_cov_3.687691	1038	3807	3.67	1	7
NODE_68538_length_1038_cov_3.097660	1038	10265	9.89	1	24
NODE_68568_length_1038_cov_1.854527	1038	2519	2.43	1	7
NODE_68572_length_1038_cov_1.715158	1038	2012	1.94	1	5
NODE_68576_length_1038_cov_1.546287	1038	1844	1.78	1	4
NODE_68584_length_1037_cov_7.078411	1037	15658	15.10	3	61
NODE_68593_length_1037_cov_3.815682	1037	7285	7.03	3	10
NODE_68594_length_1037_cov_3.787169	1037	5247	5.06	1	12
NODE_68609_length_1037_cov_2.863544	1037	4607	4.44	1	11
NODE_68620_length_1037_cov_2.418534	1037	2224	2.14	1	4
NODE_68635_length_1037_cov_1.934827	1037	2255	2.17	1	4
NODE_68675_length_1036_cov_2.576962	1036	13832	13.35	1	25
NODE_68678_length_1036_cov_2.420999	1036	2301	2.22	1	4
NODE_68683_length_1036_cov_2.227319	1036	1988	1.92	1	4
NODE_68684_length_1036_cov_2.217125	1036	2377	2.29	0	5
NODE_68689_length_1036_cov_2.031600	1036	1966	1.90	1	3
NODE_68693_length_1036_cov_1.452599	1036	1828	1.76	1	3
NODE_68699_length_1035_cov_18.240816	1035	21304	20.58	6	34
NODE_68706_length_1035_cov_8.051020	1035	11606	11.21	2	43
NODE_68719_length_1035_cov_3.670408	1035	3306	3.19	1	6
NODE_68727_length_1035_cov_3.203061	1035	4634	4.48	1	10
NODE_68745_length_1035_cov_2.390816	1035	4243	4.10	1	8
NODE_68760_length_1035_cov_1.994898	1035	2826	2.73	1	14
NODE_68764_length_1035_cov_1.841837	1035	2244	2.17	1	4
NODE_68774_length_1034_cov_12.670072	1034	29290	28.33	1	168
NODE_68787_length_1034_cov_4.685393	1034	4894	4.73	1	10
NODE_68793_length_1034_cov_3.910112	1034	4248	4.11	1	9
NODE_68797_length_1034_cov_3.590398	1034	5580	5.40	1	15
NODE_68803_length_1034_cov_3.465781	1034	4944	4.78	1	13
NODE_68816_length_1034_cov_3.055158	1034	8809	8.52	1	21
NODE_68824_length_1034_cov_2.522983	1034	3029	2.93	1	9
NODE_68827_length_1034_cov_2.425945	1034	7718	7.46	1	63
NODE_68829_length_1034_cov_2.328907	1034	2648	2.56	1	5
NODE_68830_length_1034_cov_2.327886	1034	2211	2.14	1	5
NODE_68834_length_1034_cov_2.102145	1034	2622	2.54	1	5
NODE_68838_length_1034_cov_1.990807	1034	2531	2.45	1	5
NODE_68842_length_1034_cov_1.936670	1034	3488	3.37	1	15
NODE_68847_length_1034_cov_1.630235	1034	2021	1.95	1	4
NODE_68870_length_1033_cov_3.399796	1033	3737	3.62	1	7
NODE_68875_length_1033_cov_3.253579	1033	2938	2.84	1	5
NODE_68897_length_1033_cov_2.428425	1033	2756	2.67	0	6
NODE_68898_length_1033_cov_2.406953	1033	2928	2.83	1	6
NODE_68908_length_1033_cov_2.039877	1033	2269	2.20	0	5
NODE_68914_length_1033_cov_1.923313	1033	2434	2.36	1	4
NODE_68915_length_1033_cov_1.836401	1033	2190	2.12	0	4
NODE_68916_length_1033_cov_1.799591	1033	2370	2.29	1	5
NODE_68962_length_1032_cov_3.064483	1032	11757	11.39	1	26
NODE_68967_length_1032_cov_2.625384	1032	2844	2.76	1	6
NODE_68971_length_1032_cov_2.528147	1032	3095	3.00	1	5
NODE_68972_length_1032_cov_2.528147	1032	3015	2.92	1	5
NODE_68975_length_1032_cov_2.418628	1032	7058	6.84	1	42
NODE_68983_length_1032_cov_2.236438	1032	9086	8.80	1	46
NODE_68998_length_1032_cov_1.775844	1032	2221	2.15	1	4
NODE_69041_length_1031_cov_3.038934	1031	6628	6.43	1	35
NODE_69048_length_1031_cov_2.792008	1031	3057	2.97	1	6
NODE_69073_length_1031_cov_1.626025	1031	2077	2.01	1	3
NODE_69116_length_1030_cov_2.956923	1030	2967	2.88	1	7
NODE_69130_length_1030_cov_2.533333	1030	3450	3.35	1	5
NODE_69131_length_1030_cov_2.431795	1030	2801	2.72	1	6
NODE_69134_length_1030_cov_2.338462	1030	2349	2.28	1	5
NODE_69145_length_1030_cov_1.884103	1030	2023	1.96	0	4
NODE_69147_length_1030_cov_1.558974	1030	1975	1.92	1	3
NODE_69148_length_1030_cov_1.533333	1030	2290	2.22	1	6
NODE_69152_length_1030_cov_1.245128	1030	1817	1.76	1	3
NODE_69176_length_1029_cov_3.864476	1029	4168	4.05	1	7
NODE_69187_length_1029_cov_3.244353	1029	3228	3.14	1	7
NODE_69188_length_1029_cov_3.218686	1029	3061	2.97	1	7
NODE_69189_length_1029_cov_3.218686	1029	2675	2.60	1	6
NODE_69206_length_1029_cov_2.633470	1029	2444	2.38	1	5
NODE_69221_length_1029_cov_1.931211	1029	1925	1.87	1	3
NODE_69268_length_1028_cov_3.117163	1028	2186	2.13	0	4
NODE_69286_length_1028_cov_2.511819	1028	2250	2.19	1	4
NODE_69295_length_1028_cov_2.224049	1028	2699	2.63	1	6
NODE_69306_length_1028_cov_1.562179	1028	2263	2.20	1	4
NODE_69307_length_1028_cov_1.464543	1028	2250	2.19	1	5
NODE_69319_length_1027_cov_4.396091	1027	5012	4.88	1	10
NODE_69347_length_1027_cov_2.790123	1027	5034	4.90	1	14
NODE_69356_length_1027_cov_2.443416	1027	2744	2.67	1	6
NODE_69372_length_1027_cov_1.366255	1027	1783	1.74	1	3
NODE_69409_length_1026_cov_2.641607	1026	2415	2.35	1	5
NODE_69422_length_1026_cov_2.325438	1026	4254	4.15	2	12
NODE_69430_length_1026_cov_2.090628	1026	2808	2.74	1	7
NODE_69432_length_1026_cov_2.037075	1026	2336	2.28	1	5
NODE_69437_length_1026_cov_1.764161	1026	2901	2.83	0	7
NODE_69440_length_1026_cov_1.540680	1026	1913	1.86	1	4
NODE_69443_length_1026_cov_1.369722	1026	2040	1.99	1	4
NODE_69485_length_1025_cov_2.978351	1025	2384	2.33	1	4
NODE_69495_length_1025_cov_2.644330	1025	2938	2.87	1	6
NODE_69509_length_1025_cov_1.958763	1025	2005	1.96	1	4
NODE_69510_length_1025_cov_1.956701	1025	2080	2.03	1	4
NODE_69511_length_1025_cov_1.953608	1025	1982	1.93	1	3
NODE_69514_length_1025_cov_1.762887	1025	2028	1.98	1	4
NODE_69545_length_1024_cov_3.839009	1024	4190	4.09	1	7
NODE_69552_length_1024_cov_3.324045	1024	4546	4.44	1	11
NODE_69555_length_1024_cov_3.235294	1024	4379	4.28	1	9
NODE_69570_length_1024_cov_2.414861	1024	2634	2.57	1	5
NODE_69585_length_1024_cov_1.959752	1024	2176	2.12	1	4
NODE_69601_length_1023_cov_4.411157	1023	5089	4.97	1	9
NODE_69626_length_1023_cov_2.665289	1023	2597	2.54	1	5
NODE_69643_length_1023_cov_2.060950	1023	2243	2.19	1	4
NODE_69652_length_1023_cov_1.864669	1023	1814	1.77	0	4
NODE_69653_length_1023_cov_1.864669	1023	1788	1.75	0	3
NODE_69656_length_1023_cov_1.862603	1023	1832	1.79	1	3
NODE_69658_length_1023_cov_1.668388	1023	2177	2.13	0	5
NODE_69659_length_1023_cov_1.594008	1023	2384	2.33	1	5
NODE_69701_length_1022_cov_2.830403	1022	2698	2.64	1	7
NODE_69706_length_1022_cov_2.800414	1022	2691	2.63	0	6
NODE_69715_length_1022_cov_2.554292	1022	3198	3.13	0	6
NODE_69748_length_1021_cov_4.978261	1021	16954	16.61	2	37
NODE_69756_length_1021_cov_4.130435	1021	4673	4.58	1	8
NODE_69779_length_1021_cov_2.950311	1021	2760	2.70	0	7
NODE_69803_length_1021_cov_1.966874	1021	2154	2.11	1	4
NODE_69829_length_1020_cov_3.374093	1020	4222	4.14	1	20
NODE_69830_length_1020_cov_3.347150	1020	2951	2.89	1	6
NODE_69841_length_1020_cov_2.841451	1020	4221	4.14	1	7
NODE_69853_length_1020_cov_2.453886	1020	3260	3.20	1	7
NODE_69858_length_1020_cov_2.362694	1020	2523	2.47	1	6
NODE_69869_length_1020_cov_2.069430	1020	2223	2.18	1	5
NODE_69872_length_1020_cov_1.968912	1020	1905	1.87	0	8
NODE_69873_length_1020_cov_1.869430	1020	5080	4.98	1	10
NODE_69875_length_1020_cov_1.751295	1020	2063	2.02	1	4
NODE_69877_length_1020_cov_1.659067	1020	1850	1.81	1	4
NODE_69879_length_1020_cov_1.476684	1020	1857	1.82	0	4
NODE_69898_length_1019_cov_3.875519	1019	5363	5.26	1	9
NODE_69919_length_1019_cov_2.946058	1019	4112	4.04	1	6
NODE_69938_length_1019_cov_2.357884	1019	3086	3.03	1	6
NODE_69945_length_1019_cov_2.047718	1019	2865	2.81	1	5
NODE_69948_length_1019_cov_1.970954	1019	2250	2.21	0	5
NODE_69950_length_1019_cov_1.939834	1019	2194	2.15	0	4
NODE_69985_length_1018_cov_3.335410	1018	2939	2.89	0	6
NODE_69998_length_1018_cov_2.738318	1018	6845	6.72	0	22
NODE_70009_length_1018_cov_2.367601	1018	2693	2.65	1	4
NODE_70012_length_1018_cov_2.268951	1018	2327	2.29	1	4
NODE_70025_length_1018_cov_1.749740	1018	2611	2.56	1	5
NODE_70056_length_1017_cov_3.676715	1017	5237	5.15	1	15
NODE_70062_length_1017_cov_3.343035	1017	3939	3.87	1	8
NODE_70064_length_1017_cov_3.229730	1017	2672	2.63	1	5
NODE_70072_length_1017_cov_3.046778	1017	5844	5.75	1	45
NODE_70084_length_1017_cov_2.701663	1017	3503	3.44	1	6
NODE_70089_length_1017_cov_2.567568	1017	2389	2.35	1	5
NODE_70092_length_1017_cov_2.533264	1017	3354	3.30	1	14
NODE_70108_length_1017_cov_2.172557	1017	2439	2.40	1	4
NODE_70111_length_1017_cov_2.098753	1017	2839	2.79	1	5
NODE_70113_length_1017_cov_1.974012	1017	2373	2.33	1	4
NODE_70117_length_1017_cov_1.678794	1017	2136	2.10	1	4
NODE_70119_length_1017_cov_1.579002	1017	2080	2.05	1	3
NODE_70155_length_1016_cov_3.192508	1016	4737	4.66	1	20
NODE_70161_length_1016_cov_3.057232	1016	3809	3.75	1	7
NODE_70182_length_1016_cov_2.285120	1016	3327	3.27	1	8
NODE_70185_length_1016_cov_1.947971	1016	6033	5.94	2	11
NODE_70191_length_1016_cov_1.503642	1016	2095	2.06	0	4
NODE_70231_length_1015_cov_3.067708	1015	8301	8.18	1	22
NODE_70247_length_1015_cov_2.476042	1015	3232	3.18	1	6
NODE_70261_length_1015_cov_1.953125	1015	2467	2.43	1	5
NODE_70264_length_1015_cov_1.778125	1015	2564	2.53	1	6
NODE_70294_length_1014_cov_3.265902	1014	3992	3.94	1	8
NODE_70303_length_1014_cov_2.831074	1014	2770	2.73	1	5
NODE_70317_length_1014_cov_2.179353	1014	2569	2.53	1	5
NODE_70319_length_1014_cov_2.046924	1014	5197	5.13	1	34
NODE_70389_length_1013_cov_1.983299	1013	2616	2.58	1	5
NODE_70396_length_1013_cov_1.663883	1013	2171	2.14	1	4
NODE_70397_length_1013_cov_1.348643	1013	2232	2.20	1	5
NODE_70414_length_1012_cov_3.871473	1012	6510	6.43	1	16
NODE_70431_length_1012_cov_3.218391	1012	3748	3.70	1	7
NODE_70446_length_1012_cov_2.779519	1012	2352	2.32	1	4
NODE_70458_length_1012_cov_2.481714	1012	2895	2.86	1	5
NODE_70499_length_1011_cov_3.688285	1011	3847	3.81	0	7
NODE_70519_length_1011_cov_2.683054	1011	2569	2.54	1	5
NODE_70530_length_1011_cov_2.285565	1011	2431	2.40	1	6
NODE_70532_length_1011_cov_2.277197	1011	2221	2.20	1	4
NODE_70538_length_1011_cov_2.147490	1011	2250	2.23	1	4
NODE_70543_length_1011_cov_2.024059	1011	2339	2.31	1	4
NODE_70548_length_1011_cov_1.729079	1011	2319	2.29	1	4
NODE_70596_length_1010_cov_2.723560	1010	2331	2.31	1	5
NODE_70611_length_1010_cov_2.188482	1010	2380	2.36	1	5
NODE_70618_length_1010_cov_1.691099	1010	2100	2.08	1	3
NODE_70622_length_1010_cov_1.501571	1010	1671	1.65	1	2
NODE_70665_length_1009_cov_2.716981	1009	35158	34.84	1	292
NODE_70672_length_1009_cov_2.442348	1009	2698	2.67	1	5
NODE_70676_length_1009_cov_2.290356	1009	2333	2.31	0	6
NODE_70751_length_1008_cov_2.402938	1008	2522	2.50	1	4
NODE_70762_length_1008_cov_1.993704	1008	2058	2.04	0	5
NODE_70763_length_1008_cov_1.988458	1008	2062	2.05	1	3
NODE_70764_length_1008_cov_1.901364	1008	2403	2.38	1	5
NODE_70775_length_1007_cov_16.800420	1007	50637	50.29	2	278
NODE_70797_length_1007_cov_3.790966	1007	4733	4.70	1	11
NODE_70823_length_1007_cov_2.594538	1007	2606	2.59	0	6
NODE_70837_length_1007_cov_2.335084	1007	3472	3.45	1	7
NODE_70851_length_1007_cov_1.879202	1007	3558	3.53	1	12
NODE_70883_length_1006_cov_3.689800	1006	3518	3.50	1	6
NODE_70899_length_1006_cov_2.925342	1006	11476	11.41	1	21
NODE_70910_length_1006_cov_2.681388	1006	3031	3.01	1	6
NODE_70919_length_1006_cov_2.397476	1006	6184	6.15	1	12
NODE_70920_length_1006_cov_2.397476	1006	2104	2.09	1	4
NODE_70925_length_1006_cov_2.232387	1006	2511	2.50	1	4
NODE_70945_length_1005_cov_5.865263	1005	8257	8.22	4	12
NODE_70963_length_1005_cov_3.637895	1005	2957	2.94	1	7
NODE_70978_length_1005_cov_2.967368	1005	7681	7.64	1	20
NODE_70988_length_1005_cov_2.600000	1005	2604	2.59	1	6
NODE_71000_length_1005_cov_2.196842	1005	2060	2.05	1	4
NODE_71047_length_1004_cov_3.195996	1004	3684	3.67	1	8
NODE_71055_length_1004_cov_2.903056	1004	2896	2.88	1	7
NODE_71056_length_1004_cov_2.726027	1004	3570	3.56	1	7
NODE_71057_length_1004_cov_2.702845	1004	2675	2.66	1	5
NODE_71116_length_1003_cov_3.305907	1003	3476	3.47	1	8
NODE_71136_length_1003_cov_2.616034	1003	39303	39.19	0	397
NODE_71140_length_1003_cov_2.505274	1003	2721	2.71	1	5
NODE_71148_length_1003_cov_2.303797	1003	2690	2.68	1	5
NODE_71155_length_1003_cov_1.892405	1003	1800	1.79	0	4
NODE_71157_length_1003_cov_1.803797	1003	2242	2.24	1	4
NODE_71159_length_1003_cov_1.778481	1003	1977	1.97	0	4
NODE_71167_length_1003_cov_1.302743	1003	1815	1.81	1	3
NODE_71215_length_1002_cov_2.885956	1002	3510	3.50	1	6
NODE_71219_length_1002_cov_2.807814	1002	2445	2.44	1	5
NODE_71243_length_1002_cov_2.160507	1002	1882	1.88	1	4
NODE_71249_length_1002_cov_1.865892	1002	2231	2.23	1	5
NODE_71255_length_1002_cov_1.646251	1002	2189	2.18	1	3
NODE_71257_length_1002_cov_1.504752	1002	1837	1.83	1	3
NODE_71295_length_1001_cov_3.414376	1001	3220	3.22	1	7
NODE_71307_length_1001_cov_3.113108	1001	2802	2.80	1	6
NODE_71318_length_1001_cov_2.711416	1001	2492	2.49	1	5
NODE_71329_length_1001_cov_2.496829	1001	3331	3.33	1	12
NODE_71345_length_1001_cov_1.803383	1001	2354	2.35	1	10
NODE_71346_length_1001_cov_1.782241	1001	2415	2.41	1	4
NODE_71349_length_1001_cov_1.656448	1001	2536	2.53	0	8
NODE_71350_length_1001_cov_1.270613	1001	1940	1.94	1	4
NODE_71421_length_1000_cov_2.332275	1000	17106	17.11	1	31
NODE_71428_length_1000_cov_2.176720	1000	2674	2.67	1	5
NODE_71444_length_1000_cov_1.507937	1000	2155	2.15	1	5
NODE_8909_length_7739_cov_3.696512	7739	33486	4.33	0	18
NODE_10454_length_6463_cov_4.546816	6463	32646	5.05	1	14
NODE_10468_length_6454_cov_6.333646	6454	50083	7.76	1	19
NODE_10635_length_6346_cov_4.048323	6346	31438	4.95	0	12
NODE_10964_length_6098_cov_3.876882	6098	27657	4.54	1	12
NODE_11283_length_5894_cov_5.047268	5894	42143	7.15	1	16
NODE_11292_length_5887_cov_3.369856	5887	26028	4.42	0	12
NODE_12032_length_5465_cov_3.745471	5465	26914	4.92	1	18
NODE_12057_length_5452_cov_2.949231	5452	21093	3.87	0	23
NODE_12131_length_5414_cov_4.724949	5414	30227	5.58	1	16
NODE_12180_length_5387_cov_4.523631	5387	171861	31.90	1	249
NODE_12292_length_5321_cov_3.448728	5321	23209	4.36	0	20
NODE_12969_length_5021_cov_3.278292	5021	21138	4.21	1	9
NODE_13022_length_4997_cov_3.470862	4997	22398	4.48	0	10
NODE_13303_length_4884_cov_3.079105	4884	17798	3.64	1	9
NODE_13396_length_4843_cov_3.983083	4843	23641	4.88	1	11
NODE_13456_length_4814_cov_2.834839	4814	19216	3.99	1	20
NODE_13763_length_4689_cov_4.330816	4689	26535	5.66	1	18
NODE_13783_length_4684_cov_3.335926	4684	21340	4.56	1	8
NODE_13852_length_4661_cov_3.438776	4661	17496	3.75	0	15
NODE_13914_length_4631_cov_4.139205	4631	22820	4.93	1	12
NODE_13966_length_4611_cov_3.886084	4611	23679	5.14	1	32
NODE_14016_length_4593_cov_2.872631	4593	18181	3.96	0	42
NODE_14100_length_4563_cov_3.789929	4563	23042	5.05	1	20
NODE_14732_length_4334_cov_4.186960	4334	19514	4.50	0	10
NODE_14817_length_4305_cov_6.700471	4305	33083	7.68	2	17
NODE_14945_length_4265_cov_4.013777	4265	21552	5.05	1	10
NODE_14952_length_4263_cov_3.633317	4263	19441	4.56	1	11
NODE_14997_length_4248_cov_3.539948	4248	19453	4.58	1	12
NODE_15010_length_4246_cov_3.302553	4246	15442	3.64	0	8
NODE_15054_length_4232_cov_4.005267	4232	23195	5.48	0	16
NODE_15379_length_4140_cov_3.766707	4140	18696	4.52	1	11
NODE_15493_length_4111_cov_2.569527	4111	13475	3.28	1	8
NODE_15527_length_4102_cov_4.191994	4102	20619	5.03	1	11
NODE_15554_length_4090_cov_3.371252	4090	17662	4.32	1	18
NODE_15569_length_4085_cov_2.477171	4085	15935	3.90	0	14
NODE_15692_length_4050_cov_3.620776	4050	18978	4.69	1	12
NODE_15961_length_3985_cov_3.344275	3985	16664	4.18	1	10
NODE_16199_length_3920_cov_3.224838	3920	17261	4.40	1	11
NODE_16258_length_3903_cov_4.277547	3903	17214	4.41	1	10
NODE_16282_length_3899_cov_3.298907	3899	14594	3.74	0	26
NODE_16403_length_3870_cov_4.206029	3870	20141	5.20	1	18
NODE_16414_length_3868_cov_4.118542	3868	16783	4.34	1	11
NODE_16589_length_3825_cov_3.866844	3825	19066	4.98	1	10
NODE_16886_length_3751_cov_3.110660	3751	16760	4.47	0	10
NODE_16894_length_3749_cov_3.707905	3749	18177	4.85	1	11
NODE_16998_length_3730_cov_3.952381	3730	17968	4.82	1	12
NODE_17158_length_3693_cov_3.279274	3693	15796	4.28	1	9
NODE_17174_length_3689_cov_3.788663	3689	20086	5.44	1	18
NODE_17287_length_3665_cov_3.586427	3665	21382	5.83	1	16
NODE_17321_length_3656_cov_3.370730	3656	13688	3.74	1	8
NODE_17328_length_3655_cov_2.926389	3655	11705	3.20	1	12
NODE_17425_length_3633_cov_3.972051	3633	17587	4.84	1	10
NODE_17443_length_3630_cov_3.022378	3630	13653	3.76	1	49
NODE_17492_length_3619_cov_3.087823	3619	16684	4.61	1	18
NODE_17506_length_3615_cov_3.242978	3615	15587	4.31	1	9
NODE_17528_length_3610_cov_4.258509	3610	20140	5.58	1	15
NODE_17580_length_3598_cov_3.184307	3598	18327	5.09	1	20
NODE_17677_length_3576_cov_3.714570	3576	16365	4.58	1	13
NODE_17700_length_3572_cov_3.432471	3572	14298	4.00	1	11
NODE_17831_length_3545_cov_2.516332	3545	12102	3.41	0	7
NODE_17833_length_3544_cov_3.299513	3544	16801	4.74	1	26
NODE_17899_length_3530_cov_3.232230	3530	12423	3.52	0	8
NODE_17972_length_3517_cov_3.156846	3517	11859	3.37	1	11
NODE_17996_length_3512_cov_4.336708	3512	18122	5.16	0	11
NODE_18060_length_3501_cov_4.129135	3501	16398	4.68	1	11
NODE_18143_length_3485_cov_3.491837	3485	16397	4.71	1	12
NODE_18150_length_3484_cov_3.208224	3484	15760	4.52	0	14
NODE_18164_length_3482_cov_2.738547	3482	13084	3.76	0	8
NODE_18188_length_3475_cov_4.239181	3475	18125	5.22	1	12
NODE_18220_length_3470_cov_3.353148	3470	18786	5.41	1	19
NODE_18237_length_3467_cov_4.277550	3467	18366	5.30	1	20
NODE_18282_length_3460_cov_3.150954	3460	15314	4.43	1	10
NODE_18291_length_3458_cov_3.021452	3458	15989	4.62	0	14
NODE_18371_length_3439_cov_3.520095	3439	14996	4.36	0	12
NODE_18415_length_3430_cov_3.457481	3430	16828	4.91	1	14
NODE_18475_length_3421_cov_2.717469	3421	11852	3.46	1	7
NODE_18596_length_3399_cov_5.481758	3399	21235	6.25	1	11
NODE_18599_length_3399_cov_3.948864	3399	16226	4.77	0	10
NODE_18700_length_3380_cov_3.441805	3380	13474	3.99	1	8
NODE_18764_length_3369_cov_4.133675	3369	18773	5.57	1	18
NODE_18783_length_3366_cov_3.862277	3366	14767	4.39	0	10
NODE_18908_length_3345_cov_2.746201	3345	12642	3.78	1	8
NODE_19008_length_3328_cov_3.168653	3328	16944	5.09	1	13
NODE_19043_length_3323_cov_3.719094	3323	13848	4.17	1	19
NODE_19044_length_3323_cov_3.417993	3323	13393	4.03	0	9
NODE_19045_length_3323_cov_3.130661	3323	15535	4.67	1	12
NODE_19118_length_3310_cov_3.616590	3310	15720	4.75	1	10
NODE_19264_length_3285_cov_3.396594	3285	17928	5.46	1	15
NODE_19268_length_3284_cov_5.600186	3284	21449	6.53	1	13
NODE_19398_length_3263_cov_5.606297	3263	24031	7.36	1	29
NODE_19458_length_3253_cov_3.962789	3253	14124	4.34	0	9
NODE_19570_length_3235_cov_3.713522	3235	15714	4.86	1	17
NODE_19728_length_3212_cov_3.006335	3212	11709	3.65	1	12
NODE_19857_length_3190_cov_3.936842	3190	16938	5.31	1	32
NODE_19989_length_3171_cov_3.124840	3171	13587	4.28	1	9
NODE_19990_length_3171_cov_3.084724	3171	13195	4.16	1	10
NODE_20072_length_3156_cov_2.744599	3156	12062	3.82	1	12
NODE_20076_length_3155_cov_3.217742	3155	15211	4.82	1	18
NODE_20091_length_3153_cov_3.988702	3153	13126	4.16	1	16
NODE_20129_length_3148_cov_3.501778	3148	13695	4.35	1	10
NODE_20180_length_3142_cov_3.108196	3142	14126	4.50	0	9
NODE_20266_length_3130_cov_4.135610	3130	15434	4.93	1	11
NODE_20434_length_3106_cov_3.871845	3106	13991	4.50	1	9
NODE_20463_length_3103_cov_3.959974	3103	15025	4.84	1	11
NODE_20558_length_3089_cov_3.492090	3089	23392	7.57	1	111
NODE_20598_length_3083_cov_3.240092	3083	13957	4.53	1	11
NODE_20617_length_3079_cov_3.494048	3079	15377	4.99	1	13
NODE_20631_length_3076_cov_3.226415	3076	12967	4.22	0	9
NODE_20668_length_3071_cov_3.319960	3071	13923	4.53	1	9
NODE_20746_length_3062_cov_3.259062	3062	14752	4.82	1	11
NODE_20774_length_3058_cov_3.487845	3058	14070	4.60	1	9
NODE_20799_length_3055_cov_3.241333	3055	12373	4.05	0	9
NODE_20936_length_3038_cov_3.485753	3038	13121	4.32	1	10
NODE_20948_length_3035_cov_3.245638	3035	14315	4.72	1	11
NODE_20949_length_3035_cov_2.818792	3035	12414	4.09	1	13
NODE_21023_length_3023_cov_4.867588	3023	20277	6.71	1	34
NODE_21033_length_3022_cov_3.127064	3022	10429	3.45	1	8
NODE_21081_length_3014_cov_3.713755	3014	16389	5.44	1	10
NODE_21082_length_3014_cov_3.273403	3014	13625	4.52	1	10
NODE_21152_length_3004_cov_3.933198	3004	14646	4.88	1	10
NODE_21202_length_2998_cov_3.738022	2998	14041	4.68	1	19
NODE_21274_length_2988_cov_3.440164	2988	12581	4.21	1	10
NODE_21303_length_2985_cov_3.702048	2985	13978	4.68	1	10
NODE_21332_length_2982_cov_4.871541	2982	16330	5.48	1	16
NODE_21335_length_2982_cov_4.281175	2982	12944	4.34	1	14
NODE_21397_length_2973_cov_3.311172	2973	12060	4.06	0	18
NODE_21472_length_2962_cov_3.362229	2962	14166	4.78	1	26
NODE_21578_length_2949_cov_2.122668	2949	10515	3.57	1	10
NODE_21646_length_2941_cov_3.213098	2941	13203	4.49	1	10
NODE_21708_length_2934_cov_2.818340	2934	12286	4.19	0	10
NODE_21734_length_2930_cov_3.051478	2930	12825	4.38	1	29
NODE_21820_length_2920_cov_4.272949	2920	20502	7.02	1	14
NODE_21851_length_2917_cov_3.162474	2917	13980	4.79	1	10
NODE_21856_length_2916_cov_3.749039	2916	13698	4.70	0	13
NODE_21912_length_2910_cov_2.756217	2910	9364	3.22	0	8
NODE_21932_length_2907_cov_3.515077	2907	16856	5.80	1	69
NODE_21959_length_2904_cov_3.063180	2904	11644	4.01	1	24
NODE_22014_length_2897_cov_3.198804	2897	11140	3.85	0	8
NODE_22027_length_2896_cov_3.501232	2896	10851	3.75	1	8
NODE_22145_length_2883_cov_3.136139	2883	11367	3.94	0	14
NODE_22200_length_2877_cov_3.036853	2877	13697	4.76	1	13
NODE_22223_length_2875_cov_3.127305	2875	12149	4.23	1	12
NODE_22336_length_2863_cov_8.312322	2863	39798	13.90	4	31
NODE_22482_length_2848_cov_4.569280	2848	14897	5.23	1	10
NODE_22550_length_2841_cov_2.371859	2841	12600	4.44	1	16
NODE_22568_length_2838_cov_4.750269	2838	17798	6.27	1	17
NODE_22651_length_2828_cov_4.129102	2828	11308	4.00	0	9
NODE_22733_length_2818_cov_3.628303	2818	13190	4.68	1	9
NODE_22745_length_2817_cov_3.544171	2817	11103	3.94	0	9
NODE_22825_length_2808_cov_2.680712	2808	11647	4.15	0	10
NODE_22844_length_2805_cov_4.117818	2805	14428	5.14	1	43
NODE_22862_length_2803_cov_3.993450	2803	14234	5.08	1	11
NODE_22904_length_2797_cov_3.941648	2797	14623	5.23	1	12
NODE_22938_length_2794_cov_3.387733	2794	14676	5.25	1	10
NODE_22993_length_2788_cov_3.401756	2788	11675	4.19	1	12
NODE_23019_length_2785_cov_3.441026	2785	12662	4.55	1	13
NODE_23072_length_2778_cov_3.100624	2778	15914	5.73	0	25
NODE_23088_length_2776_cov_3.036384	2776	9647	3.48	1	7
NODE_23112_length_2773_cov_3.094187	2773	9826	3.54	1	10
NODE_23278_length_2755_cov_4.593333	2755	14548	5.28	1	13
NODE_23446_length_2736_cov_3.051846	2736	18949	6.93	0	26
NODE_23585_length_2721_cov_3.893848	2721	12270	4.51	1	9
NODE_23679_length_2711_cov_4.360693	2711	10386	3.83	0	8
NODE_23705_length_2709_cov_2.805953	2709	10536	3.89	1	7
NODE_23729_length_2707_cov_2.996983	2707	10876	4.02	1	18
NODE_23742_length_2705_cov_3.660377	2705	11182	4.13	1	8
NODE_23777_length_2702_cov_2.690215	2702	9545	3.53	0	11
NODE_23827_length_2697_cov_2.709690	2697	10481	3.89	1	9
NODE_23837_length_2696_cov_3.607724	2696	11598	4.30	0	14
NODE_23868_length_2693_cov_3.681956	2693	11354	4.22	1	12
NODE_23916_length_2689_cov_3.731967	2689	11555	4.30	1	8
NODE_23925_length_2688_cov_3.626282	2688	11908	4.43	1	9
NODE_23930_length_2687_cov_4.068009	2687	12222	4.55	1	10
NODE_23942_length_2686_cov_3.468643	2686	11581	4.31	1	11
NODE_23963_length_2684_cov_2.930392	2684	15594	5.81	1	19
NODE_23974_length_2682_cov_4.543586	2682	16114	6.01	1	19
NODE_23998_length_2678_cov_4.099504	2678	12008	4.48	1	18
NODE_24057_length_2673_cov_3.262032	2673	11863	4.44	1	17
NODE_24070_length_2672_cov_3.404280	2672	10591	3.96	1	18
NODE_24082_length_2671_cov_3.798930	2671	12328	4.62	0	10
NODE_24122_length_2667_cov_4.415773	2667	13301	4.99	1	11
NODE_24193_length_2661_cov_3.077897	2661	8145	3.06	0	7
NODE_24253_length_2655_cov_3.563846	2655	9828	3.70	1	8
NODE_24268_length_2654_cov_3.440939	2654	11847	4.46	1	27
NODE_24292_length_2650_cov_4.215029	2650	13252	5.00	1	10
NODE_24347_length_2645_cov_2.917375	2645	8352	3.16	1	7
NODE_24454_length_2632_cov_3.766395	2632	11602	4.41	1	11
NODE_24481_length_2629_cov_4.474359	2629	13017	4.95	1	16
NODE_24496_length_2628_cov_3.420909	2628	11805	4.49	1	11
NODE_24549_length_2623_cov_2.799844	2623	10634	4.05	1	8
NODE_24571_length_2621_cov_3.420889	2621	14914	5.69	1	16
NODE_24588_length_2619_cov_3.665757	2619	12377	4.73	1	10
NODE_24621_length_2616_cov_3.926982	2616	14049	5.37	1	11
NODE_24673_length_2612_cov_3.592491	2612	11196	4.29	1	9
NODE_24866_length_2592_cov_2.800946	2592	9919	3.83	0	12
NODE_24927_length_2586_cov_4.360727	2586	14457	5.59	1	11
NODE_24951_length_2584_cov_4.846580	2584	18414	7.13	2	47
NODE_24953_length_2584_cov_3.733491	2584	11435	4.43	1	14
NODE_25189_length_2561_cov_3.683559	2561	11168	4.36	0	13
NODE_25218_length_2558_cov_4.299640	2558	13003	5.08	1	10
NODE_25279_length_2553_cov_3.356685	2553	13083	5.12	0	14
NODE_25354_length_2545_cov_3.726908	2545	11418	4.49	1	12
NODE_25371_length_2544_cov_2.236641	2544	8332	3.28	1	7
NODE_25434_length_2539_cov_3.124396	2539	11417	4.50	1	14
NODE_25472_length_2535_cov_4.200000	2535	16078	6.34	1	17
NODE_25474_length_2535_cov_3.050000	2535	10462	4.13	1	10
NODE_25510_length_2531_cov_3.844507	2531	11988	4.74	0	8
NODE_25632_length_2521_cov_3.486618	2521	11217	4.45	1	9
NODE_25655_length_2519_cov_2.870536	2519	14422	5.73	1	25
NODE_25659_length_2518_cov_3.573691	2518	18256	7.25	1	25
NODE_25854_length_2501_cov_4.034342	2501	10924	4.37	0	9
NODE_25856_length_2501_cov_3.933769	2501	11450	4.58	1	10
NODE_25901_length_2498_cov_2.444126	2498	7316	2.93	1	14
NODE_25936_length_2495_cov_3.536066	2495	12694	5.09	1	17
NODE_25966_length_2493_cov_2.410993	2493	7603	3.05	1	44
NODE_25995_length_2490_cov_2.875154	2490	9977	4.01	0	9
NODE_26060_length_2484_cov_3.292713	2484	9333	3.76	1	11
NODE_26067_length_2483_cov_3.927100	2483	9338	3.76	0	8
NODE_26224_length_2469_cov_4.309445	2469	13989	5.67	0	12
NODE_26240_length_2467_cov_4.264096	2467	11315	4.59	1	11
NODE_26279_length_2464_cov_3.211291	2464	12792	5.19	1	19
NODE_26313_length_2461_cov_3.011638	2461	10344	4.20	0	9
NODE_26316_length_2460_cov_4.219127	2460	12870	5.23	1	15
NODE_26362_length_2456_cov_3.832570	2456	11515	4.69	1	11
NODE_26389_length_2453_cov_7.356547	2453	53185	21.68	5	49
NODE_26394_length_2453_cov_3.518349	2453	11611	4.73	1	9
NODE_26452_length_2447_cov_3.099498	2447	10119	4.14	1	19
NODE_26463_length_2446_cov_3.146801	2446	8943	3.66	1	9
NODE_26496_length_2443_cov_2.978224	2443	10304	4.22	1	8
NODE_26663_length_2426_cov_3.695487	2426	12721	5.24	1	17
NODE_26710_length_2422_cov_3.877060	2422	13076	5.40	1	10
NODE_26716_length_2422_cov_2.670891	2422	7846	3.24	1	19
NODE_26778_length_2417_cov_3.256986	2417	10175	4.21	1	11
NODE_26811_length_2414_cov_2.907164	2414	9770	4.05	1	25
NODE_26820_length_2413_cov_3.472434	2413	10426	4.32	1	10
NODE_26828_length_2412_cov_3.051336	2412	17139	7.11	1	18
NODE_26881_length_2407_cov_3.386054	2407	11507	4.78	1	9
NODE_26898_length_2406_cov_3.268396	2406	10422	4.33	1	9
NODE_26911_length_2405_cov_3.759149	2405	11575	4.81	1	11
NODE_26931_length_2404_cov_3.474670	2404	11003	4.58	1	12
NODE_26965_length_2402_cov_2.593950	2402	7075	2.95	1	7
NODE_26989_length_2400_cov_2.802559	2400	9433	3.93	1	8
NODE_27006_length_2399_cov_3.069966	2399	9880	4.12	1	24
NODE_27009_length_2398_cov_9.840376	2398	22510	9.39	1	24
NODE_27081_length_2392_cov_3.887890	2392	11935	4.99	1	11
NODE_27139_length_2388_cov_3.211745	2388	8832	3.70	1	8
NODE_27151_length_2387_cov_3.644940	2387	10711	4.49	0	10
NODE_27200_length_2383_cov_3.655928	2383	14156	5.94	1	14
NODE_27288_length_2374_cov_3.803795	2374	14107	5.94	1	14
NODE_27320_length_2372_cov_3.102719	2372	9740	4.11	1	16
NODE_27330_length_2371_cov_3.519430	2371	10187	4.30	1	11
NODE_27348_length_2370_cov_3.071274	2370	10622	4.48	0	12
NODE_27444_length_2363_cov_2.858752	2363	8243	3.49	1	6
NODE_27463_length_2361_cov_3.495230	2361	11173	4.73	1	12
NODE_27567_length_2354_cov_3.866899	2354	11205	4.76	1	11
NODE_27573_length_2354_cov_2.811222	2354	10748	4.57	1	10
NODE_27601_length_2352_cov_2.572921	2352	8768	3.73	1	25
NODE_27619_length_2351_cov_2.416376	2351	9476	4.03	1	12
NODE_27628_length_2350_cov_2.672767	2350	7833	3.33	0	7
NODE_27640_length_2349_cov_3.382302	2349	9880	4.21	1	10
NODE_27648_length_2348_cov_4.009158	2348	9425	4.01	1	8
NODE_27670_length_2347_cov_3.424084	2347	10285	4.38	1	8
NODE_27735_length_2341_cov_3.351706	2341	11220	4.79	1	11
NODE_27773_length_2338_cov_2.768287	2338	19036	8.14	1	26
NODE_27789_length_2337_cov_3.475022	2337	9497	4.06	1	9
NODE_27794_length_2337_cov_3.266433	2337	9795	4.19	1	8
NODE_27849_length_2333_cov_2.938982	2333	9424	4.04	1	7
NODE_27881_length_2330_cov_3.030769	2330	10836	4.65	1	14
NODE_28047_length_2315_cov_3.418142	2315	10475	4.52	1	10
NODE_28069_length_2313_cov_4.005314	2313	10000	4.32	1	7
NODE_28088_length_2312_cov_4.156402	2312	9819	4.25	1	12
NODE_28103_length_2311_cov_3.072252	2311	7886	3.41	1	9
NODE_28112_length_2310_cov_4.134368	2310	13004	5.63	1	13
NODE_28124_length_2310_cov_2.816408	2310	8590	3.72	1	10
NODE_28223_length_2304_cov_3.373055	2304	10620	4.61	0	9
NODE_28246_length_2303_cov_3.001779	2303	9366	4.07	1	9
NODE_28267_length_2302_cov_2.255007	2302	7955	3.46	0	10
NODE_28333_length_2297_cov_2.764496	2297	11634	5.06	1	14
NODE_28349_length_2295_cov_3.638839	2295	11446	4.99	0	16
NODE_28355_length_2295_cov_3.122321	2295	10186	4.44	1	16
NODE_28357_length_2295_cov_2.980357	2295	10294	4.49	1	15
NODE_28440_length_2288_cov_3.627407	2288	9650	4.22	1	10
NODE_28498_length_2283_cov_3.527828	2283	8410	3.68	1	10
NODE_28527_length_2281_cov_3.473495	2281	9937	4.36	1	9
NODE_28538_length_2280_cov_4.079101	2280	11566	5.07	1	10
NODE_28550_length_2279_cov_3.600270	2279	14983	6.57	0	22
NODE_28571_length_2278_cov_2.564552	2278	9704	4.26	1	13
NODE_28622_length_2273_cov_3.336790	2273	8619	3.79	0	8
NODE_28666_length_2270_cov_3.716027	2270	10166	4.48	1	11
NODE_28692_length_2269_cov_3.423668	2269	10566	4.66	1	10
NODE_28693_length_2269_cov_3.360434	2269	9662	4.26	0	11
NODE_28705_length_2268_cov_2.875734	2268	9024	3.98	1	8
NODE_28717_length_2267_cov_2.660036	2267	7723	3.41	1	7
NODE_28786_length_2262_cov_2.753512	2262	9482	4.19	0	8
NODE_28787_length_2262_cov_2.628002	2262	8585	3.80	0	7
NODE_28788_length_2262_cov_2.558224	2262	7613	3.37	0	7
NODE_28817_length_2260_cov_2.511565	2260	12627	5.59	0	93
NODE_28895_length_2254_cov_2.705321	2254	9657	4.28	1	10
NODE_28910_length_2253_cov_3.208371	2253	9517	4.22	1	12
NODE_28935_length_2251_cov_3.066940	2251	9156	4.07	1	12
NODE_28950_length_2250_cov_3.156720	2250	9692	4.31	1	21
NODE_29074_length_2240_cov_3.843478	2240	9949	4.44	1	15
NODE_29079_length_2240_cov_2.535927	2240	12455	5.56	0	19
NODE_29183_length_2233_cov_4.428834	2233	15358	6.88	1	43
NODE_29224_length_2230_cov_3.118161	2230	7669	3.44	0	9
NODE_29240_length_2229_cov_2.847286	2229	8240	3.70	1	21
NODE_29311_length_2225_cov_2.330415	2225	6801	3.06	0	16
NODE_29400_length_2218_cov_3.954230	2218	9421	4.25	1	8
NODE_29449_length_2214_cov_2.685503	2214	12021	5.43	1	14
NODE_29491_length_2211_cov_3.060297	2211	8163	3.69	0	8
NODE_29503_length_2210_cov_4.465893	2210	11808	5.34	1	12
NODE_29528_length_2209_cov_2.942897	2209	9095	4.12	1	11
NODE_29564_length_2206_cov_4.370060	2206	10881	4.93	1	10
NODE_29687_length_2198_cov_4.135791	2198	10378	4.72	1	10
NODE_29729_length_2196_cov_2.287716	2196	6193	2.82	1	14
NODE_29743_length_2194_cov_2.954652	2194	8633	3.93	1	24
NODE_29895_length_2184_cov_4.290277	2184	10957	5.02	1	10
NODE_29916_length_2183_cov_6.505169	2183	15831	7.25	1	13
NODE_29921_length_2183_cov_4.229793	2183	12025	5.51	1	11
NODE_29936_length_2182_cov_3.352139	2182	10284	4.71	1	13
NODE_29962_length_2180_cov_3.172235	2180	9072	4.16	0	18
NODE_29969_length_2179_cov_4.384652	2179	10393	4.77	1	13
NODE_30006_length_2177_cov_2.901508	2177	9530	4.38	1	22
NODE_30008_length_2177_cov_2.447220	2177	9250	4.25	0	10
NODE_30025_length_2176_cov_3.018388	2176	8139	3.74	1	8
NODE_30026_length_2176_cov_2.984441	2176	7424	3.41	1	13
NODE_30028_length_2176_cov_2.917492	2176	7926	3.64	1	10
NODE_30045_length_2175_cov_3.683019	2175	10978	5.05	1	13
NODE_30065_length_2174_cov_3.208589	2174	8438	3.88	1	9
NODE_30094_length_2172_cov_3.688238	2172	9757	4.49	1	16
NODE_30161_length_2169_cov_2.744087	2169	7869	3.63	1	7
NODE_30186_length_2168_cov_2.421202	2168	6197	2.86	1	6
NODE_30228_length_2165_cov_2.870616	2165	15489	7.15	1	17
NODE_30257_length_2163_cov_3.650854	2163	11298	5.22	1	12
NODE_30289_length_2161_cov_3.123932	2161	7980	3.69	1	9
NODE_30348_length_2158_cov_2.508797	2158	9771	4.53	1	14
NODE_30391_length_2155_cov_3.246190	2155	9644	4.48	1	35
NODE_30394_length_2155_cov_2.838571	2155	7144	3.32	0	10
NODE_30467_length_2151_cov_2.815363	2151	8532	3.97	1	9
NODE_30481_length_2150_cov_3.562768	2150	8265	3.84	1	8
NODE_30493_length_2149_cov_4.663801	2149	10233	4.76	1	12
NODE_30581_length_2144_cov_2.625658	2144	7643	3.56	1	7
NODE_30593_length_2143_cov_3.689176	2143	11690	5.45	1	10
NODE_30604_length_2142_cov_4.176330	2142	11816	5.52	1	12
NODE_30609_length_2142_cov_3.088644	2142	9032	4.22	1	9
NODE_30708_length_2136_cov_3.009130	2136	7536	3.53	1	19
NODE_30803_length_2130_cov_2.802892	2130	6178	2.90	0	6
NODE_30825_length_2129_cov_3.138862	2129	8675	4.07	1	9
NODE_30826_length_2129_cov_3.124397	2129	9218	4.33	1	9
NODE_30830_length_2129_cov_2.993732	2129	8219	3.86	1	15
NODE_30853_length_2127_cov_2.944015	2127	9393	4.42	1	10
NODE_30866_length_2126_cov_3.095606	2126	9789	4.60	1	11
NODE_30867_length_2126_cov_3.025109	2126	8476	3.99	0	9
NODE_30868_length_2126_cov_2.924191	2126	8445	3.97	1	10
NODE_30908_length_2123_cov_3.332689	2123	8908	4.20	0	11
NODE_30922_length_2122_cov_4.647315	2122	11377	5.36	1	12
NODE_30938_length_2121_cov_4.348500	2121	9739	4.59	1	11
NODE_30941_length_2121_cov_3.586641	2121	10595	5.00	1	10
NODE_30963_length_2120_cov_2.761743	2120	18361	8.66	1	20
NODE_30993_length_2117_cov_4.291465	2117	10574	4.99	1	11
NODE_30994_length_2117_cov_3.623666	2117	7957	3.76	1	8
NODE_31098_length_2110_cov_2.155718	2110	7219	3.42	0	8
NODE_31131_length_2107_cov_3.964425	2107	11543	5.48	1	10
NODE_31137_length_2107_cov_3.273879	2107	10180	4.83	1	22
NODE_31140_length_2107_cov_2.950292	2107	7137	3.39	1	7
NODE_31143_length_2107_cov_2.126218	2107	11724	5.56	1	60
NODE_31149_length_2106_cov_3.671380	2106	8622	4.09	1	8
NODE_31154_length_2106_cov_2.749878	2106	7262	3.45	1	8
NODE_31206_length_2103_cov_3.406738	2103	7593	3.61	1	10
NODE_31301_length_2097_cov_3.185602	2097	9549	4.55	1	11
NODE_31328_length_2095_cov_3.373039	2095	8467	4.04	0	7
NODE_31329_length_2095_cov_3.220588	2095	8751	4.18	1	9
NODE_31331_length_2095_cov_3.142647	2095	8893	4.24	0	15
NODE_31367_length_2093_cov_2.676644	2093	7166	3.42	0	26
NODE_31389_length_2091_cov_3.230354	2091	7974	3.81	1	9
NODE_31400_length_2090_cov_4.314988	2090	9759	4.67	1	12
NODE_31428_length_2089_cov_3.016716	2089	6661	3.19	1	11
NODE_31449_length_2088_cov_3.427939	2088	9734	4.66	0	18
NODE_31466_length_2087_cov_3.735728	2087	8514	4.08	1	10
NODE_31473_length_2087_cov_2.813976	2087	7438	3.56	1	7
NODE_31513_length_2085_cov_3.174877	2085	7348	3.52	1	15
NODE_31514_length_2085_cov_3.087685	2085	11807	5.66	1	16
NODE_31534_length_2084_cov_3.241991	2084	8387	4.02	1	8
NODE_31588_length_2081_cov_3.235439	2081	7596	3.65	1	9
NODE_31592_length_2081_cov_2.964956	2081	8841	4.25	1	23
NODE_31605_length_2080_cov_3.262222	2080	15517	7.46	1	62
NODE_31631_length_2078_cov_4.389026	2078	9637	4.64	1	10
NODE_31654_length_2077_cov_3.263600	2077	9599	4.62	1	11
NODE_31657_length_2077_cov_2.834817	2077	6077	2.93	1	6
NODE_31660_length_2077_cov_2.174085	2077	5469	2.63	1	5
NODE_31670_length_2076_cov_3.465116	2076	8614	4.15	1	8
NODE_31673_length_2076_cov_3.102425	2076	7506	3.62	1	9
NODE_31704_length_2074_cov_2.475483	2074	9326	4.50	1	16
NODE_31778_length_2069_cov_3.548659	2069	7935	3.84	1	7
NODE_31839_length_2066_cov_2.056688	2066	6629	3.21	0	7
NODE_31903_length_2062_cov_3.555556	2062	9286	4.50	1	10
NODE_31905_length_2062_cov_3.392128	2062	9292	4.51	1	9
NODE_31908_length_2062_cov_2.801196	2062	11614	5.63	0	32
NODE_31923_length_2061_cov_3.413759	2061	8879	4.31	1	9
NODE_31979_length_2058_cov_3.651023	2058	8485	4.12	1	7
NODE_31985_length_2058_cov_3.238143	2058	8093	3.93	1	7
NODE_32052_length_2055_cov_3.141000	2055	8680	4.22	1	9
NODE_32105_length_2051_cov_6.846693	2051	16351	7.97	3	15
NODE_32109_length_2051_cov_3.726954	2051	8682	4.23	1	11
NODE_32172_length_2048_cov_3.644757	2048	8425	4.11	1	10
NODE_32180_length_2048_cov_2.491721	2048	5895	2.88	1	6
NODE_32194_length_2047_cov_3.601406	2047	8128	3.97	1	7
NODE_32221_length_2046_cov_2.927172	2046	6708	3.28	1	7
NODE_32236_length_2045_cov_3.584925	2045	12412	6.07	1	20
NODE_32291_length_2042_cov_3.426271	2042	7191	3.52	0	8
NODE_32373_length_2037_cov_3.134712	2037	7329	3.60	1	8
NODE_32466_length_2031_cov_3.175101	2031	9196	4.53	1	10
NODE_32469_length_2031_cov_2.802126	2031	7528	3.71	0	8
NODE_32508_length_2029_cov_2.568389	2029	7555	3.72	1	13
NODE_32538_length_2027_cov_3.163793	2027	6754	3.33	1	7
NODE_32570_length_2025_cov_4.234518	2025	13413	6.62	1	28
NODE_32586_length_2024_cov_3.744540	2024	9109	4.50	1	9
NODE_32611_length_2023_cov_3.561484	2023	8346	4.13	1	9
NODE_32634_length_2022_cov_3.930859	2022	10553	5.22	1	24
NODE_32644_length_2022_cov_3.158617	2022	9509	4.70	0	10
NODE_32647_length_2022_cov_2.917641	2022	8786	4.35	1	14
NODE_32676_length_2020_cov_3.234606	2020	8902	4.41	1	9
NODE_32720_length_2017_cov_3.988277	2017	10115	5.01	1	9
NODE_32835_length_2011_cov_2.047035	2011	7432	3.70	1	9
NODE_32842_length_2010_cov_3.604092	2010	9796	4.87	1	14
NODE_32849_length_2010_cov_2.793350	2010	8730	4.34	1	14
NODE_32880_length_2008_cov_2.234511	2008	6351	3.16	1	6
NODE_32918_length_2006_cov_2.426448	2006	16097	8.02	0	21
NODE_32930_length_2005_cov_2.825128	2005	7484	3.73	1	12
NODE_32984_length_2002_cov_3.171546	2002	7022	3.51	1	8
NODE_32986_length_2002_cov_2.415511	2002	5529	2.76	0	6
NODE_33012_length_2000_cov_3.689460	2000	8782	4.39	1	10
NODE_33092_length_1996_cov_1.856260	1996	4669	2.34	0	6
NODE_33099_length_1995_cov_4.815464	1995	10750	5.39	1	12
NODE_33109_length_1995_cov_2.962887	1995	9132	4.58	1	25
NODE_33120_length_1994_cov_3.387313	1994	8305	4.16	1	8
NODE_33122_length_1994_cov_3.078907	1994	11208	5.62	1	14
NODE_33145_length_1993_cov_2.342105	1993	7282	3.65	0	8
NODE_33164_length_1991_cov_5.391012	1991	12496	6.28	1	11
NODE_33195_length_1990_cov_2.486305	1990	6995	3.52	1	7
NODE_33222_length_1988_cov_3.490429	1988	9420	4.74	1	12
NODE_33245_length_1987_cov_2.213768	1987	6680	3.36	1	6
NODE_33254_length_1986_cov_4.417918	1986	12337	6.21	0	19
NODE_33277_length_1985_cov_2.884974	1985	10068	5.07	1	21
NODE_33297_length_1984_cov_3.343701	1984	6943	3.50	1	9
NODE_33319_length_1983_cov_2.066909	1983	5235	2.64	1	12
NODE_33324_length_1982_cov_3.632590	1982	7747	3.91	1	8
NODE_33334_length_1982_cov_2.549559	1982	6672	3.37	1	10
NODE_33359_length_1980_cov_3.271688	1980	9680	4.89	0	11
NODE_33367_length_1980_cov_2.421818	1980	6302	3.18	1	6
NODE_33395_length_1978_cov_3.835673	1978	8756	4.43	0	9
NODE_33401_length_1978_cov_3.388976	1978	8010	4.05	1	18
NODE_33434_length_1976_cov_3.080687	1976	8018	4.06	1	8
NODE_33514_length_1972_cov_2.693792	1972	7367	3.74	0	8
NODE_33523_length_1971_cov_3.791232	1971	10039	5.09	1	15
NODE_33540_length_1970_cov_3.710705	1970	7811	3.96	1	8
NODE_33542_length_1970_cov_3.523238	1970	7897	4.01	1	8
NODE_33585_length_1968_cov_4.049660	1968	10058	5.11	1	20
NODE_33604_length_1967_cov_2.977510	1967	7634	3.88	1	7
NODE_33661_length_1964_cov_4.005762	1964	11068	5.64	1	24
NODE_33665_length_1964_cov_3.540597	1964	8315	4.23	0	9
NODE_33710_length_1962_cov_3.291033	1962	5972	3.04	0	7
NODE_33770_length_1958_cov_4.799790	1958	11424	5.83	1	16
NODE_33778_length_1958_cov_2.815029	1958	8631	4.41	0	13
NODE_33793_length_1957_cov_3.008412	1957	8373	4.28	1	7
NODE_33796_length_1957_cov_2.850158	1957	7098	3.63	0	11
NODE_33844_length_1954_cov_3.072670	1954	7120	3.64	1	8
NODE_33855_length_1953_cov_4.958377	1953	11191	5.73	1	11
NODE_33916_length_1950_cov_4.176781	1950	8736	4.48	1	10
NODE_33940_length_1949_cov_3.664731	1949	6821	3.50	1	6
NODE_33952_length_1948_cov_4.151611	1948	7635	3.92	1	9
NODE_34007_length_1945_cov_2.919577	1945	8534	4.39	0	9
NODE_34022_length_1944_cov_2.705664	1944	6794	3.49	1	7
NODE_34023_length_1944_cov_2.641080	1944	6984	3.59	1	7
NODE_34136_length_1938_cov_3.715879	1938	8991	4.64	0	9
NODE_34149_length_1937_cov_4.268332	1937	9962	5.14	1	11
NODE_34184_length_1935_cov_4.753191	1935	10968	5.67	1	10
NODE_34225_length_1933_cov_4.814164	1933	10086	5.22	0	10
NODE_34261_length_1932_cov_2.532232	1932	9061	4.69	0	10
NODE_34298_length_1930_cov_3.169067	1930	9804	5.08	1	19
NODE_34311_length_1929_cov_4.016009	1929	7992	4.14	0	9
NODE_34320_length_1929_cov_3.342049	1929	8240	4.27	1	10
NODE_34374_length_1927_cov_2.646368	1927	10010	5.19	1	18
NODE_34390_length_1926_cov_3.121325	1926	7470	3.88	1	8
NODE_34411_length_1925_cov_2.843850	1925	8471	4.40	1	10
NODE_34413_length_1925_cov_2.509091	1925	6576	3.42	0	8
NODE_34424_length_1924_cov_3.682183	1924	9745	5.06	0	8
NODE_34445_length_1923_cov_3.925589	1923	8919	4.64	1	23
NODE_34469_length_1922_cov_4.335833	1922	9197	4.79	1	10
NODE_34482_length_1922_cov_2.530798	1922	7772	4.04	1	8
NODE_34497_length_1921_cov_3.569132	1921	8957	4.66	1	9
NODE_34499_length_1921_cov_3.452304	1921	9321	4.85	0	10
NODE_34504_length_1921_cov_3.036977	1921	6239	3.25	1	6
NODE_34531_length_1920_cov_3.115282	1920	8084	4.21	1	17
NODE_34532_length_1920_cov_3.103485	1920	10412	5.42	1	15
NODE_34563_length_1918_cov_3.551798	1918	9168	4.78	1	10
NODE_34582_length_1917_cov_3.970462	1917	10537	5.50	1	10
NODE_34593_length_1917_cov_2.583781	1917	6036	3.15	1	7
NODE_34610_length_1916_cov_3.443310	1916	16914	8.83	0	32
NODE_34661_length_1914_cov_3.402367	1914	8363	4.37	1	9
NODE_34729_length_1911_cov_3.121228	1911	7208	3.77	0	7
NODE_34807_length_1907_cov_3.684125	1907	6234	3.27	1	7
NODE_34829_length_1906_cov_3.193409	1906	7991	4.19	1	9
NODE_34858_length_1904_cov_3.784749	1904	9298	4.88	1	24
NODE_34861_length_1904_cov_3.541374	1904	9130	4.80	1	9
NODE_34907_length_1902_cov_3.224147	1902	7726	4.06	0	19
NODE_34927_length_1901_cov_2.982665	1901	7907	4.16	1	8
NODE_35046_length_1895_cov_3.242935	1895	6301	3.33	1	8
NODE_35093_length_1892_cov_4.170386	1892	8852	4.68	1	13
NODE_35098_length_1892_cov_3.646707	1892	10767	5.69	1	11
NODE_35116_length_1891_cov_3.671024	1891	7362	3.89	1	7
NODE_35123_length_1891_cov_2.674837	1891	7806	4.13	0	8
NODE_35147_length_1889_cov_6.178844	1889	12797	6.77	1	16
NODE_35199_length_1887_cov_2.219432	1887	6096	3.23	1	18
NODE_35226_length_1885_cov_3.019126	1885	5622	2.98	1	7
NODE_35260_length_1883_cov_3.079322	1883	7145	3.79	1	6
NODE_35273_length_1882_cov_3.794198	1882	8861	4.71	0	11
NODE_35295_length_1881_cov_3.600219	1881	9145	4.86	1	13
NODE_35296_length_1881_cov_3.442497	1881	10994	5.84	1	17
NODE_35316_length_1880_cov_3.359452	1880	7747	4.12	0	9
NODE_35327_length_1880_cov_2.581918	1880	6257	3.33	0	13
NODE_35329_length_1880_cov_1.943014	1880	7602	4.04	1	9
NODE_35447_length_1874_cov_3.041781	1874	8358	4.46	1	17
NODE_35473_length_1873_cov_3.054455	1873	6975	3.72	1	7
NODE_35512_length_1871_cov_3.698238	1871	9576	5.12	1	11
NODE_35557_length_1869_cov_4.766814	1869	8589	4.60	1	11
NODE_35568_length_1869_cov_3.305402	1869	8564	4.58	1	8
NODE_35576_length_1869_cov_2.248622	1869	5741	3.07	0	29
NODE_35577_length_1869_cov_2.167585	1869	4555	2.44	1	5
NODE_35641_length_1866_cov_2.701270	1866	6275	3.36	0	12
NODE_35703_length_1863_cov_2.861726	1863	8121	4.36	1	13
NODE_35721_length_1862_cov_2.933592	1862	7348	3.95	1	18
NODE_35779_length_1859_cov_2.981707	1859	7532	4.05	1	17
NODE_35793_length_1858_cov_3.086522	1858	7976	4.29	1	9
NODE_35809_length_1857_cov_3.993896	1857	10706	5.77	1	42
NODE_35833_length_1856_cov_2.852304	1856	6778	3.65	0	7
NODE_35880_length_1854_cov_3.624792	1854	11423	6.16	1	37
NODE_35884_length_1854_cov_3.090050	1854	6491	3.50	1	11
NODE_35905_length_1853_cov_3.659622	1853	8199	4.42	1	10
NODE_35909_length_1853_cov_2.983871	1853	6765	3.65	1	7
NODE_35919_length_1852_cov_4.292154	1852	8426	4.55	1	12
NODE_35934_length_1852_cov_2.932666	1852	9314	5.03	0	62
NODE_36004_length_1848_cov_2.338539	1848	5074	2.75	1	6
NODE_36047_length_1846_cov_2.385260	1846	5794	3.14	1	7
NODE_36061_length_1845_cov_2.364246	1845	6032	3.27	1	11
NODE_36062_length_1845_cov_2.240223	1845	5648	3.06	1	9
NODE_36073_length_1844_cov_3.628284	1844	7352	3.99	1	8
NODE_36080_length_1844_cov_2.808832	1844	5997	3.25	0	6
NODE_36148_length_1841_cov_2.839306	1841	6019	3.27	1	6
NODE_36160_length_1840_cov_3.347339	1840	7683	4.18	1	10
NODE_36165_length_1840_cov_2.718207	1840	11329	6.16	0	84
NODE_36202_length_1838_cov_3.779024	1838	9392	5.11	1	12
NODE_36234_length_1837_cov_3.044893	1837	9100	4.95	1	11
NODE_36236_length_1837_cov_2.776094	1837	6565	3.57	0	8
NODE_36309_length_1834_cov_1.833614	1834	10693	5.83	0	23
NODE_36334_length_1833_cov_3.123735	1833	6669	3.64	1	8
NODE_36339_length_1833_cov_1.667042	1833	4029	2.20	1	6
NODE_36354_length_1832_cov_3.427687	1832	8030	4.38	0	11
NODE_36358_length_1832_cov_2.931908	1832	5920	3.23	0	23
NODE_36388_length_1831_cov_2.851351	1831	8213	4.49	1	15
NODE_36399_length_1830_cov_5.471549	1830	15088	8.24	1	35
NODE_36495_length_1826_cov_2.816488	1826	8784	4.81	1	18
NODE_36531_length_1824_cov_4.197287	1824	6967	3.82	1	7
NODE_36575_length_1822_cov_3.789474	1822	8063	4.43	1	9
NODE_36580_length_1822_cov_2.577250	1822	5736	3.15	0	6
NODE_36596_length_1821_cov_3.369762	1821	8545	4.69	1	10
NODE_36630_length_1820_cov_2.814731	1820	5920	3.25	1	15
NODE_36635_length_1820_cov_2.285552	1820	6946	3.82	1	16
NODE_36651_length_1819_cov_2.819161	1819	8365	4.60	1	16
NODE_36676_length_1818_cov_3.425978	1818	8548	4.70	1	9
NODE_36689_length_1818_cov_2.272263	1818	5884	3.24	0	8
NODE_36701_length_1817_cov_3.919977	1817	7385	4.06	1	16
NODE_36703_length_1817_cov_3.893871	1817	7944	4.37	1	9
NODE_36714_length_1817_cov_2.140749	1817	6251	3.44	1	26
NODE_36742_length_1816_cov_2.823964	1816	7224	3.98	1	10
NODE_36778_length_1814_cov_4.273451	1814	9118	5.03	1	10
NODE_36790_length_1814_cov_2.984650	1814	6537	3.60	1	8
NODE_36810_length_1813_cov_2.931172	1813	5296	2.92	1	6
NODE_36823_length_1812_cov_3.450768	1812	7199	3.97	1	9
NODE_36847_length_1811_cov_3.579727	1811	9985	5.51	1	16
NODE_36850_length_1811_cov_3.200456	1811	8481	4.68	1	9
NODE_36870_length_1810_cov_3.448433	1810	8489	4.69	1	10
NODE_36900_length_1809_cov_3.320981	1809	7493	4.14	1	15
NODE_36933_length_1808_cov_2.635482	1808	6484	3.59	1	6
NODE_36963_length_1806_cov_3.838949	1806	8887	4.92	1	16
NODE_36965_length_1806_cov_3.787550	1806	10470	5.80	1	14
NODE_36999_length_1804_cov_6.665523	1804	14197	7.87	2	17
NODE_37006_length_1804_cov_3.915380	1804	8450	4.68	1	12
NODE_37044_length_1803_cov_3.168764	1803	7879	4.37	1	11
NODE_37078_length_1801_cov_4.061856	1801	8063	4.48	1	12
NODE_37079_length_1801_cov_3.740550	1801	7361	4.09	1	15
NODE_37088_length_1801_cov_2.983963	1801	7690	4.27	1	8
NODE_37146_length_1798_cov_3.851979	1798	7422	4.13	1	9
NODE_37156_length_1798_cov_3.065978	1798	6864	3.82	0	12
NODE_37215_length_1795_cov_2.571264	1795	6085	3.39	1	12
NODE_37273_length_1793_cov_2.613924	1793	6512	3.63	1	11
NODE_37275_length_1793_cov_2.363061	1793	5287	2.95	0	6
NODE_37289_length_1792_cov_3.131836	1792	7898	4.41	1	9
NODE_37344_length_1789_cov_3.767589	1789	7567	4.23	1	10
NODE_37383_length_1787_cov_4.256351	1787	10314	5.77	1	14
NODE_37439_length_1785_cov_4.092486	1785	7866	4.41	1	9
NODE_37445_length_1785_cov_3.224855	1785	15532	8.70	2	20
NODE_37542_length_1782_cov_3.149392	1782	7170	4.02	1	9
NODE_37612_length_1779_cov_2.817865	1779	6027	3.39	1	9
NODE_37666_length_1776_cov_3.677513	1776	7375	4.15	0	9
NODE_37724_length_1774_cov_2.368237	1774	6750	3.80	1	7
NODE_37750_length_1773_cov_3.096624	1773	7396	4.17	0	10
NODE_37811_length_1770_cov_5.524781	1770	10600	5.99	1	17
NODE_37864_length_1768_cov_3.494454	1768	8765	4.96	1	17
NODE_37872_length_1768_cov_3.264448	1768	7687	4.35	1	8
NODE_37881_length_1768_cov_2.768243	1768	14658	8.29	1	108
NODE_37882_length_1768_cov_2.582020	1768	7329	4.15	1	13
NODE_37907_length_1767_cov_2.995327	1767	5795	3.28	1	10
NODE_37912_length_1767_cov_2.755257	1767	6103	3.45	0	12
NODE_37922_length_1766_cov_3.760959	1766	9209	5.21	0	11
NODE_37965_length_1764_cov_4.438853	1764	10269	5.82	1	12
NODE_37979_length_1764_cov_2.670568	1764	7150	4.05	1	23
NODE_38059_length_1761_cov_2.685229	1761	8507	4.83	1	14
NODE_38075_length_1760_cov_3.330792	1760	5898	3.35	1	7
NODE_38081_length_1760_cov_2.811144	1760	7162	4.07	0	7
NODE_38093_length_1759_cov_3.623826	1759	7052	4.01	1	12
NODE_38094_length_1759_cov_3.559859	1759	7748	4.40	1	9
NODE_38100_length_1759_cov_2.737089	1759	9477	5.39	1	24
NODE_38115_length_1758_cov_3.523782	1758	6514	3.71	0	9
NODE_38121_length_1758_cov_3.091603	1758	5468	3.11	1	6
NODE_38143_length_1757_cov_3.072268	1757	7760	4.42	1	15
NODE_38167_length_1756_cov_3.790711	1756	7978	4.54	0	8
NODE_38207_length_1755_cov_3.683529	1755	29770	16.96	0	409
NODE_38209_length_1755_cov_3.459412	1755	7655	4.36	1	27
NODE_38260_length_1753_cov_3.510601	1753	6249	3.56	1	7
NODE_38274_length_1752_cov_4.357690	1752	9028	5.15	1	9
NODE_38278_length_1752_cov_3.512669	1752	8689	4.96	1	11
NODE_38290_length_1752_cov_1.829699	1752	4378	2.50	1	5
NODE_38303_length_1751_cov_3.673349	1751	8016	4.58	1	8
NODE_38364_length_1748_cov_3.528057	1748	7673	4.39	1	8
NODE_38386_length_1747_cov_3.861111	1747	7798	4.46	1	8
NODE_38390_length_1747_cov_3.630024	1747	41750	23.90	0	156
NODE_38469_length_1744_cov_3.431024	1744	7925	4.54	1	9
NODE_38499_length_1743_cov_2.780213	1743	5977	3.43	1	7
NODE_38526_length_1742_cov_2.975104	1742	8023	4.61	1	8
NODE_38586_length_1739_cov_4.200713	1739	10089	5.80	1	15
NODE_38593_length_1739_cov_3.232779	1739	6433	3.70	1	9
NODE_38626_length_1737_cov_4.769322	1737	10362	5.97	1	10
NODE_38662_length_1736_cov_3.227841	1736	7440	4.29	1	10
NODE_38686_length_1735_cov_3.156548	1735	7023	4.05	1	15
NODE_38690_length_1735_cov_2.617262	1735	8611	4.96	2	11
NODE_38718_length_1734_cov_2.914235	1734	6579	3.79	1	8
NODE_38763_length_1732_cov_3.566488	1732	6479	3.74	1	9
NODE_38836_length_1730_cov_2.660896	1730	6659	3.85	0	11
NODE_38839_length_1730_cov_2.337910	1730	5817	3.36	1	7
NODE_38851_length_1729_cov_3.626643	1729	9086	5.26	1	25
NODE_38858_length_1729_cov_2.895460	1729	8223	4.76	1	9
NODE_38860_length_1729_cov_2.750299	1729	4563	2.64	1	6
NODE_38868_length_1728_cov_3.991632	1728	7986	4.62	1	8
NODE_38872_length_1728_cov_3.448894	1728	7132	4.13	1	8
NODE_38907_length_1727_cov_2.548445	1727	4971	2.88	1	6
NODE_38923_length_1726_cov_3.008378	1726	5707	3.31	1	11
NODE_38943_length_1725_cov_3.070659	1725	6927	4.02	1	26
NODE_38987_length_1723_cov_3.481415	1723	6541	3.80	1	9
NODE_38991_length_1723_cov_2.848321	1723	6119	3.55	1	7
NODE_38992_length_1723_cov_2.724221	1723	6439	3.74	1	8
NODE_39013_length_1722_cov_3.160768	1722	9547	5.54	1	42
NODE_39057_length_1720_cov_4.162763	1720	9585	5.57	1	10
NODE_39064_length_1720_cov_3.088288	1720	6738	3.92	1	9
NODE_39122_length_1718_cov_2.567649	1718	6600	3.84	1	8
NODE_39169_length_1716_cov_2.504515	1716	7875	4.59	1	13
NODE_39184_length_1715_cov_4.525301	1715	6923	4.04	1	8
NODE_39201_length_1715_cov_2.634337	1715	6268	3.65	1	8
NODE_39234_length_1714_cov_2.052441	1714	6128	3.58	0	8
NODE_39298_length_1711_cov_2.521135	1711	6010	3.51	0	7
NODE_39356_length_1709_cov_2.357316	1709	5527	3.23	0	7
NODE_39381_length_1708_cov_3.104658	1708	8222	4.81	1	17
NODE_39402_length_1707_cov_3.677966	1707	9436	5.53	1	15
NODE_39406_length_1707_cov_3.292978	1707	7008	4.11	1	12
NODE_39416_length_1706_cov_4.883707	1706	9906	5.81	1	13
NODE_39429_length_1706_cov_3.337371	1706	7394	4.33	1	10
NODE_39434_length_1706_cov_2.987886	1706	6132	3.59	1	7
NODE_39435_length_1706_cov_2.903695	1706	5465	3.20	1	7
NODE_39452_length_1705_cov_3.900000	1705	7738	4.54	0	9
NODE_39472_length_1705_cov_2.501212	1705	5542	3.25	1	10
NODE_39474_length_1705_cov_1.904242	1705	4899	2.87	1	6
NODE_39497_length_1704_cov_2.568830	1704	6299	3.70	1	9
NODE_39512_length_1703_cov_4.103762	1703	7486	4.40	1	10
NODE_39520_length_1703_cov_2.850728	1703	7500	4.40	0	11
NODE_39535_length_1702_cov_3.414086	1702	9749	5.73	1	20
NODE_39545_length_1702_cov_2.315118	1702	7435	4.37	1	11
NODE_39567_length_1701_cov_3.284326	1701	6545	3.85	1	8
NODE_39597_length_1700_cov_2.666261	1700	11214	6.60	0	94
NODE_39612_length_1699_cov_3.865572	1699	7806	4.59	1	10
NODE_39627_length_1699_cov_2.369830	1699	6627	3.90	0	10
NODE_39645_length_1698_cov_3.567255	1698	8100	4.77	1	9
NODE_39650_length_1698_cov_3.191722	1698	6721	3.96	1	8
NODE_39667_length_1697_cov_4.173569	1697	7809	4.60	1	15
NODE_39678_length_1697_cov_3.170524	1697	7108	4.19	0	8
NODE_39683_length_1697_cov_2.721681	1697	10263	6.05	2	15
NODE_39707_length_1696_cov_2.523461	1696	5957	3.51	1	8
NODE_39717_length_1695_cov_4.306098	1695	12019	7.09	1	16
NODE_39723_length_1695_cov_3.268902	1695	6158	3.63	1	8
NODE_39783_length_1693_cov_2.346764	1693	6857	4.05	1	37
NODE_39798_length_1692_cov_3.893097	1692	7009	4.14	1	8
NODE_39809_length_1691_cov_4.128973	1691	6229	3.68	1	10
NODE_39841_length_1690_cov_3.037309	1690	6432	3.81	1	8
NODE_39845_length_1690_cov_2.625076	1690	6071	3.59	1	13
NODE_39848_length_1690_cov_1.757798	1690	4923	2.91	1	21
NODE_39875_length_1689_cov_2.868421	1689	6284	3.72	1	7
NODE_39879_length_1689_cov_2.223378	1689	4854	2.87	1	10
NODE_39900_length_1688_cov_2.921617	1688	6778	4.02	1	10
NODE_39909_length_1688_cov_2.038579	1688	5882	3.48	1	6
NODE_39927_length_1687_cov_3.245098	1687	6970	4.13	1	11
NODE_39940_length_1686_cov_3.954629	1686	6412	3.80	1	12
NODE_39946_length_1686_cov_3.468424	1686	7073	4.20	1	8
NODE_39947_length_1686_cov_2.997548	1686	11274	6.69	0	17
NODE_39948_length_1686_cov_2.980380	1686	8064	4.78	1	17
NODE_39970_length_1685_cov_3.131902	1685	7318	4.34	1	9
NODE_40000_length_1684_cov_3.093923	1684	7369	4.38	1	8
NODE_40059_length_1682_cov_3.391518	1682	7036	4.18	1	11
NODE_40123_length_1680_cov_3.206769	1680	6509	3.87	1	9
NODE_40150_length_1679_cov_3.613916	1679	7798	4.64	2	9
NODE_40163_length_1679_cov_2.772167	1679	6555	3.90	1	12
NODE_40192_length_1678_cov_3.001232	1678	5498	3.28	1	6
NODE_40229_length_1676_cov_3.697101	1676	6906	4.12	1	10
NODE_40264_length_1675_cov_3.012346	1675	4430	2.64	1	6
NODE_40269_length_1675_cov_2.675926	1675	6727	4.02	1	8
NODE_40272_length_1675_cov_2.440123	1675	14370	8.58	1	81
NODE_40300_length_1674_cov_2.869673	1674	6502	3.88	1	28
NODE_40301_length_1674_cov_2.853613	1674	6496	3.88	1	8
NODE_40304_length_1674_cov_2.638048	1674	6109	3.65	1	8
NODE_40330_length_1672_cov_4.211503	1672	7242	4.33	1	16
NODE_40345_length_1672_cov_2.729746	1672	6579	3.93	1	14
NODE_40385_length_1670_cov_3.672446	1670	7249	4.34	1	8
NODE_40388_length_1670_cov_3.497214	1670	7744	4.64	1	9
NODE_40447_length_1668_cov_3.421575	1668	6324	3.79	1	7
NODE_40544_length_1663_cov_8.517413	1663	19716	11.86	3	28
NODE_40557_length_1663_cov_3.879353	1663	6603	3.97	1	10
NODE_40671_length_1659_cov_2.612219	1659	7199	4.34	1	9
NODE_40705_length_1658_cov_3.050530	1658	6447	3.89	1	9
NODE_40726_length_1657_cov_3.444444	1657	6088	3.67	1	8
NODE_40744_length_1656_cov_4.540287	1656	8017	4.84	1	10
NODE_40796_length_1655_cov_2.207500	1655	5768	3.49	1	8
NODE_40816_length_1654_cov_2.384615	1654	4570	2.76	1	6
NODE_40829_length_1653_cov_4.491239	1653	8014	4.85	1	11
NODE_40870_length_1652_cov_2.581716	1652	6396	3.87	1	16
NODE_40899_length_1651_cov_2.694862	1651	5721	3.47	0	13
NODE_40958_length_1649_cov_2.818068	1649	7109	4.31	1	10
NODE_40984_length_1648_cov_2.898305	1648	5182	3.14	1	6
NODE_41017_length_1647_cov_2.340452	1647	7315	4.44	1	9
NODE_41028_length_1646_cov_4.299811	1646	6891	4.19	1	8
NODE_41035_length_1646_cov_3.698303	1646	7107	4.32	1	9
NODE_41038_length_1646_cov_3.569453	1646	7229	4.39	1	9
NODE_41048_length_1646_cov_3.069139	1646	5921	3.60	1	7
NODE_41054_length_1646_cov_2.162162	1646	8810	5.35	1	20
NODE_41096_length_1644_cov_3.829452	1644	7240	4.40	1	15
NODE_41138_length_1643_cov_3.327456	1643	7628	4.64	1	11
NODE_41144_length_1643_cov_2.874055	1643	6340	3.86	0	8
NODE_41147_length_1643_cov_2.653652	1643	3493	2.13	1	5
NODE_41171_length_1642_cov_3.468809	1642	6960	4.24	1	10
NODE_41177_length_1642_cov_3.002520	1642	7596	4.63	1	12
NODE_41192_length_1641_cov_4.607188	1641	8025	4.89	1	19
NODE_41200_length_1641_cov_3.667087	1641	7154	4.36	1	8
NODE_41202_length_1641_cov_3.480454	1641	8198	5.00	0	24
NODE_41209_length_1641_cov_3.032156	1641	5435	3.31	1	18
NODE_41231_length_1640_cov_3.327445	1640	6003	3.66	1	7
NODE_41326_length_1637_cov_2.067004	1637	4177	2.55	0	10
NODE_41338_length_1636_cov_4.338393	1636	7084	4.33	1	8
NODE_41351_length_1636_cov_2.653384	1636	6778	4.14	1	9
NODE_41405_length_1634_cov_3.246992	1634	6201	3.79	1	12
NODE_41406_length_1634_cov_3.214693	1634	8073	4.94	1	8
NODE_41425_length_1634_cov_1.568714	1634	4294	2.63	1	12
NODE_41443_length_1633_cov_3.235741	1633	7591	4.65	1	8
NODE_41453_length_1633_cov_2.577313	1633	5597	3.43	1	10
NODE_41470_length_1632_cov_4.056436	1632	6673	4.09	0	26
NODE_41533_length_1630_cov_3.116825	1630	7640	4.69	1	13
NODE_41534_length_1630_cov_3.072381	1630	5764	3.54	1	8
NODE_41553_length_1629_cov_3.465057	1629	5162	3.17	1	6
NODE_41594_length_1628_cov_2.973299	1628	7129	4.38	1	16
NODE_41623_length_1626_cov_4.760662	1626	9405	5.78	1	15
NODE_41651_length_1625_cov_3.426752	1625	8077	4.97	1	10
NODE_41705_length_1623_cov_3.718750	1623	7959	4.90	0	22
NODE_41730_length_1622_cov_3.441608	1622	6597	4.07	0	10
NODE_41748_length_1622_cov_2.216975	1622	4765	2.94	1	7
NODE_41783_length_1620_cov_3.738658	1620	7157	4.42	1	10
NODE_41786_length_1620_cov_3.506709	1620	7520	4.64	1	11
NODE_41828_length_1618_cov_3.840051	1618	7853	4.85	1	10
NODE_41847_length_1618_cov_2.641075	1618	4655	2.88	1	5
NODE_41867_length_1617_cov_2.548015	1617	4333	2.68	1	6
NODE_41887_length_1616_cov_3.384369	1616	6694	4.14	1	9
NODE_41888_length_1616_cov_3.381807	1616	6958	4.31	1	8
NODE_41912_length_1615_cov_3.666026	1615	7634	4.73	1	8
NODE_41916_length_1615_cov_3.450641	1615	6774	4.19	1	8
NODE_41917_length_1615_cov_3.385897	1615	8077	5.00	1	9
NODE_41970_length_1613_cov_3.921053	1613	7204	4.47	1	9
NODE_42002_length_1612_cov_3.541426	1612	7300	4.53	1	10
NODE_42019_length_1611_cov_5.442802	1611	9748	6.05	1	14
NODE_42024_length_1611_cov_3.501928	1611	6882	4.27	1	9
NODE_42033_length_1611_cov_3.005784	1611	7680	4.77	1	9
NODE_42047_length_1610_cov_4.544695	1610	28220	17.53	4	31
NODE_42057_length_1610_cov_3.291318	1610	6684	4.15	0	26
NODE_42063_length_1610_cov_2.952412	1610	6021	3.74	1	21
NODE_42072_length_1609_cov_4.464607	1609	11291	7.02	1	19
NODE_42086_length_1609_cov_3.608752	1609	7939	4.93	1	13
NODE_42118_length_1608_cov_3.118480	1608	6239	3.88	1	10
NODE_42125_length_1608_cov_2.660657	1608	5234	3.25	1	13
NODE_42156_length_1607_cov_2.655284	1607	5419	3.37	1	6
NODE_42179_length_1606_cov_3.611863	1606	5971	3.72	1	8
NODE_42188_length_1606_cov_2.974210	1606	6189	3.85	1	15
NODE_42215_length_1605_cov_3.245806	1605	6405	3.99	1	9
NODE_42272_length_1603_cov_3.380491	1603	6530	4.07	1	8
NODE_42336_length_1601_cov_3.644890	1601	7749	4.84	1	13
NODE_42371_length_1600_cov_3.124272	1600	6882	4.30	1	8
NODE_42380_length_1600_cov_2.142395	1600	5910	3.69	1	9
NODE_42397_length_1599_cov_3.738342	1599	6726	4.21	1	8
NODE_42411_length_1599_cov_2.579663	1599	5187	3.24	0	6
NODE_42573_length_1593_cov_3.654096	1593	8322	5.22	1	13
NODE_42585_length_1593_cov_2.596879	1593	6585	4.13	1	10
NODE_42598_length_1592_cov_4.418347	1592	10031	6.30	1	14
NODE_42621_length_1591_cov_4.077474	1591	9557	6.01	1	16
NODE_42646_length_1590_cov_4.269707	1590	6244	3.93	1	8
NODE_42659_length_1590_cov_3.002606	1590	6454	4.06	1	8
NODE_42664_length_1590_cov_2.399349	1590	5475	3.44	1	10
NODE_42694_length_1589_cov_2.526076	1589	4804	3.02	1	6
NODE_42710_length_1588_cov_2.598826	1588	6248	3.93	1	9
NODE_42729_length_1587_cov_3.513055	1587	8580	5.41	1	14
NODE_42754_length_1586_cov_3.962769	1586	5965	3.76	1	7
NODE_42777_length_1586_cov_2.448073	1586	5701	3.59	1	9
NODE_42797_length_1585_cov_3.008497	1585	7289	4.60	0	8
NODE_42823_length_1584_cov_2.424460	1584	5502	3.47	0	8
NODE_42837_length_1583_cov_4.311518	1583	8827	5.58	1	24
NODE_42839_length_1583_cov_3.524869	1583	5970	3.77	1	8
NODE_42856_length_1583_cov_2.328534	1583	5273	3.33	1	9
NODE_42949_length_1580_cov_2.698361	1580	8270	5.23	1	15
NODE_42975_length_1579_cov_3.277559	1579	8149	5.16	0	10
NODE_42977_length_1579_cov_2.961942	1579	5846	3.70	1	8
NODE_42978_length_1579_cov_2.856955	1579	5839	3.70	1	9
NODE_43016_length_1578_cov_2.155614	1578	4168	2.64	1	6
NODE_43054_length_1576_cov_4.061144	1576	8068	5.12	1	14
NODE_43059_length_1576_cov_3.616042	1576	5926	3.76	1	8
NODE_43084_length_1575_cov_3.611184	1575	7613	4.83	1	8
NODE_43107_length_1574_cov_3.924951	1574	6064	3.85	1	14
NODE_43123_length_1574_cov_2.720869	1574	5429	3.45	1	10
NODE_43154_length_1573_cov_2.704216	1573	4873	3.10	1	7
NODE_43180_length_1572_cov_3.632169	1572	6100	3.88	1	9
NODE_43190_length_1572_cov_2.702044	1572	6291	4.00	1	10
NODE_43231_length_1571_cov_2.839710	1571	5692	3.62	1	7
NODE_43235_length_1571_cov_2.693272	1571	6271	3.99	1	23
NODE_43265_length_1570_cov_2.542574	1570	5381	3.43	1	14
NODE_43271_length_1569_cov_4.965654	1569	13867	8.84	1	20
NODE_43290_length_1569_cov_2.630119	1569	5390	3.44	1	17
NODE_43339_length_1567_cov_3.578704	1567	6971	4.45	1	9
NODE_43345_length_1567_cov_3.298280	1567	6552	4.18	1	10
NODE_43430_length_1564_cov_5.404241	1564	17312	11.07	1	21
NODE_43433_length_1564_cov_3.903247	1564	9067	5.80	1	30
NODE_43447_length_1564_cov_2.259775	1564	3646	2.33	0	4
NODE_43451_length_1564_cov_2.043075	1564	4012	2.57	0	5
NODE_43464_length_1563_cov_4.102785	1563	7262	4.65	1	12
NODE_43487_length_1563_cov_2.330902	1563	4224	2.70	1	10
NODE_43507_length_1562_cov_3.753816	1562	6975	4.47	1	18
NODE_43512_length_1562_cov_3.491042	1562	6990	4.48	1	10
NODE_43586_length_1560_cov_3.586711	1560	6499	4.17	1	8
NODE_43612_length_1559_cov_4.462101	1559	8396	5.39	1	19
NODE_43619_length_1559_cov_3.904255	1559	6577	4.22	1	9
NODE_43717_length_1556_cov_3.359094	1556	8541	5.49	1	14
NODE_43727_length_1556_cov_2.297801	1556	4772	3.07	1	9
NODE_43808_length_1553_cov_3.309746	1553	7782	5.01	1	16
NODE_43814_length_1553_cov_2.792390	1553	6502	4.19	1	9
NODE_43850_length_1552_cov_3.334669	1552	7097	4.57	1	10
NODE_43902_length_1551_cov_2.385027	1551	5756	3.71	1	12
NODE_43921_length_1550_cov_3.620067	1550	7627	4.92	1	11
NODE_43930_length_1550_cov_2.860870	1550	6990	4.51	0	13
NODE_43936_length_1550_cov_2.484950	1550	7318	4.72	1	9
NODE_43965_length_1549_cov_2.068273	1549	5097	3.29	1	7
NODE_44001_length_1547_cov_4.378016	1547	6772	4.38	1	15
NODE_44018_length_1547_cov_2.569705	1547	6129	3.96	1	8
NODE_44032_length_1546_cov_4.361502	1546	10357	6.70	1	17
NODE_44049_length_1546_cov_2.646546	1546	5310	3.43	1	6
NODE_44056_length_1546_cov_1.864520	1546	4341	2.81	1	10
NODE_44070_length_1545_cov_3.491946	1545	5701	3.69	1	13
NODE_44071_length_1545_cov_3.418792	1545	9407	6.09	1	17
NODE_44095_length_1544_cov_4.827401	1544	17587	11.39	1	25
NODE_44106_length_1544_cov_3.505709	1544	8096	5.24	0	15
NODE_44133_length_1543_cov_3.808468	1543	7256	4.70	1	11
NODE_44135_length_1543_cov_3.715054	1543	6079	3.94	1	10
NODE_44146_length_1543_cov_2.759409	1543	6267	4.06	1	21
NODE_44147_length_1543_cov_2.696237	1543	5225	3.39	1	7
NODE_44228_length_1540_cov_2.722559	1540	5353	3.48	1	11
NODE_44251_length_1539_cov_3.299865	1539	6130	3.98	1	9
NODE_44271_length_1538_cov_3.898854	1538	7679	4.99	1	12
NODE_44299_length_1537_cov_4.864372	1537	10263	6.68	1	45
NODE_44343_length_1536_cov_3.921675	1536	6732	4.38	1	8
NODE_44373_length_1535_cov_4.246622	1535	6843	4.46	1	9
NODE_44390_length_1535_cov_2.881081	1535	5156	3.36	0	9
NODE_44416_length_1534_cov_3.584855	1534	7241	4.72	1	10
NODE_44430_length_1534_cov_2.711291	1534	5136	3.35	1	6
NODE_44559_length_1530_cov_2.709153	1530	5975	3.91	1	7
NODE_44599_length_1529_cov_2.421981	1529	5384	3.52	1	11
NODE_44629_length_1528_cov_2.458248	1528	5265	3.45	1	7
NODE_44658_length_1527_cov_3.112772	1527	5741	3.76	0	7
NODE_44664_length_1527_cov_2.862772	1527	6055	3.97	0	8
NODE_44694_length_1526_cov_3.092454	1526	6059	3.97	0	9
NODE_44697_length_1526_cov_2.770224	1526	6599	4.32	0	12
NODE_44702_length_1526_cov_2.424201	1526	4660	3.05	1	6
NODE_44736_length_1525_cov_2.678912	1525	4681	3.07	1	7
NODE_44738_length_1525_cov_2.538095	1525	6660	4.37	1	16
NODE_44759_length_1524_cov_4.083050	1524	7831	5.14	1	11
NODE_44768_length_1524_cov_3.147720	1524	6493	4.26	0	13
NODE_44775_length_1524_cov_2.246426	1524	5791	3.80	1	8
NODE_44787_length_1523_cov_4.705722	1523	9302	6.11	1	34
NODE_44828_length_1522_cov_4.492843	1522	8188	5.38	1	11
NODE_44840_length_1522_cov_3.525562	1522	6917	4.54	1	9
NODE_44879_length_1521_cov_3.272851	1521	7309	4.81	1	10
NODE_44916_length_1520_cov_3.445734	1520	6350	4.18	1	9
NODE_44925_length_1520_cov_2.707167	1520	4879	3.21	1	6
NODE_44984_length_1518_cov_3.494874	1518	14490	9.55	0	29
NODE_45000_length_1518_cov_2.262474	1518	4608	3.04	0	6
NODE_45035_length_1517_cov_2.859097	1517	5785	3.81	1	8
NODE_45085_length_1515_cov_4.393151	1515	7973	5.26	1	12
NODE_45094_length_1515_cov_3.683562	1515	7091	4.68	1	32
NODE_45120_length_1514_cov_4.942426	1514	8592	5.68	1	21
NODE_45145_length_1514_cov_2.379027	1514	3934	2.60	0	5
NODE_45148_length_1514_cov_1.694311	1514	5197	3.43	1	9
NODE_45173_length_1513_cov_2.879287	1513	5095	3.37	1	9
NODE_45201_length_1512_cov_3.050789	1512	5702	3.77	1	14
NODE_45224_length_1511_cov_3.423077	1511	6846	4.53	1	10
NODE_45265_length_1510_cov_2.219931	1510	4101	2.72	0	6
NODE_45286_length_1509_cov_3.378267	1509	6906	4.58	0	10
NODE_45291_length_1509_cov_2.899587	1509	5907	3.91	1	8
NODE_45296_length_1509_cov_2.501376	1509	3752	2.49	1	7
NODE_45358_length_1507_cov_1.905647	1507	8494	5.64	1	20
NODE_45381_length_1506_cov_2.607167	1506	5322	3.53	1	7
NODE_45395_length_1505_cov_4.966897	1505	8094	5.38	2	16
NODE_45400_length_1505_cov_3.773793	1505	6231	4.14	1	9
NODE_45421_length_1505_cov_2.537241	1505	6597	4.38	1	22
NODE_45462_length_1504_cov_2.131815	1504	5461	3.63	1	10
NODE_45471_length_1503_cov_4.247238	1503	7280	4.84	1	20
NODE_45493_length_1503_cov_2.182320	1503	6006	4.00	1	18
NODE_45505_length_1502_cov_5.456116	1502	9486	6.32	1	11
NODE_45529_length_1502_cov_2.888735	1502	4649	3.10	0	6
NODE_45579_length_1500_cov_4.099654	1500	7260	4.84	1	11
NODE_45634_length_1499_cov_2.590720	1499	5878	3.92	1	11
NODE_45657_length_1498_cov_3.805960	1498	9252	6.18	1	18
NODE_45660_length_1498_cov_3.614692	1498	5973	3.99	1	7
NODE_45674_length_1498_cov_2.887734	1498	5828	3.89	0	8
NODE_45680_length_1498_cov_2.101871	1498	4387	2.93	0	13
NODE_45759_length_1496_cov_2.473282	1496	5151	3.44	1	7
NODE_45789_length_1495_cov_3.438194	1495	4855	3.25	1	6
NODE_45817_length_1494_cov_3.824183	1494	7713	5.16	1	9
NODE_45832_length_1494_cov_2.597637	1494	6370	4.26	1	13
NODE_45864_length_1493_cov_3.118915	1493	6984	4.68	1	10
NODE_45870_length_1493_cov_2.779555	1493	5881	3.94	1	7
NODE_45874_length_1493_cov_2.651599	1493	4138	2.77	1	7
NODE_45879_length_1493_cov_2.306676	1493	5721	3.83	1	9
NODE_45903_length_1492_cov_2.819763	1492	11008	7.38	1	23
NODE_45925_length_1491_cov_3.548747	1491	5800	3.89	0	9
NODE_45953_length_1490_cov_3.526132	1490	6804	4.57	1	11
NODE_45961_length_1490_cov_3.021603	1490	6949	4.66	1	31
NODE_45963_length_1490_cov_2.721951	1490	7263	4.87	1	12
NODE_45967_length_1490_cov_2.519861	1490	4386	2.94	0	6
NODE_45983_length_1489_cov_3.943515	1489	6310	4.24	1	8
NODE_45995_length_1489_cov_3.216179	1489	6289	4.22	1	7
NODE_46000_length_1489_cov_2.963738	1489	4732	3.18	1	7
NODE_46002_length_1489_cov_2.917713	1489	5338	3.58	1	8
NODE_46006_length_1489_cov_2.727336	1489	5948	3.99	1	12
NODE_46030_length_1488_cov_3.821354	1488	7910	5.32	1	9
NODE_46034_length_1488_cov_3.453594	1488	5285	3.55	1	8
NODE_46035_length_1488_cov_3.431961	1488	6464	4.34	0	20
NODE_46044_length_1488_cov_2.900209	1488	6104	4.10	0	7
NODE_46066_length_1487_cov_3.807263	1487	6757	4.54	0	9
NODE_46080_length_1487_cov_2.712989	1487	5703	3.84	1	9
NODE_46100_length_1486_cov_3.796646	1486	7674	5.16	1	14
NODE_46117_length_1486_cov_1.890287	1486	5015	3.37	1	8
NODE_46133_length_1485_cov_3.549650	1485	5716	3.85	1	8
NODE_46138_length_1485_cov_3.252448	1485	5443	3.67	0	7
NODE_46148_length_1485_cov_1.869930	1485	5422	3.65	1	8
NODE_46163_length_1484_cov_3.930721	1484	7113	4.79	1	9
NODE_46208_length_1483_cov_3.458683	1483	6348	4.28	1	7
NODE_46217_length_1483_cov_3.189076	1483	8520	5.75	1	14
NODE_46244_length_1482_cov_3.441486	1482	8134	5.49	1	11
NODE_46253_length_1482_cov_2.860547	1482	4858	3.28	0	12
NODE_46276_length_1481_cov_3.555400	1481	5631	3.80	1	8
NODE_46283_length_1481_cov_3.174614	1481	5971	4.03	1	9
NODE_46305_length_1480_cov_4.129123	1480	8225	5.56	1	10
NODE_46311_length_1480_cov_3.445614	1480	6745	4.56	1	11
NODE_46329_length_1480_cov_2.190175	1480	4799	3.24	1	7
NODE_46330_length_1480_cov_2.115088	1480	4660	3.15	1	44
NODE_46348_length_1479_cov_4.191011	1479	6610	4.47	1	9
NODE_46352_length_1479_cov_3.974017	1479	6654	4.50	1	11
NODE_46374_length_1479_cov_2.572331	1479	4941	3.34	1	8
NODE_46375_length_1479_cov_2.528090	1479	5378	3.64	1	7
NODE_46404_length_1478_cov_3.626845	1478	7472	5.06	1	9
NODE_46418_length_1478_cov_2.881940	1478	8088	5.47	1	11
NODE_46419_length_1478_cov_2.737175	1478	8000	5.41	1	19
NODE_46426_length_1478_cov_2.182713	1478	3842	2.60	1	6
NODE_46458_length_1477_cov_2.390295	1477	3389	2.29	1	5
NODE_46482_length_1476_cov_3.278677	1476	6185	4.19	1	8
NODE_46485_length_1476_cov_2.986629	1476	5166	3.50	1	9
NODE_46520_length_1475_cov_2.726761	1475	6394	4.33	1	21
NODE_46554_length_1474_cov_3.705426	1474	6010	4.08	1	9
NODE_46623_length_1472_cov_3.081863	1472	5073	3.45	1	7
NODE_46628_length_1472_cov_2.816514	1472	6387	4.34	1	8
NODE_46658_length_1471_cov_3.603814	1471	5492	3.73	1	8
NODE_46680_length_1470_cov_5.310954	1470	8443	5.74	1	10
NODE_46688_length_1470_cov_3.793640	1470	6277	4.27	1	8
NODE_46700_length_1470_cov_2.722261	1470	5484	3.73	1	8
NODE_46701_length_1470_cov_2.244523	1470	4687	3.19	1	7
NODE_46724_length_1469_cov_3.760962	1469	6087	4.14	1	14
NODE_46761_length_1468_cov_2.936306	1468	6760	4.60	2	9
NODE_46771_length_1468_cov_1.797594	1468	3621	2.47	1	5
NODE_46794_length_1467_cov_3.133144	1467	5511	3.76	0	11
NODE_46810_length_1467_cov_2.143059	1467	4587	3.13	1	6
NODE_46839_length_1466_cov_2.161588	1466	3379	2.30	1	5
NODE_46857_length_1465_cov_4.207801	1465	6479	4.42	1	9
NODE_46862_length_1465_cov_3.553901	1465	7009	4.78	1	12
NODE_46902_length_1464_cov_3.282470	1464	3615	2.47	1	5
NODE_46947_length_1463_cov_2.756392	1463	6071	4.15	1	10
NODE_46950_length_1463_cov_2.551136	1463	12193	8.33	1	57
NODE_46953_length_1463_cov_2.149858	1463	3862	2.64	0	6
NODE_46972_length_1462_cov_3.469083	1462	6250	4.27	1	15
NODE_46978_length_1462_cov_3.104478	1462	7003	4.79	1	12
NODE_46982_length_1462_cov_2.779673	1462	5264	3.60	1	9
NODE_47025_length_1461_cov_1.960171	1461	5648	3.87	0	11
NODE_47094_length_1458_cov_4.468282	1458	7215	4.95	1	8
NODE_47106_length_1458_cov_3.037063	1458	6333	4.34	1	10
NODE_47127_length_1457_cov_3.296719	1457	5362	3.68	1	9
NODE_47146_length_1456_cov_3.950036	1456	8054	5.53	1	9
NODE_47148_length_1456_cov_3.643826	1456	6873	4.72	1	9
NODE_47167_length_1456_cov_2.295503	1456	4625	3.18	0	25
NODE_47188_length_1455_cov_3.354286	1455	6600	4.54	1	13
NODE_47189_length_1455_cov_3.176429	1455	5831	4.01	1	9
NODE_47198_length_1455_cov_2.276429	1455	4762	3.27	1	15
NODE_47205_length_1454_cov_6.624017	1454	10573	7.27	1	15
NODE_47212_length_1454_cov_4.155111	1454	6914	4.76	1	12
NODE_47219_length_1454_cov_3.781272	1454	7491	5.15	1	12
NODE_47220_length_1454_cov_3.651894	1454	5648	3.88	1	11
NODE_47228_length_1454_cov_3.235883	1454	13401	9.22	1	20
NODE_47229_length_1454_cov_3.202287	1454	8093	5.57	1	12
NODE_47239_length_1454_cov_2.471766	1454	5065	3.48	1	8
NODE_47279_length_1453_cov_2.620887	1453	5009	3.45	1	7
NODE_47292_length_1452_cov_4.421618	1452	6857	4.72	1	10
NODE_47299_length_1452_cov_3.453114	1452	6381	4.39	1	11
NODE_47316_length_1452_cov_2.389406	1452	5250	3.62	1	8
NODE_47325_length_1451_cov_4.715616	1451	7670	5.29	1	11
NODE_47328_length_1451_cov_4.125358	1451	6957	4.79	0	10
NODE_47332_length_1451_cov_3.207736	1451	7796	5.37	2	22
NODE_47333_length_1451_cov_3.153295	1451	6399	4.41	1	8
NODE_47334_length_1451_cov_3.153295	1451	5738	3.95	1	8
NODE_47340_length_1451_cov_2.817335	1451	5709	3.93	1	7
NODE_47402_length_1449_cov_2.663558	1449	5530	3.82	1	11
NODE_47456_length_1447_cov_3.980603	1447	6099	4.21	1	8
NODE_47460_length_1447_cov_3.561063	1447	9185	6.35	1	14
NODE_47483_length_1446_cov_4.266715	1446	7419	5.13	1	15
NODE_47501_length_1446_cov_2.499641	1446	4369	3.02	0	6
NODE_47509_length_1446_cov_1.952552	1446	5056	3.50	0	32
NODE_47528_length_1445_cov_3.833094	1445	5142	3.56	1	8
NODE_47541_length_1445_cov_2.493525	1445	5763	3.99	1	7
NODE_47559_length_1444_cov_3.284377	1444	7394	5.12	1	13
NODE_47567_length_1444_cov_2.957523	1444	6055	4.19	1	17
NODE_47593_length_1443_cov_3.496398	1443	6734	4.67	1	11
NODE_47675_length_1441_cov_2.299423	1441	7745	5.37	1	29
NODE_47695_length_1440_cov_3.800722	1440	6723	4.67	1	18
NODE_47728_length_1439_cov_4.180636	1439	5915	4.11	1	9
NODE_47731_length_1439_cov_3.587428	1439	4872	3.39	1	9
NODE_47736_length_1439_cov_3.458815	1439	6205	4.31	1	9
NODE_47750_length_1439_cov_2.650289	1439	5034	3.50	0	8
NODE_47754_length_1439_cov_1.910405	1439	4493	3.12	1	6
NODE_47770_length_1438_cov_4.198120	1438	7885	5.48	1	10
NODE_47783_length_1438_cov_2.540853	1438	7739	5.38	0	45
NODE_47808_length_1437_cov_3.858177	1437	6819	4.75	1	9
NODE_47826_length_1437_cov_2.552098	1437	4827	3.36	1	6
NODE_47843_length_1436_cov_4.110789	1436	5304	3.69	1	7
NODE_47847_length_1436_cov_3.397538	1436	6794	4.73	1	9
NODE_47860_length_1436_cov_2.414193	1436	7859	5.47	1	13
NODE_47882_length_1435_cov_3.736957	1435	5017	3.50	1	8
NODE_47930_length_1434_cov_3.071791	1434	6139	4.28	1	11
NODE_47935_length_1434_cov_2.918057	1434	7271	5.07	1	10
NODE_47943_length_1434_cov_2.565627	1434	5157	3.60	1	8
NODE_47955_length_1433_cov_4.642235	1433	7406	5.17	1	10
NODE_47967_length_1433_cov_3.230044	1433	6352	4.43	0	9
NODE_48047_length_1431_cov_3.098110	1431	5960	4.16	1	7
NODE_48050_length_1431_cov_2.965116	1431	6828	4.77	1	18
NODE_48070_length_1430_cov_4.016000	1430	6354	4.44	1	8
NODE_48078_length_1430_cov_3.282909	1430	4152	2.90	1	7
NODE_48090_length_1430_cov_2.606545	1430	5097	3.56	1	8
NODE_48144_length_1428_cov_3.579024	1428	5889	4.12	1	11
NODE_48145_length_1428_cov_3.560816	1428	6438	4.51	1	11
NODE_48149_length_1428_cov_3.188638	1428	12440	8.71	0	17
NODE_48150_length_1428_cov_3.143481	1428	5222	3.66	1	9
NODE_48190_length_1427_cov_2.548834	1427	5037	3.53	1	7
NODE_48208_length_1426_cov_4.592268	1426	7462	5.23	1	10
NODE_48230_length_1426_cov_2.912473	1426	6734	4.72	0	18
NODE_48235_length_1426_cov_2.256018	1426	4031	2.83	0	8
NODE_48246_length_1425_cov_4.277372	1425	7348	5.16	1	9
NODE_48256_length_1425_cov_3.294161	1425	6268	4.40	1	13
NODE_48272_length_1425_cov_2.343066	1425	10935	7.67	0	37
NODE_48274_length_1425_cov_2.189781	1425	3763	2.64	1	5
NODE_48287_length_1424_cov_3.837107	1424	12603	8.85	1	19
NODE_48302_length_1424_cov_2.932798	1424	6332	4.45	1	8
NODE_48337_length_1423_cov_2.350877	1423	4515	3.17	0	9
NODE_48360_length_1422_cov_3.550110	1422	6085	4.28	1	11
NODE_48372_length_1422_cov_2.938552	1422	5564	3.91	1	8
NODE_48379_length_1422_cov_1.864667	1422	5166	3.63	1	10
NODE_48447_length_1420_cov_3.506960	1420	6203	4.37	1	10
NODE_48457_length_1420_cov_2.864469	1420	4060	2.86	1	7
NODE_48470_length_1420_cov_2.125275	1420	3716	2.62	1	14
NODE_48520_length_1418_cov_3.238445	1418	5877	4.14	1	13
NODE_48548_length_1417_cov_3.550661	1417	7933	5.60	1	19
NODE_48555_length_1417_cov_3.117474	1417	6928	4.89	1	9
NODE_48579_length_1416_cov_3.880235	1416	5880	4.15	1	13
NODE_48580_length_1416_cov_3.769287	1416	6473	4.57	1	8
NODE_48599_length_1416_cov_2.233652	1416	4034	2.85	1	5
NODE_48611_length_1415_cov_3.862500	1415	7459	5.27	1	11
NODE_48619_length_1415_cov_3.187500	1415	6223	4.40	1	10
NODE_48653_length_1414_cov_4.233996	1414	6182	4.37	1	7
NODE_48664_length_1414_cov_3.071376	1414	7960	5.63	1	17
NODE_48667_length_1414_cov_2.748344	1414	6167	4.36	1	10
NODE_48668_length_1414_cov_2.671082	1414	5257	3.72	1	13
NODE_48672_length_1414_cov_2.444444	1414	5097	3.60	1	14
NODE_48677_length_1414_cov_2.089772	1414	8906	6.30	1	15
NODE_48708_length_1413_cov_3.101620	1413	4976	3.52	1	6
NODE_48710_length_1413_cov_3.005155	1413	5271	3.73	1	9
NODE_48711_length_1413_cov_2.944035	1413	5929	4.20	2	9
NODE_48714_length_1413_cov_2.784978	1413	6480	4.59	1	19
NODE_48741_length_1412_cov_3.496684	1412	5528	3.92	1	6
NODE_48751_length_1412_cov_2.938836	1412	5106	3.62	0	7
NODE_48758_length_1412_cov_2.712601	1412	4753	3.37	1	7
NODE_48789_length_1411_cov_2.908555	1411	5010	3.55	1	9
NODE_48818_length_1410_cov_3.365314	1410	6141	4.36	1	10
NODE_48877_length_1409_cov_2.223781	1409	4231	3.00	0	6
NODE_48898_length_1408_cov_3.803400	1408	6215	4.41	1	8
NODE_48937_length_1407_cov_4.480030	1407	7307	5.19	1	10
NODE_48949_length_1407_cov_3.454142	1407	7362	5.23	1	10
NODE_48952_length_1407_cov_3.242604	1407	4022	2.86	0	6
NODE_48957_length_1407_cov_3.107988	1407	6264	4.45	1	11
NODE_48968_length_1407_cov_2.329882	1407	5189	3.69	1	9
NODE_48988_length_1406_cov_3.843819	1406	10069	7.16	1	21
NODE_49046_length_1405_cov_2.407407	1405	5743	4.09	0	22
NODE_49049_length_1405_cov_2.196296	1405	4017	2.86	1	7
NODE_49066_length_1404_cov_3.753892	1404	6063	4.32	1	8
NODE_49080_length_1404_cov_2.607858	1404	3403	2.42	1	5
NODE_49084_length_1404_cov_2.109711	1404	5314	3.78	1	14
NODE_49098_length_1403_cov_4.030415	1403	6456	4.60	1	8
NODE_49104_length_1403_cov_3.143175	1403	7561	5.39	1	13
NODE_49110_length_1403_cov_2.643917	1403	4689	3.34	0	7
NODE_49140_length_1402_cov_2.968820	1402	5114	3.65	1	7
NODE_49142_length_1402_cov_2.933927	1402	7011	5.00	1	16
NODE_49189_length_1401_cov_2.833581	1401	4631	3.31	0	9
NODE_49196_length_1401_cov_2.266716	1401	4691	3.35	1	6
NODE_49220_length_1400_cov_2.956877	1400	5178	3.70	1	8
NODE_49246_length_1399_cov_3.866071	1399	7421	5.30	1	9
NODE_49260_length_1399_cov_2.709077	1399	4294	3.07	1	6
NODE_49264_length_1399_cov_2.294643	1399	5997	4.29	2	10
NODE_49265_length_1399_cov_2.285714	1399	4785	3.42	1	7
NODE_49300_length_1398_cov_2.912882	1398	5908	4.23	1	8
NODE_49304_length_1398_cov_2.481013	1398	5565	3.98	1	22
NODE_49332_length_1397_cov_3.003726	1397	5060	3.62	1	7
NODE_49340_length_1397_cov_2.447839	1397	4703	3.37	1	25
NODE_49373_length_1396_cov_3.040268	1396	6067	4.35	1	11
NODE_49400_length_1395_cov_4.077612	1395	7575	5.43	1	13
NODE_49513_length_1393_cov_2.872945	1393	5246	3.77	1	10
NODE_49547_length_1392_cov_3.584892	1392	6313	4.54	1	8
NODE_49552_length_1392_cov_3.286462	1392	5520	3.97	0	7
NODE_49566_length_1392_cov_2.566941	1392	5429	3.90	1	16
NODE_49585_length_1391_cov_4.183383	1391	6910	4.97	1	9
NODE_49589_length_1391_cov_4.024701	1391	6831	4.91	1	10
NODE_49603_length_1391_cov_2.894461	1391	5879	4.23	1	9
NODE_49659_length_1390_cov_2.620974	1390	5035	3.62	1	8
NODE_49684_length_1389_cov_3.428036	1389	4209	3.03	1	7
NODE_49699_length_1389_cov_2.500000	1389	3848	2.77	1	5
NODE_49700_length_1389_cov_2.481259	1389	4801	3.46	1	8
NODE_49728_length_1388_cov_3.438110	1388	7418	5.34	1	11
NODE_49734_length_1388_cov_3.202551	1388	5919	4.26	1	10
NODE_49735_length_1388_cov_3.190548	1388	6842	4.93	1	12
NODE_49744_length_1388_cov_2.907727	1388	5345	3.85	1	9
NODE_49794_length_1387_cov_2.476727	1387	6321	4.56	1	19
NODE_49800_length_1387_cov_2.260511	1387	3810	2.75	1	8
NODE_49825_length_1386_cov_3.708490	1386	5122	3.70	1	7
NODE_49834_length_1386_cov_3.038317	1386	5406	3.90	1	10
NODE_49839_length_1386_cov_2.752817	1386	5835	4.21	1	16
NODE_49871_length_1385_cov_2.906015	1385	4796	3.46	1	6
NODE_49881_length_1385_cov_2.592481	1385	4109	2.97	0	6
NODE_49882_length_1385_cov_2.471429	1385	4878	3.52	0	16
NODE_49884_length_1385_cov_2.355639	1385	3409	2.46	1	6
NODE_49906_length_1384_cov_2.671181	1384	5348	3.86	1	8
NODE_49909_length_1384_cov_2.534989	1384	6137	4.43	1	12
NODE_49926_length_1383_cov_3.667922	1383	6432	4.65	1	10
NODE_49931_length_1383_cov_3.128012	1383	5633	4.07	1	8
NODE_49932_length_1383_cov_3.103163	1383	6888	4.98	1	9
NODE_49937_length_1383_cov_2.769578	1383	4078	2.95	1	15
NODE_49961_length_1382_cov_3.843255	1382	5791	4.19	0	9
NODE_49964_length_1382_cov_3.654861	1382	7127	5.16	1	21
NODE_49973_length_1382_cov_2.933685	1382	5842	4.23	1	9
NODE_49988_length_1382_cov_1.960060	1382	3674	2.66	1	6
NODE_50011_length_1381_cov_3.441931	1381	5293	3.83	1	9
NODE_50030_length_1381_cov_2.592760	1381	7154	5.18	1	32
NODE_50070_length_1380_cov_2.292075	1380	4210	3.05	1	6
NODE_50101_length_1379_cov_2.506798	1379	5269	3.82	1	9
NODE_50121_length_1378_cov_3.458050	1378	5298	3.84	1	9
NODE_50131_length_1378_cov_2.833711	1378	4902	3.56	1	8
NODE_50139_length_1378_cov_2.235828	1378	5179	3.76	1	7
NODE_50157_length_1377_cov_4.823752	1377	6929	5.03	0	9
NODE_50204_length_1376_cov_4.243755	1376	7114	5.17	1	11
NODE_50212_length_1376_cov_3.264951	1376	6047	4.39	1	9
NODE_50277_length_1374_cov_4.130402	1374	6481	4.72	1	11
NODE_50278_length_1374_cov_3.742987	1374	4535	3.30	1	9
NODE_50283_length_1374_cov_3.326005	1374	6997	5.09	1	20
NODE_50315_length_1373_cov_3.766313	1373	12845	9.36	1	25
NODE_50331_length_1373_cov_2.890744	1373	5767	4.20	1	12
NODE_50338_length_1373_cov_2.607739	1373	6846	4.99	1	15
NODE_50355_length_1372_cov_5.202733	1372	6628	4.83	1	9
NODE_50362_length_1372_cov_4.309036	1372	6185	4.51	1	7
NODE_50374_length_1372_cov_3.246014	1372	5870	4.28	1	9
NODE_50376_length_1372_cov_3.130600	1372	5058	3.69	1	7
NODE_50386_length_1372_cov_2.284738	1372	3780	2.76	1	11
NODE_50403_length_1371_cov_3.417173	1371	10459	7.63	1	110
NODE_50416_length_1371_cov_2.860942	1371	4777	3.48	1	6
NODE_50418_length_1371_cov_2.815350	1371	6171	4.50	1	11
NODE_50442_length_1370_cov_4.523194	1370	9409	6.87	1	13
NODE_50454_length_1370_cov_3.304943	1370	5633	4.11	0	9
NODE_50471_length_1370_cov_1.928517	1370	4403	3.21	1	7
NODE_50493_length_1369_cov_2.946728	1369	4238	3.10	1	6
NODE_50498_length_1369_cov_2.684932	1369	5682	4.15	1	15
NODE_50523_length_1368_cov_3.899467	1368	7029	5.14	1	77
NODE_50524_length_1368_cov_3.811120	1368	6508	4.76	1	10
NODE_50527_length_1368_cov_3.541508	1368	6741	4.93	1	11
NODE_50553_length_1367_cov_4.219512	1367	7401	5.41	2	12
NODE_50573_length_1367_cov_2.419207	1367	3601	2.63	1	6
NODE_50628_length_1365_cov_3.527481	1365	6373	4.67	1	8
NODE_50638_length_1365_cov_2.672519	1365	13921	10.20	2	21
NODE_50648_length_1365_cov_2.089313	1365	4705	3.45	1	8
NODE_50663_length_1364_cov_4.180290	1364	6599	4.84	2	8
NODE_50716_length_1363_cov_3.509939	1363	6065	4.45	1	9
NODE_50718_length_1363_cov_3.438073	1363	4301	3.16	0	7
NODE_50719_length_1363_cov_3.438073	1363	5961	4.37	1	9
NODE_50722_length_1363_cov_3.198012	1363	4220	3.10	1	7
NODE_50765_length_1362_cov_3.317521	1362	6408	4.70	1	13
NODE_50767_length_1362_cov_3.229533	1362	5158	3.79	0	8
NODE_50771_length_1362_cov_3.000765	1362	5578	4.10	1	9
NODE_50827_length_1361_cov_2.129403	1361	3472	2.55	1	6
NODE_50843_length_1360_cov_3.979310	1360	5661	4.16	0	7
NODE_50852_length_1360_cov_3.048276	1360	6110	4.49	1	8
NODE_50860_length_1360_cov_2.637548	1360	5026	3.70	1	13
NODE_50862_length_1360_cov_2.446743	1360	4504	3.31	1	9
NODE_50889_length_1359_cov_3.210123	1359	8048	5.92	1	14
NODE_50915_length_1358_cov_4.164236	1358	5973	4.40	1	10
NODE_50980_length_1357_cov_2.748080	1357	6190	4.56	1	16
NODE_51011_length_1356_cov_3.926211	1356	5980	4.41	0	14
NODE_51067_length_1355_cov_2.692308	1355	6118	4.52	1	8
NODE_51071_length_1355_cov_2.553077	1355	5530	4.08	1	8
NODE_51093_length_1354_cov_4.450346	1354	9517	7.03	1	56
NODE_51149_length_1353_cov_3.781972	1353	6508	4.81	1	12
NODE_51151_length_1353_cov_3.616333	1353	7228	5.34	1	13
NODE_51189_length_1352_cov_4.723207	1352	8425	6.23	1	15
NODE_51201_length_1352_cov_3.188897	1352	5234	3.87	1	8
NODE_51203_length_1352_cov_3.146492	1352	6495	4.80	1	9
NODE_51216_length_1352_cov_2.227448	1352	4619	3.42	1	8
NODE_51234_length_1351_cov_3.827160	1351	6754	5.00	1	11
NODE_51235_length_1351_cov_3.381944	1351	5129	3.80	1	7
NODE_51239_length_1351_cov_3.297840	1351	5804	4.30	1	8
NODE_51243_length_1351_cov_2.814815	1351	5235	3.87	0	19
NODE_51247_length_1351_cov_2.694444	1351	4122	3.05	0	7
NODE_51257_length_1351_cov_2.279321	1351	5177	3.83	1	7
NODE_51279_length_1350_cov_3.388417	1350	7436	5.51	0	30
NODE_51298_length_1350_cov_2.555212	1350	4482	3.32	1	7
NODE_51333_length_1349_cov_3.173107	1349	5390	4.00	0	14
NODE_51334_length_1349_cov_3.156878	1349	4518	3.35	0	6
NODE_51345_length_1349_cov_2.690108	1349	4596	3.41	1	9
NODE_51361_length_1348_cov_3.840681	1348	6632	4.92	1	8
NODE_51396_length_1347_cov_4.452012	1347	6565	4.87	1	10
NODE_51400_length_1347_cov_3.890867	1347	5983	4.44	1	11
NODE_51403_length_1347_cov_3.703560	1347	6096	4.53	1	9
NODE_51414_length_1347_cov_3.020124	1347	5836	4.33	1	18
NODE_51439_length_1346_cov_3.831913	1346	7801	5.80	1	15
NODE_51503_length_1345_cov_2.151163	1345	4843	3.60	1	24
NODE_51544_length_1344_cov_2.790535	1344	5516	4.10	1	7
NODE_51548_length_1344_cov_2.006206	1344	5293	3.94	1	10
NODE_51549_length_1344_cov_1.726920	1344	4358	3.24	0	7
NODE_51589_length_1343_cov_2.722050	1343	6158	4.59	1	23
NODE_51610_length_1342_cov_5.188034	1342	7096	5.29	2	10
NODE_51614_length_1342_cov_3.981352	1342	4744	3.54	1	8
NODE_51623_length_1342_cov_3.174825	1342	6938	5.17	0	15
NODE_51646_length_1341_cov_3.958787	1341	5797	4.32	0	8
NODE_51659_length_1341_cov_2.766719	1341	4771	3.56	1	8
NODE_51663_length_1341_cov_2.475117	1341	4738	3.53	0	8
NODE_51667_length_1341_cov_2.339036	1341	6316	4.71	1	13
NODE_51676_length_1341_cov_1.944012	1341	4967	3.70	1	9
NODE_51712_length_1340_cov_2.171206	1340	2822	2.11	1	4
NODE_51801_length_1338_cov_2.180047	1338	4255	3.18	1	6
NODE_51849_length_1337_cov_2.384555	1337	4874	3.65	1	11
NODE_51862_length_1336_cov_4.554254	1336	6130	4.59	0	10
NODE_51870_length_1336_cov_3.565183	1336	6622	4.96	1	10
NODE_51875_length_1336_cov_3.330991	1336	5473	4.10	1	14
NODE_51883_length_1336_cov_3.132709	1336	5415	4.05	1	7
NODE_51893_length_1336_cov_2.344262	1336	3865	2.89	1	6
NODE_51898_length_1336_cov_2.037471	1336	3826	2.86	1	6
NODE_51927_length_1335_cov_3.107031	1335	5883	4.41	0	8
NODE_51951_length_1334_cov_4.225958	1334	5761	4.32	0	9
NODE_51959_length_1334_cov_3.522283	1334	5454	4.09	1	8
NODE_51976_length_1334_cov_2.562158	1334	3737	2.80	1	5
NODE_51977_length_1334_cov_2.552776	1334	5605	4.20	1	12
NODE_51981_length_1334_cov_2.365129	1334	8815	6.61	1	19
NODE_52019_length_1333_cov_2.680751	1333	4123	3.09	1	6
NODE_52057_length_1332_cov_2.930305	1332	3505	2.63	0	6
NODE_52058_length_1332_cov_2.927956	1332	4919	3.69	1	6
NODE_52063_length_1332_cov_2.584965	1332	4677	3.51	1	7
NODE_52069_length_1332_cov_1.903681	1332	3812	2.86	1	15
NODE_52089_length_1331_cov_3.413009	1331	5129	3.85	1	7
NODE_52090_length_1331_cov_3.404389	1331	6350	4.77	1	10
NODE_52098_length_1331_cov_2.789969	1331	5006	3.76	1	15
NODE_52112_length_1331_cov_2.208464	1331	4491	3.37	1	7
NODE_52126_length_1330_cov_3.512157	1330	5750	4.32	1	13
NODE_52131_length_1330_cov_3.041569	1330	4623	3.48	1	7
NODE_52134_length_1330_cov_2.954510	1330	5678	4.27	1	10
NODE_52137_length_1330_cov_2.716078	1330	6360	4.78	1	8
NODE_52140_length_1330_cov_2.382745	1330	4886	3.67	1	7
NODE_52150_length_1329_cov_4.319466	1329	6615	4.98	1	14
NODE_52153_length_1329_cov_3.897174	1329	6363	4.79	1	13
NODE_52189_length_1328_cov_4.504321	1328	4920	3.70	1	7
NODE_52194_length_1328_cov_4.004713	1328	6318	4.76	1	9
NODE_52199_length_1328_cov_3.463472	1328	5232	3.94	1	8
NODE_52206_length_1328_cov_3.139042	1328	7574	5.70	1	12
NODE_52217_length_1328_cov_2.349568	1328	3797	2.86	1	6
NODE_52258_length_1327_cov_2.836478	1327	4347	3.28	0	6
NODE_52265_length_1327_cov_2.046384	1327	4501	3.39	0	7
NODE_52305_length_1326_cov_3.298977	1326	5358	4.04	1	9
NODE_52307_length_1326_cov_3.239969	1326	5056	3.81	1	7
NODE_52309_length_1326_cov_3.133753	1326	4089	3.08	1	7
NODE_52331_length_1325_cov_4.525197	1325	7551	5.70	1	12
NODE_52337_length_1325_cov_3.556693	1325	5351	4.04	1	8
NODE_52352_length_1325_cov_2.592126	1325	3485	2.63	1	5
NODE_52389_length_1324_cov_3.468873	1324	8805	6.65	1	17
NODE_52397_length_1324_cov_2.886525	1324	4572	3.45	1	6
NODE_52399_length_1324_cov_2.723404	1324	4012	3.03	1	6
NODE_52505_length_1321_cov_5.123223	1321	8706	6.59	1	14
NODE_52527_length_1321_cov_2.935229	1321	5402	4.09	1	22
NODE_52528_length_1321_cov_2.890995	1321	5475	4.14	1	16
NODE_52534_length_1321_cov_2.434439	1321	4167	3.15	1	6
NODE_52577_length_1320_cov_2.362055	1320	4905	3.72	1	8
NODE_52578_length_1320_cov_2.328063	1320	3440	2.61	1	7
NODE_52626_length_1319_cov_2.505538	1319	4591	3.48	1	28
NODE_52633_length_1319_cov_2.048259	1319	3462	2.62	1	6
NODE_52653_length_1318_cov_3.634996	1318	6316	4.79	1	20
NODE_52656_length_1318_cov_3.424386	1318	5655	4.29	1	9
NODE_52659_length_1318_cov_3.190024	1318	5088	3.86	1	8
NODE_52663_length_1318_cov_3.114806	1318	4500	3.41	1	8
NODE_52702_length_1317_cov_3.103803	1317	5181	3.93	0	8
NODE_52717_length_1317_cov_2.395404	1317	3899	2.96	1	6
NODE_52720_length_1317_cov_2.238510	1317	4277	3.25	1	11
NODE_52735_length_1316_cov_3.807296	1316	6524	4.96	1	11
NODE_52800_length_1315_cov_3.040476	1315	5515	4.19	1	7
NODE_52802_length_1315_cov_2.915873	1315	6449	4.90	0	10
NODE_52804_length_1315_cov_2.846825	1315	4956	3.77	1	8
NODE_52837_length_1314_cov_3.640191	1314	5530	4.21	1	9
NODE_52848_length_1314_cov_2.922955	1314	4574	3.48	1	6
NODE_52856_length_1314_cov_2.160445	1314	4598	3.50	1	7
NODE_52881_length_1313_cov_3.503180	1313	4548	3.46	1	9
NODE_52882_length_1313_cov_3.373609	1313	4084	3.11	1	6
NODE_52905_length_1313_cov_2.372019	1313	4702	3.58	0	15
NODE_52909_length_1313_cov_2.231320	1313	4402	3.35	1	6
NODE_52922_length_1312_cov_5.428003	1312	6899	5.26	1	14
NODE_52925_length_1312_cov_4.943516	1312	7288	5.55	1	13
NODE_52937_length_1312_cov_3.702466	1312	5852	4.46	1	11
NODE_52961_length_1312_cov_2.422434	1312	4699	3.58	0	20
NODE_52985_length_1311_cov_3.948248	1311	5582	4.26	1	10
NODE_52995_length_1311_cov_3.061306	1311	5218	3.98	1	12
NODE_53028_length_1310_cov_4.076494	1310	6382	4.87	1	8
NODE_53034_length_1310_cov_3.478088	1310	8176	6.24	1	18
NODE_53056_length_1310_cov_2.086056	1310	4199	3.21	1	6
NODE_53071_length_1309_cov_4.252791	1309	5709	4.36	1	9
NODE_53073_length_1309_cov_4.114833	1309	5560	4.25	1	8
NODE_53078_length_1309_cov_3.480861	1309	5372	4.10	1	7
NODE_53093_length_1309_cov_2.874003	1309	4147	3.17	1	7
NODE_53096_length_1309_cov_2.806220	1309	3671	2.80	1	6
NODE_53137_length_1308_cov_3.132482	1308	5481	4.19	1	7
NODE_53148_length_1308_cov_2.653631	1308	4791	3.66	0	8
NODE_53156_length_1308_cov_2.447725	1308	3665	2.80	1	5
NODE_53162_length_1308_cov_2.093376	1308	3798	2.90	1	6
NODE_53212_length_1307_cov_2.156550	1307	3460	2.65	1	5
NODE_53230_length_1306_cov_3.546763	1306	5874	4.50	2	8
NODE_53247_length_1306_cov_2.604317	1306	3751	2.87	1	7
NODE_53269_length_1305_cov_3.927200	1305	5978	4.58	1	8
NODE_53330_length_1304_cov_2.777422	1304	4432	3.40	1	8
NODE_53333_length_1304_cov_2.631705	1304	3171	2.43	1	5
NODE_53365_length_1303_cov_3.860577	1303	8022	6.16	2	12
NODE_53366_length_1303_cov_3.684295	1303	8460	6.49	1	15
NODE_53372_length_1303_cov_3.310897	1303	4328	3.32	1	8
NODE_53387_length_1303_cov_2.432692	1303	3721	2.86	1	6
NODE_53404_length_1302_cov_4.554130	1302	6301	4.84	1	9
NODE_53413_length_1302_cov_3.789094	1302	6629	5.09	1	9
NODE_53427_length_1302_cov_2.947875	1302	5471	4.20	1	24
NODE_53468_length_1301_cov_3.583467	1301	4918	3.78	1	8
NODE_53470_length_1301_cov_3.548957	1301	7375	5.67	1	13
NODE_53485_length_1301_cov_2.753612	1301	4677	3.59	1	9
NODE_53495_length_1301_cov_2.067416	1301	5456	4.19	1	8
NODE_53498_length_1301_cov_1.918941	1301	4090	3.14	1	7
NODE_53499_length_1301_cov_1.719101	1301	3996	3.07	0	6
NODE_53520_length_1300_cov_3.677912	1300	5721	4.40	1	12
NODE_53525_length_1300_cov_3.316466	1300	5004	3.85	1	8
NODE_53547_length_1299_cov_5.029743	1299	6475	4.98	1	10
NODE_53604_length_1298_cov_3.804505	1298	6663	5.13	1	19
NODE_53612_length_1298_cov_3.320193	1298	9083	7.00	1	22
NODE_53673_length_1297_cov_3.305153	1297	5840	4.50	0	27
NODE_53686_length_1297_cov_2.404187	1297	4237	3.27	1	6
NODE_53715_length_1296_cov_2.918614	1296	3219	2.48	0	8
NODE_53725_length_1296_cov_2.294923	1296	3852	2.97	1	5
NODE_53764_length_1295_cov_2.645161	1295	4127	3.19	1	7
NODE_53791_length_1294_cov_3.194512	1294	5237	4.05	1	10
NODE_53827_length_1293_cov_3.460420	1293	9076	7.02	2	11
NODE_53849_length_1293_cov_2.418417	1293	4618	3.57	1	6
NODE_53878_length_1292_cov_3.887631	1292	5939	4.60	1	9
NODE_53908_length_1292_cov_2.187551	1292	5277	4.08	1	13
NODE_53937_length_1291_cov_2.628641	1291	5539	4.29	1	10
NODE_53941_length_1291_cov_2.237864	1291	6042	4.68	0	12
NODE_53943_length_1291_cov_2.220874	1291	3795	2.94	1	6
NODE_53990_length_1290_cov_1.793522	1290	4034	3.13	1	6
NODE_53991_length_1290_cov_1.692308	1290	3032	2.35	1	11
NODE_54009_length_1289_cov_3.658023	1289	5673	4.40	1	13
NODE_54016_length_1289_cov_3.308752	1289	4034	3.13	0	11
NODE_54029_length_1289_cov_2.050243	1289	4914	3.81	1	9
NODE_54058_length_1288_cov_2.665856	1288	4006	3.11	1	6
NODE_54061_length_1288_cov_2.178427	1288	3307	2.57	1	5
NODE_54100_length_1287_cov_3.067370	1287	4070	3.16	1	7
NODE_54113_length_1287_cov_2.282468	1287	4250	3.30	1	7
NODE_54126_length_1286_cov_4.832656	1286	8387	6.52	1	17
NODE_54130_length_1286_cov_4.229082	1286	7889	6.13	2	14
NODE_54137_length_1286_cov_3.578392	1286	5182	4.03	1	9
NODE_54144_length_1286_cov_3.066613	1286	8676	6.75	1	13
NODE_54148_length_1286_cov_2.901706	1286	6191	4.81	1	9
NODE_54156_length_1286_cov_2.455727	1286	4996	3.88	1	7
NODE_54197_length_1285_cov_2.943902	1285	5672	4.41	1	17
NODE_54207_length_1285_cov_2.317886	1285	5132	3.99	0	7
NODE_54212_length_1285_cov_2.021138	1285	3013	2.34	1	9
NODE_54253_length_1284_cov_3.017901	1284	3812	2.97	1	6
NODE_54283_length_1283_cov_4.148208	1283	6168	4.81	1	8
NODE_54295_length_1283_cov_3.210912	1283	6581	5.13	1	17
NODE_54296_length_1283_cov_3.123779	1283	7275	5.67	1	16
NODE_54306_length_1283_cov_2.916124	1283	7987	6.23	1	17
NODE_54339_length_1282_cov_3.737571	1282	7352	5.73	0	12
NODE_54347_length_1282_cov_3.344743	1282	5494	4.29	1	9
NODE_54348_length_1282_cov_3.336593	1282	4055	3.16	1	9
NODE_54351_length_1282_cov_3.198859	1282	4806	3.75	0	26
NODE_54353_length_1282_cov_3.019560	1282	4641	3.62	1	6
NODE_54372_length_1282_cov_1.464548	1282	3801	2.96	0	12
NODE_54384_length_1281_cov_4.393148	1281	5808	4.53	0	8
NODE_54388_length_1281_cov_3.699837	1281	4724	3.69	0	7
NODE_54402_length_1281_cov_2.875204	1281	6288	4.91	1	11
NODE_54410_length_1281_cov_2.623980	1281	4789	3.74	1	13
NODE_54419_length_1281_cov_2.090538	1281	4015	3.13	1	8
NODE_54496_length_1279_cov_2.821895	1279	6710	5.25	1	21
NODE_54502_length_1279_cov_2.727941	1279	5867	4.59	1	13
NODE_54505_length_1279_cov_2.600490	1279	4503	3.52	1	7
NODE_54521_length_1278_cov_4.541292	1278	6467	5.06	1	9
NODE_54581_length_1277_cov_2.843699	1277	3752	2.94	0	15
NODE_54597_length_1277_cov_1.847791	1277	2571	2.01	1	4
NODE_54611_length_1276_cov_4.081900	1276	9884	7.75	1	17
NODE_54618_length_1276_cov_3.241605	1276	7361	5.77	1	16
NODE_54636_length_1276_cov_2.211302	1276	3884	3.04	1	7
NODE_54660_length_1275_cov_3.890984	1275	6445	5.05	1	10
NODE_54661_length_1275_cov_3.840984	1275	6196	4.86	1	11
NODE_54668_length_1275_cov_3.370492	1275	5490	4.31	1	12
NODE_54711_length_1274_cov_2.983593	1274	5998	4.71	1	14
NODE_54714_length_1274_cov_2.958162	1274	8215	6.45	1	26
NODE_54734_length_1274_cov_1.801477	1274	5697	4.47	0	14
NODE_54763_length_1273_cov_2.478654	1273	5616	4.41	1	9
NODE_54767_length_1273_cov_2.370279	1273	4681	3.68	0	9
NODE_54795_length_1272_cov_3.304848	1272	5812	4.57	1	14
NODE_54796_length_1272_cov_3.275267	1272	5717	4.49	1	10
NODE_54804_length_1272_cov_2.847987	1272	8206	6.45	1	21
NODE_54809_length_1272_cov_2.529992	1272	5539	4.35	1	8
NODE_54832_length_1271_cov_4.363487	1271	6409	5.04	2	10
NODE_54840_length_1271_cov_3.780428	1271	5100	4.01	0	12
NODE_54921_length_1270_cov_2.469959	1270	4653	3.66	1	8
NODE_54923_length_1270_cov_2.243621	1270	4208	3.31	1	7
NODE_54945_length_1269_cov_4.313839	1269	6495	5.12	0	10
NODE_54949_length_1269_cov_3.880560	1269	5932	4.67	1	9
NODE_54972_length_1269_cov_2.227348	1269	4412	3.48	1	7
NODE_54999_length_1268_cov_3.292663	1268	4608	3.63	1	8
NODE_55004_length_1268_cov_3.164056	1268	8320	6.56	1	19
NODE_55017_length_1268_cov_2.246496	1268	4617	3.64	1	7
NODE_55031_length_1267_cov_4.473597	1267	6486	5.12	1	10
NODE_55103_length_1266_cov_3.300578	1266	4089	3.23	1	7
NODE_55117_length_1266_cov_2.532618	1266	3831	3.03	1	7
NODE_55127_length_1265_cov_7.084298	1265	16509	13.05	1	42
NODE_55145_length_1265_cov_3.250413	1265	5280	4.17	1	9
NODE_55146_length_1265_cov_3.167769	1265	7194	5.69	1	20
NODE_55182_length_1264_cov_3.492969	1264	7592	6.01	1	12
NODE_55184_length_1264_cov_3.274607	1264	7437	5.88	1	11
NODE_55188_length_1264_cov_3.098428	1264	7163	5.67	1	10
NODE_55198_length_1264_cov_2.900744	1264	4796	3.79	1	8
NODE_55211_length_1264_cov_1.648470	1264	2986	2.36	0	6
NODE_55217_length_1263_cov_7.274834	1263	10089	7.99	2	14
NODE_55224_length_1263_cov_4.538907	1263	6821	5.40	1	19
NODE_55233_length_1263_cov_3.629139	1263	7023	5.56	1	11
NODE_55238_length_1263_cov_3.315397	1263	4187	3.32	1	6
NODE_55243_length_1263_cov_2.940397	1263	6685	5.29	1	20
NODE_55250_length_1263_cov_2.743377	1263	4806	3.81	1	7
NODE_55254_length_1263_cov_2.448675	1263	3929	3.11	1	17
NODE_55278_length_1262_cov_3.725766	1262	5961	4.72	1	9
NODE_55296_length_1262_cov_2.965203	1262	5350	4.24	1	10
NODE_55298_length_1262_cov_2.856669	1262	5581	4.42	1	7
NODE_55299_length_1262_cov_2.834300	1262	5630	4.46	1	13
NODE_55306_length_1262_cov_2.445733	1262	4580	3.63	0	25
NODE_55329_length_1261_cov_4.153400	1261	4968	3.94	1	12
NODE_55342_length_1261_cov_3.136816	1261	4968	3.94	1	8
NODE_55355_length_1261_cov_2.551410	1261	3520	2.79	1	7
NODE_55363_length_1261_cov_1.796020	1261	4291	3.40	1	16
NODE_55388_length_1260_cov_2.820747	1260	4497	3.57	1	9
NODE_55474_length_1258_cov_3.280964	1258	5259	4.18	1	9
NODE_55478_length_1258_cov_2.719867	1258	3408	2.71	0	6
NODE_55490_length_1258_cov_1.936825	1258	8385	6.67	1	25
NODE_55515_length_1257_cov_3.464226	1257	5465	4.35	1	8
NODE_55522_length_1257_cov_3.103161	1257	5197	4.13	1	7
NODE_55531_length_1257_cov_2.798669	1257	3425	2.72	1	7
NODE_55559_length_1256_cov_4.075770	1256	4911	3.91	1	8
NODE_55575_length_1256_cov_2.921732	1256	5098	4.06	1	8
NODE_55588_length_1256_cov_2.373022	1256	2913	2.32	1	4
NODE_55594_length_1256_cov_2.170691	1256	4756	3.79	1	6
NODE_55621_length_1255_cov_3.325000	1255	6150	4.90	1	13
NODE_55668_length_1254_cov_3.100083	1254	5695	4.54	1	8
NODE_55682_length_1254_cov_2.487907	1254	6410	5.11	1	18
NODE_55690_length_1254_cov_2.145955	1254	3638	2.90	1	5
NODE_55691_length_1254_cov_2.028357	1254	2838	2.26	1	4
NODE_55706_length_1253_cov_4.050918	1253	15776	12.59	3	24
NODE_55761_length_1252_cov_4.049290	1252	6238	4.98	1	9
NODE_55796_length_1252_cov_1.767753	1252	7151	5.71	1	15
NODE_55811_length_1251_cov_4.026756	1251	4936	3.95	1	8
NODE_55816_length_1251_cov_3.689799	1251	4631	3.70	1	7
NODE_55824_length_1251_cov_3.176421	1251	5642	4.51	1	10
NODE_55834_length_1251_cov_2.346990	1251	10845	8.67	0	28
NODE_55846_length_1250_cov_4.162343	1250	6370	5.10	1	12
NODE_55860_length_1250_cov_3.257741	1250	4769	3.82	1	8
NODE_55861_length_1250_cov_3.167364	1250	4859	3.89	1	11
NODE_55864_length_1250_cov_2.861925	1250	3670	2.94	1	5
NODE_55880_length_1250_cov_1.986611	1250	2487	1.99	1	5
NODE_55892_length_1249_cov_4.509213	1249	5949	4.76	1	8
NODE_55904_length_1249_cov_3.647404	1249	7980	6.39	2	18
NODE_55913_length_1249_cov_3.252094	1249	4465	3.57	1	7
NODE_55920_length_1249_cov_2.461474	1249	4801	3.84	1	7
NODE_55923_length_1249_cov_2.185930	1249	4523	3.62	1	7
NODE_55944_length_1248_cov_3.447611	1248	5516	4.42	1	8
NODE_55987_length_1247_cov_4.143456	1247	4934	3.96	0	12
NODE_56018_length_1247_cov_2.655201	1247	4457	3.57	0	7
NODE_56043_length_1246_cov_4.060453	1246	4659	3.74	1	7
NODE_56070_length_1246_cov_2.177162	1246	4637	3.72	1	16
NODE_56072_length_1246_cov_2.141898	1246	4920	3.95	1	8
NODE_56129_length_1245_cov_2.368908	1245	4035	3.24	0	10
NODE_56177_length_1243_cov_4.936869	1243	7449	5.99	2	11
NODE_56195_length_1243_cov_3.665825	1243	4657	3.75	1	8
NODE_56207_length_1243_cov_3.058081	1243	3781	3.04	1	7
NODE_56252_length_1242_cov_3.598147	1242	6065	4.88	1	9
NODE_56257_length_1242_cov_2.995788	1242	6380	5.14	1	13
NODE_56266_length_1242_cov_2.695872	1242	4712	3.79	1	8
NODE_56298_length_1241_cov_4.198988	1241	5594	4.51	1	10
NODE_56328_length_1241_cov_2.387858	1241	12252	9.87	1	33
NODE_56340_length_1241_cov_1.450253	1241	2808	2.26	1	6
NODE_56354_length_1240_cov_4.084388	1240	5757	4.64	1	8
NODE_56382_length_1240_cov_2.621097	1240	4501	3.63	1	14
NODE_56387_length_1240_cov_2.054008	1240	3743	3.02	1	6
NODE_56390_length_1240_cov_1.620253	1240	4128	3.33	0	19
NODE_56411_length_1239_cov_3.375845	1239	6292	5.08	0	11
NODE_56426_length_1239_cov_2.713682	1239	3882	3.13	1	6
NODE_56430_length_1239_cov_2.565878	1239	2771	2.24	1	5
NODE_56454_length_1238_cov_3.972950	1238	14428	11.65	2	27
NODE_56458_length_1238_cov_3.540152	1238	6369	5.14	1	10
NODE_56475_length_1238_cov_2.622992	1238	5038	4.07	1	7
NODE_56476_length_1238_cov_2.578191	1238	4924	3.98	1	15
NODE_56480_length_1238_cov_2.515638	1238	4195	3.39	1	6
NODE_56513_length_1237_cov_3.620981	1237	4333	3.50	1	8
NODE_56525_length_1237_cov_2.870558	1237	7800	6.31	1	15
NODE_56526_length_1237_cov_2.830795	1237	4837	3.91	0	10
NODE_56534_length_1237_cov_2.380711	1237	2992	2.42	1	5
NODE_56624_length_1235_cov_3.307627	1235	4643	3.76	0	7
NODE_56633_length_1235_cov_2.877119	1235	6945	5.62	1	10
NODE_56634_length_1235_cov_2.852542	1235	3454	2.80	1	6
NODE_56643_length_1235_cov_2.272034	1235	4804	3.89	1	8
NODE_56679_length_1234_cov_3.303647	1234	8808	7.14	1	21
NODE_56680_length_1234_cov_3.295165	1234	5069	4.11	1	10
NODE_56681_length_1234_cov_3.288380	1234	10023	8.12	1	16
NODE_56682_length_1234_cov_3.221374	1234	6537	5.30	0	10
NODE_56699_length_1234_cov_2.239186	1234	5732	4.65	1	8
NODE_56700_length_1234_cov_2.192536	1234	3681	2.98	1	24
NODE_56725_length_1233_cov_3.363328	1233	5882	4.77	1	22
NODE_56741_length_1233_cov_2.563667	1233	4706	3.82	1	10
NODE_56742_length_1233_cov_2.490662	1233	3723	3.02	0	6
NODE_56765_length_1232_cov_3.912489	1232	5628	4.57	1	8
NODE_56771_length_1232_cov_3.361088	1232	5306	4.31	1	9
NODE_56782_length_1232_cov_2.642311	1232	4725	3.84	1	14
NODE_56788_length_1232_cov_2.516568	1232	4173	3.39	1	7
NODE_56796_length_1232_cov_1.911640	1232	3058	2.48	1	5
NODE_56815_length_1231_cov_3.837585	1231	6429	5.22	1	11
NODE_56845_length_1231_cov_2.470238	1231	8279	6.73	1	53
NODE_56877_length_1230_cov_3.745532	1230	4856	3.95	1	8
NODE_56922_length_1229_cov_3.699319	1229	5771	4.70	1	11
NODE_56935_length_1229_cov_2.920784	1229	5039	4.10	1	10
NODE_56940_length_1229_cov_2.680579	1229	4456	3.63	1	8
NODE_56981_length_1228_cov_3.405797	1228	4790	3.90	1	7
NODE_57002_length_1228_cov_2.527707	1228	3829	3.12	1	8
NODE_57008_length_1228_cov_2.262575	1228	4086	3.33	1	13
NODE_57028_length_1227_cov_3.819113	1227	6134	5.00	0	14
NODE_57078_length_1226_cov_4.473100	1226	5880	4.80	1	9
NODE_57094_length_1226_cov_2.994876	1226	3907	3.19	1	6
NODE_57109_length_1226_cov_2.049530	1226	4572	3.73	0	8
NODE_57126_length_1225_cov_3.613675	1225	4554	3.72	1	7
NODE_57169_length_1224_cov_4.037639	1224	5445	4.45	1	12
NODE_57189_length_1224_cov_3.011121	1224	5540	4.53	1	8
NODE_57197_length_1224_cov_2.688623	1224	8277	6.76	1	25
NODE_57204_length_1224_cov_2.467066	1224	3125	2.55	1	6
NODE_57206_length_1224_cov_2.360137	1224	5918	4.83	1	12
NODE_57222_length_1223_cov_4.827055	1223	8442	6.90	2	12
NODE_57261_length_1223_cov_2.595890	1223	3593	2.94	1	6
NODE_57263_length_1223_cov_2.545377	1223	3170	2.59	1	5
NODE_57272_length_1223_cov_2.214041	1223	4890	4.00	0	8
NODE_57285_length_1222_cov_4.047129	1222	4851	3.97	1	11
NODE_57298_length_1222_cov_3.435304	1222	4257	3.48	1	9
NODE_57335_length_1221_cov_4.530875	1221	5326	4.36	1	16
NODE_57340_length_1221_cov_3.829331	1221	5816	4.76	1	11
NODE_57391_length_1220_cov_4.355365	1220	5381	4.41	1	9
NODE_57410_length_1220_cov_3.175966	1220	4503	3.69	1	7
NODE_57431_length_1220_cov_2.375107	1220	3473	2.85	0	6
NODE_57433_length_1220_cov_2.233476	1220	3191	2.62	1	5
NODE_57454_length_1219_cov_3.689003	1219	5654	4.64	1	19
NODE_57456_length_1219_cov_3.536942	1219	6143	5.04	1	13
NODE_57464_length_1219_cov_3.169244	1219	4467	3.66	0	8
NODE_57473_length_1219_cov_2.651203	1219	3066	2.52	1	4
NODE_57531_length_1218_cov_2.690456	1218	4675	3.84	1	7
NODE_57563_length_1217_cov_3.714286	1217	5904	4.85	1	14
NODE_57565_length_1217_cov_3.337349	1217	5203	4.28	1	8
NODE_57571_length_1217_cov_3.024096	1217	4424	3.64	1	7
NODE_57573_length_1217_cov_2.956110	1217	4601	3.78	1	9
NODE_57579_length_1217_cov_2.734079	1217	5280	4.34	1	12
NODE_57581_length_1217_cov_2.648881	1217	3461	2.84	0	5
NODE_57593_length_1217_cov_2.024957	1217	2924	2.40	1	6
NODE_57630_length_1216_cov_2.850129	1216	4826	3.97	1	8
NODE_57640_length_1216_cov_2.319552	1216	4261	3.50	1	6
NODE_57645_length_1216_cov_2.022394	1216	3526	2.90	1	6
NODE_57680_length_1215_cov_3.406897	1215	5917	4.87	1	18
NODE_57691_length_1215_cov_3.112069	1215	3244	2.67	1	5
NODE_57721_length_1214_cov_5.154443	1214	6516	5.37	1	27
NODE_57739_length_1214_cov_3.264884	1214	4011	3.30	1	7
NODE_57743_length_1214_cov_3.033650	1214	3992	3.29	0	6
NODE_57753_length_1214_cov_2.579810	1214	3838	3.16	1	5
NODE_57824_length_1212_cov_4.287813	1212	5553	4.58	1	9
NODE_57845_length_1212_cov_3.468453	1212	7954	6.56	2	32
NODE_57850_length_1212_cov_3.286949	1212	3806	3.14	1	6
NODE_57853_length_1212_cov_3.111495	1212	4566	3.77	0	8
NODE_57890_length_1211_cov_4.134083	1211	8018	6.62	1	39
NODE_57901_length_1211_cov_3.410900	1211	4057	3.35	1	6
NODE_57909_length_1211_cov_3.094291	1211	5943	4.91	2	9
NODE_57919_length_1211_cov_2.821799	1211	3635	3.00	1	6
NODE_57929_length_1211_cov_2.504325	1211	4251	3.51	1	15
NODE_57930_length_1211_cov_2.327855	1211	4561	3.77	1	6
NODE_57932_length_1211_cov_2.063149	1211	4261	3.52	1	7
NODE_57950_length_1210_cov_4.729004	1210	7147	5.91	1	9
NODE_57953_length_1210_cov_4.367100	1210	6432	5.32	1	15
NODE_57955_length_1210_cov_4.168831	1210	5952	4.92	1	10
NODE_57967_length_1210_cov_3.470130	1210	4864	4.02	1	8
NODE_58024_length_1209_cov_2.705373	1209	11948	9.88	4	22
NODE_58086_length_1208_cov_2.546401	1208	3561	2.95	1	6
NODE_58126_length_1207_cov_3.893229	1207	7301	6.05	1	18
NODE_58142_length_1207_cov_3.023438	1207	4693	3.89	1	8
NODE_58151_length_1207_cov_2.354167	1207	3979	3.30	1	6
NODE_58173_length_1206_cov_4.091225	1206	6214	5.15	1	8
NODE_58175_length_1206_cov_4.045178	1206	5598	4.64	1	9
NODE_58196_length_1206_cov_2.519548	1206	3940	3.27	1	6
NODE_58260_length_1205_cov_2.480870	1205	5523	4.58	1	14
NODE_58264_length_1205_cov_2.298261	1205	4563	3.79	1	10
NODE_58311_length_1204_cov_2.004352	1204	3637	3.02	1	8
NODE_58336_length_1203_cov_3.563589	1203	4127	3.43	1	6
NODE_58340_length_1203_cov_3.394599	1203	4369	3.63	1	11
NODE_58351_length_1203_cov_2.716899	1203	4862	4.04	1	7
NODE_58368_length_1202_cov_5.127289	1202	5755	4.79	1	11
NODE_58376_length_1202_cov_3.739320	1202	7093	5.90	1	13
NODE_58393_length_1202_cov_2.700959	1202	4669	3.88	1	7
NODE_58395_length_1202_cov_2.627724	1202	3137	2.61	1	5
NODE_58398_length_1202_cov_2.520488	1202	4781	3.98	1	9
NODE_58400_length_1202_cov_2.410636	1202	4502	3.75	1	15
NODE_58401_length_1202_cov_2.380122	1202	3830	3.19	0	8
NODE_58441_length_1201_cov_2.647469	1201	3175	2.64	1	7
NODE_58445_length_1201_cov_2.461606	1201	3676	3.06	1	7
NODE_58446_length_1201_cov_2.317627	1201	3636	3.03	0	11
NODE_58450_length_1201_cov_2.253054	1201	3538	2.95	1	5
NODE_58452_length_1201_cov_2.065445	1201	5247	4.37	1	9
NODE_58491_length_1200_cov_2.994760	1200	4281	3.57	1	7
NODE_58495_length_1200_cov_2.695197	1200	4659	3.88	1	7
NODE_58539_length_1199_cov_3.083042	1199	4698	3.92	1	9
NODE_58553_length_1199_cov_2.291084	1199	8422	7.02	0	22
NODE_58556_length_1199_cov_2.217657	1199	12063	10.06	1	22
NODE_58575_length_1198_cov_4.507437	1198	21782	18.18	1	89
NODE_58593_length_1198_cov_3.104112	1198	5436	4.54	1	16
NODE_58600_length_1198_cov_2.904637	1198	3749	3.13	1	6
NODE_58604_length_1198_cov_2.863517	1198	4586	3.83	1	8
NODE_58641_length_1197_cov_3.164623	1197	5101	4.26	2	8
NODE_58646_length_1197_cov_2.908932	1197	3703	3.09	1	7
NODE_58647_length_1197_cov_2.857268	1197	3984	3.33	1	6
NODE_58666_length_1196_cov_4.593339	1196	6881	5.75	1	11
NODE_58667_length_1196_cov_4.397897	1196	6273	5.24	1	10
NODE_58704_length_1196_cov_2.548642	1196	4736	3.96	1	24
NODE_58742_length_1195_cov_4.087719	1195	6516	5.45	1	9
NODE_58750_length_1195_cov_3.572807	1195	5338	4.47	1	8
NODE_58754_length_1195_cov_3.453509	1195	5548	4.64	1	9
NODE_58762_length_1195_cov_3.138596	1195	5807	4.86	1	15
NODE_58766_length_1195_cov_2.890351	1195	3951	3.31	0	10
NODE_58798_length_1194_cov_4.254609	1194	6205	5.20	1	13
NODE_58814_length_1194_cov_2.870939	1194	6208	5.20	1	9
NODE_58831_length_1194_cov_2.190518	1194	4257	3.57	1	9
NODE_58835_length_1194_cov_1.779631	1194	3905	3.27	1	7
NODE_58929_length_1192_cov_3.017590	1192	4593	3.85	1	8
NODE_58967_length_1191_cov_4.113556	1191	6205	5.21	1	10
NODE_58989_length_1191_cov_2.262324	1191	4690	3.94	0	7
NODE_59030_length_1190_cov_3.176211	1190	3977	3.34	1	7
NODE_59038_length_1190_cov_2.573568	1190	3181	2.67	1	10
NODE_59041_length_1190_cov_2.477533	1190	4598	3.86	1	13
NODE_59077_length_1189_cov_2.782187	1189	4744	3.99	1	12
NODE_59086_length_1189_cov_2.513228	1189	3828	3.22	1	12
NODE_59096_length_1189_cov_2.081129	1189	3112	2.62	1	5
NODE_59118_length_1188_cov_3.722860	1188	4640	3.91	1	11
NODE_59123_length_1188_cov_3.464254	1188	4559	3.84	0	8
NODE_59151_length_1188_cov_2.399823	1188	4109	3.46	1	6
NODE_59152_length_1188_cov_2.338041	1188	5262	4.43	1	12
NODE_59179_length_1187_cov_3.885159	1187	6840	5.76	0	14
NODE_59185_length_1187_cov_3.633392	1187	6784	5.72	1	17
NODE_59207_length_1187_cov_2.556537	1187	5105	4.30	1	10
NODE_59220_length_1187_cov_2.102473	1187	4302	3.62	1	16
NODE_59246_length_1186_cov_3.900088	1186	5850	4.93	1	10
NODE_59254_length_1186_cov_3.522546	1186	5234	4.41	0	8
NODE_59256_length_1186_cov_3.473917	1186	5126	4.32	1	12
NODE_59272_length_1186_cov_2.610964	1186	7243	6.11	1	24
NODE_59303_length_1185_cov_3.593805	1185	3609	3.05	1	6
NODE_59313_length_1185_cov_2.986726	1185	4015	3.39	1	6
NODE_59319_length_1185_cov_2.802655	1185	3200	2.70	1	18
NODE_59322_length_1185_cov_2.729204	1185	5108	4.31	1	8
NODE_59331_length_1185_cov_2.388496	1185	4009	3.38	1	8
NODE_59371_length_1184_cov_2.940655	1184	4910	4.15	1	9
NODE_59377_length_1184_cov_2.530558	1184	4839	4.09	1	7
NODE_59391_length_1183_cov_7.700355	1183	15893	13.43	1	27
NODE_59424_length_1183_cov_2.729610	1183	3951	3.34	1	7
NODE_59453_length_1182_cov_4.232476	1182	5027	4.25	1	11
NODE_59461_length_1182_cov_3.471162	1182	5413	4.58	1	14
NODE_59474_length_1182_cov_2.829636	1182	3785	3.20	1	6
NODE_59488_length_1182_cov_1.863354	1182	5327	4.51	1	15
NODE_59514_length_1181_cov_3.924512	1181	5218	4.42	1	8
NODE_59515_length_1181_cov_3.923623	1181	5372	4.55	1	8
NODE_59517_length_1181_cov_3.882771	1181	5693	4.82	1	8
NODE_59588_length_1180_cov_3.268444	1180	4401	3.73	1	6
NODE_59589_length_1180_cov_3.234667	1180	5706	4.84	1	28
NODE_59594_length_1180_cov_3.003556	1180	3979	3.37	0	6
NODE_59603_length_1180_cov_2.590222	1180	4452	3.77	1	7
NODE_59605_length_1180_cov_2.545778	1180	3778	3.20	1	16
NODE_59630_length_1179_cov_4.581851	1179	5338	4.53	1	11
NODE_59631_length_1179_cov_4.409253	1179	6863	5.82	1	19
NODE_59638_length_1179_cov_3.716192	1179	4647	3.94	1	10
NODE_59643_length_1179_cov_3.170819	1179	4770	4.05	1	9
NODE_59644_length_1179_cov_3.135231	1179	4023	3.41	1	8
NODE_59692_length_1178_cov_3.843277	1178	5374	4.56	1	9
NODE_59697_length_1178_cov_3.565450	1178	8451	7.17	1	16
NODE_59699_length_1178_cov_3.382012	1178	5318	4.51	1	8
NODE_59700_length_1178_cov_3.337489	1178	3904	3.31	1	6
NODE_59704_length_1178_cov_3.060552	1178	4802	4.08	1	10
NODE_59750_length_1177_cov_3.855615	1177	11062	9.40	0	24
NODE_59771_length_1177_cov_2.795900	1177	4751	4.04	1	9
NODE_59774_length_1177_cov_2.644385	1177	4880	4.15	1	11
NODE_59803_length_1176_cov_3.784121	1176	3781	3.22	1	5
NODE_59818_length_1176_cov_3.027654	1176	5682	4.83	2	10
NODE_59844_length_1176_cov_1.945584	1176	3287	2.80	1	5
NODE_59846_length_1176_cov_1.812667	1176	3039	2.58	1	5
NODE_59872_length_1175_cov_3.134821	1175	3224	2.74	0	5
NODE_59887_length_1175_cov_2.277679	1175	5199	4.42	1	41
NODE_59894_length_1175_cov_1.833929	1175	2892	2.46	1	5
NODE_59947_length_1174_cov_2.856122	1174	4783	4.07	1	9
NODE_59950_length_1174_cov_2.721180	1174	3512	2.99	0	10
NODE_59955_length_1174_cov_2.442359	1174	3367	2.87	1	6
NODE_59979_length_1173_cov_4.973166	1173	6885	5.87	1	12
NODE_59998_length_1173_cov_2.942755	1173	3959	3.38	1	8
NODE_60005_length_1173_cov_2.680680	1173	4178	3.56	1	7
NODE_60010_length_1173_cov_2.526834	1173	4810	4.10	1	10
NODE_60060_length_1172_cov_3.082363	1172	3917	3.34	1	8
NODE_60116_length_1171_cov_3.405018	1171	4038	3.45	1	7
NODE_60120_length_1171_cov_3.264337	1171	7131	6.09	1	16
NODE_60124_length_1171_cov_2.993728	1171	4135	3.53	0	8
NODE_60129_length_1171_cov_2.700717	1171	4784	4.09	1	7
NODE_60136_length_1171_cov_2.164875	1171	3378	2.88	0	6
NODE_60163_length_1170_cov_4.227803	1170	6785	5.80	1	16
NODE_60174_length_1170_cov_3.233184	1170	6446	5.51	1	10
NODE_60175_length_1170_cov_3.132735	1170	6319	5.40	1	9
NODE_60184_length_1170_cov_2.485202	1170	5197	4.44	1	12
NODE_60185_length_1170_cov_2.427803	1170	4329	3.70	1	8
NODE_60214_length_1169_cov_3.605925	1169	4578	3.92	1	9
NODE_60234_length_1169_cov_2.517953	1169	3670	3.14	1	8
NODE_60235_length_1169_cov_2.490126	1169	4537	3.88	1	6
NODE_60240_length_1169_cov_2.242370	1169	3183	2.72	1	6
NODE_60263_length_1168_cov_3.870620	1168	5307	4.54	1	57
NODE_60272_length_1168_cov_3.303684	1168	3800	3.25	1	7
NODE_60277_length_1168_cov_2.976640	1168	4533	3.88	1	18
NODE_60290_length_1168_cov_2.278527	1168	5075	4.35	1	9
NODE_60317_length_1167_cov_3.339928	1167	4895	4.19	1	8
NODE_60334_length_1167_cov_2.391187	1167	4198	3.60	1	8
NODE_60346_length_1167_cov_1.656475	1167	6331	5.43	0	24
NODE_60370_length_1166_cov_3.841584	1166	4190	3.59	1	14
NODE_60402_length_1166_cov_2.002700	1166	3874	3.32	1	6
NODE_60422_length_1165_cov_4.012613	1165	5509	4.73	1	10
NODE_60424_length_1165_cov_3.852252	1165	5084	4.36	1	8
NODE_60435_length_1165_cov_3.156757	1165	5438	4.67	1	11
NODE_60496_length_1164_cov_2.829576	1164	4758	4.09	1	9
NODE_60498_length_1164_cov_2.794409	1164	6898	5.93	1	16
NODE_60510_length_1164_cov_2.207394	1164	3659	3.14	1	6
NODE_60524_length_1163_cov_5.334838	1163	7435	6.39	1	15
NODE_60546_length_1163_cov_3.235560	1163	4927	4.24	1	8
NODE_60585_length_1162_cov_3.939476	1162	4991	4.30	1	9
NODE_60590_length_1162_cov_3.787715	1162	5763	4.96	0	18
NODE_60621_length_1162_cov_2.364950	1162	6106	5.25	1	16
NODE_60622_length_1162_cov_2.347787	1162	5679	4.89	2	14
NODE_60652_length_1161_cov_3.613924	1161	5023	4.33	1	8
NODE_60703_length_1160_cov_3.419910	1160	6254	5.39	1	11
NODE_60705_length_1160_cov_3.395475	1160	3993	3.44	1	7
NODE_60709_length_1160_cov_3.076923	1160	3739	3.22	1	7
NODE_60710_length_1160_cov_3.046154	1160	4813	4.15	1	9
NODE_60737_length_1160_cov_1.967421	1160	3940	3.40	1	8
NODE_60783_length_1159_cov_2.212862	1159	3078	2.66	1	7
NODE_60786_length_1159_cov_1.997283	1159	3354	2.89	1	6
NODE_60820_length_1158_cov_3.676337	1158	5438	4.70	1	10
NODE_60823_length_1158_cov_3.611061	1158	4251	3.67	1	8
NODE_60829_length_1158_cov_3.426111	1158	4808	4.15	1	9
NODE_60871_length_1157_cov_5.530853	1157	6707	5.80	1	12
NODE_60918_length_1157_cov_1.815789	1157	3163	2.73	1	6
NODE_60951_length_1156_cov_3.074478	1156	4931	4.27	1	8
NODE_60993_length_1155_cov_3.550909	1155	3987	3.45	0	7
NODE_61016_length_1155_cov_2.540909	1155	3639	3.15	1	8
NODE_61020_length_1155_cov_2.434545	1155	5238	4.54	1	7
NODE_61023_length_1155_cov_2.364545	1155	2427	2.10	0	5
NODE_61026_length_1155_cov_2.052727	1155	3970	3.44	1	7
NODE_61064_length_1154_cov_2.699727	1154	3709	3.21	1	8
NODE_61085_length_1154_cov_1.204732	1154	2291	1.99	1	3
NODE_61135_length_1153_cov_2.062842	1153	4342	3.77	1	9
NODE_61164_length_1152_cov_4.177758	1152	6704	5.82	1	12
NODE_61187_length_1152_cov_2.825889	1152	3293	2.86	1	5
NODE_61209_length_1152_cov_1.903373	1152	7369	6.40	1	16
NODE_61296_length_1150_cov_3.297717	1150	5853	5.09	1	12
NODE_61297_length_1150_cov_3.296804	1150	4507	3.92	1	7
NODE_61300_length_1150_cov_3.262100	1150	4739	4.12	1	8
NODE_61313_length_1150_cov_2.879452	1150	4539	3.95	1	7
NODE_61361_length_1149_cov_3.322669	1149	3808	3.31	1	11
NODE_61380_length_1149_cov_2.338208	1149	3548	3.09	1	6
NODE_61382_length_1149_cov_2.234918	1149	4175	3.63	1	7
NODE_61412_length_1148_cov_3.913998	1148	7276	6.34	1	20
NODE_61417_length_1148_cov_3.590119	1148	4948	4.31	1	8
NODE_61421_length_1148_cov_3.445563	1148	5407	4.71	1	9
NODE_61443_length_1148_cov_2.443733	1148	4614	4.02	1	6
NODE_61444_length_1148_cov_2.337603	1148	4737	4.13	1	13
NODE_61448_length_1148_cov_2.064044	1148	3756	3.27	1	7
NODE_61464_length_1147_cov_5.100733	1147	5851	5.10	1	10
NODE_61470_length_1147_cov_4.361722	1147	4915	4.29	1	9
NODE_61474_length_1147_cov_3.856227	1147	7918	6.90	1	19
NODE_61478_length_1147_cov_3.676740	1147	10897	9.50	1	24
NODE_61494_length_1147_cov_3.131868	1147	5562	4.85	0	10
NODE_61514_length_1147_cov_1.703297	1147	3516	3.07	0	8
NODE_61532_length_1146_cov_3.802016	1146	5176	4.52	1	9
NODE_61534_length_1146_cov_3.711274	1146	5217	4.55	1	9
NODE_61560_length_1146_cov_2.648029	1146	3106	2.71	1	5
NODE_61573_length_1146_cov_2.100825	1146	3366	2.94	1	5
NODE_61586_length_1145_cov_7.369725	1145	10160	8.87	3	13
NODE_61601_length_1145_cov_3.875229	1145	4999	4.37	1	9
NODE_61617_length_1145_cov_2.970642	1145	4476	3.91	0	16
NODE_61624_length_1145_cov_2.822936	1145	5034	4.40	1	9
NODE_61669_length_1144_cov_3.387511	1144	5157	4.51	1	10
NODE_61694_length_1144_cov_2.169881	1144	6529	5.71	1	14
NODE_61697_length_1144_cov_2.007346	1144	5407	4.73	0	14
NODE_61713_length_1143_cov_4.876838	1143	5720	5.00	0	11
NODE_61718_length_1143_cov_4.315257	1143	5634	4.93	1	16
NODE_61727_length_1143_cov_3.267463	1143	2930	2.56	1	5
NODE_61743_length_1143_cov_2.726103	1143	3883	3.40	1	7
NODE_61793_length_1142_cov_3.847286	1142	5627	4.93	1	27
NODE_61796_length_1142_cov_3.449862	1142	4711	4.13	1	8
NODE_61808_length_1142_cov_2.963201	1142	4565	4.00	1	8
NODE_61811_length_1142_cov_2.863845	1142	3666	3.21	1	8
NODE_61812_length_1142_cov_2.689972	1142	4492	3.93	1	8
NODE_61855_length_1141_cov_2.825046	1141	5633	4.94	1	20
NODE_61908_length_1140_cov_3.152074	1140	3273	2.87	0	6
NODE_61933_length_1140_cov_2.480184	1140	4800	4.21	1	9
NODE_61940_length_1140_cov_2.206452	1140	3820	3.35	1	8
NODE_61941_length_1140_cov_2.203687	1140	3834	3.36	1	9
NODE_61972_length_1139_cov_3.235240	1139	3992	3.50	1	12
NODE_61985_length_1139_cov_2.895756	1139	4867	4.27	0	11
NODE_61993_length_1139_cov_2.568266	1139	3575	3.14	1	6
NODE_62016_length_1138_cov_5.483841	1138	7112	6.25	1	12
NODE_62023_length_1138_cov_3.907664	1138	4826	4.24	1	7
NODE_62029_length_1138_cov_3.389658	1138	3889	3.42	1	5
NODE_62035_length_1138_cov_3.152355	1138	4919	4.32	1	13
NODE_62049_length_1138_cov_2.285319	1138	3054	2.68	1	7
NODE_62050_length_1138_cov_2.273315	1138	3964	3.48	1	7
NODE_62055_length_1138_cov_1.903047	1138	2655	2.33	0	6
NODE_62056_length_1138_cov_1.824561	1138	4920	4.32	0	18
NODE_62084_length_1137_cov_3.545287	1137	4252	3.74	1	9
NODE_62086_length_1137_cov_3.394640	1137	5363	4.72	1	8
NODE_62090_length_1137_cov_3.278189	1137	5508	4.84	1	10
NODE_62124_length_1137_cov_1.739372	1137	3800	3.34	1	11
NODE_62144_length_1136_cov_3.888992	1136	4407	3.88	1	8
NODE_62148_length_1136_cov_3.657724	1136	4620	4.07	1	7
NODE_62221_length_1135_cov_2.785185	1135	3702	3.26	1	6
NODE_62224_length_1135_cov_2.695370	1135	2629	2.32	0	5
NODE_62271_length_1134_cov_3.071362	1134	4158	3.67	1	9
NODE_62284_length_1134_cov_2.553290	1134	3681	3.25	1	6
NODE_62312_length_1133_cov_4.033395	1133	5755	5.08	1	10
NODE_62313_length_1133_cov_4.019481	1133	4545	4.01	1	11
NODE_62320_length_1133_cov_3.450835	1133	4047	3.57	1	7
NODE_62327_length_1133_cov_3.014842	1133	4443	3.92	0	8
NODE_62328_length_1133_cov_2.985158	1133	5224	4.61	0	9
NODE_62339_length_1133_cov_2.289425	1133	3585	3.16	1	8
NODE_62343_length_1133_cov_1.981447	1133	2546	2.25	1	5
NODE_62344_length_1133_cov_1.974954	1133	3828	3.38	1	7
NODE_62357_length_1132_cov_5.345404	1132	7003	6.19	2	15
NODE_62371_length_1132_cov_3.685237	1132	4300	3.80	1	8
NODE_62381_length_1132_cov_3.050139	1132	4343	3.84	1	10
NODE_62392_length_1132_cov_2.646240	1132	4940	4.36	1	23
NODE_62393_length_1132_cov_2.623027	1132	4746	4.19	1	29
NODE_62400_length_1132_cov_2.376045	1132	3866	3.42	1	7
NODE_62406_length_1132_cov_2.116992	1132	2850	2.52	1	15
NODE_62444_length_1131_cov_3.118959	1131	3947	3.49	0	10
NODE_62469_length_1131_cov_1.948885	1131	4090	3.62	1	10
NODE_62485_length_1130_cov_4.666047	1130	6980	6.18	1	11
NODE_62506_length_1130_cov_2.778605	1130	4453	3.94	2	9
NODE_62554_length_1129_cov_2.954376	1129	4092	3.62	0	7
NODE_62558_length_1129_cov_2.648976	1129	4642	4.11	1	19
NODE_62566_length_1129_cov_2.211359	1129	2542	2.25	1	4
NODE_62589_length_1128_cov_4.577819	1128	5412	4.80	1	8
NODE_62596_length_1128_cov_3.953402	1128	4203	3.73	1	7
NODE_62602_length_1128_cov_3.574091	1128	5486	4.86	1	9
NODE_62613_length_1128_cov_3.024231	1128	3920	3.48	1	8
NODE_62659_length_1127_cov_3.998134	1127	9291	8.24	3	22
NODE_62706_length_1126_cov_3.937442	1126	7759	6.89	1	22
NODE_62719_length_1126_cov_3.103641	1126	5872	5.21	1	11
NODE_62728_length_1126_cov_2.812325	1126	5166	4.59	1	28
NODE_62835_length_1124_cov_4.526660	1124	5585	4.97	1	8
NODE_62844_length_1124_cov_4.049579	1124	5106	4.54	1	7
NODE_62868_length_1124_cov_2.661366	1124	4584	4.08	1	8
NODE_62874_length_1124_cov_2.226380	1124	3702	3.29	0	9
NODE_62875_length_1124_cov_2.225444	1124	3229	2.87	0	7
NODE_62914_length_1123_cov_3.176966	1123	4170	3.71	0	9
NODE_62917_length_1123_cov_3.106742	1123	5404	4.81	0	11
NODE_62920_length_1123_cov_3.057116	1123	5898	5.25	0	9
NODE_62922_length_1123_cov_2.998127	1123	3873	3.45	1	7
NODE_62927_length_1123_cov_2.807116	1123	4181	3.72	1	6
NODE_62933_length_1123_cov_2.383895	1123	4575	4.07	1	9
NODE_62934_length_1123_cov_2.334270	1123	5336	4.75	1	11
NODE_63002_length_1122_cov_2.368322	1122	2597	2.31	1	4
NODE_63043_length_1121_cov_3.199812	1121	3716	3.31	1	7
NODE_63046_length_1121_cov_3.072233	1121	5405	4.82	0	15
NODE_63057_length_1121_cov_2.738274	1121	2981	2.66	1	7
NODE_63064_length_1121_cov_2.494371	1121	4426	3.95	0	8
NODE_63086_length_1120_cov_6.431925	1120	6079	5.43	1	12
NODE_63090_length_1120_cov_4.881690	1120	6091	5.44	1	9
NODE_63101_length_1120_cov_3.417840	1120	15900	14.20	1	107
NODE_63106_length_1120_cov_3.303286	1120	3911	3.49	1	8
NODE_63122_length_1120_cov_2.763380	1120	2856	2.55	1	5
NODE_63136_length_1120_cov_2.274178	1120	5180	4.62	1	11
NODE_63138_length_1120_cov_2.112676	1120	3403	3.04	0	8
NODE_63174_length_1119_cov_3.362782	1119	3562	3.18	1	6
NODE_63185_length_1119_cov_2.562970	1119	3413	3.05	1	7
NODE_63188_length_1119_cov_2.452068	1119	3195	2.86	1	5
NODE_63193_length_1119_cov_2.277256	1119	3572	3.19	1	6
NODE_63237_length_1118_cov_3.507996	1118	5383	4.81	1	11
NODE_63248_length_1118_cov_2.978363	1118	3318	2.97	0	6
NODE_63269_length_1118_cov_1.950141	1118	2515	2.25	1	9
NODE_63336_length_1116_cov_4.546654	1116	5256	4.71	2	8
NODE_63347_length_1116_cov_3.611687	1116	5329	4.78	1	9
NODE_63358_length_1116_cov_3.139491	1116	4675	4.19	1	7
NODE_63359_length_1116_cov_3.101791	1116	4895	4.39	1	8
NODE_63424_length_1115_cov_2.639623	1115	3814	3.42	1	6
NODE_63443_length_1115_cov_1.387736	1115	2767	2.48	1	4
NODE_63461_length_1114_cov_3.969783	1114	5518	4.95	2	8
NODE_63490_length_1114_cov_2.655335	1114	3991	3.58	1	7
NODE_63491_length_1114_cov_2.634561	1114	4319	3.88	1	8
NODE_63518_length_1113_cov_4.803403	1113	6436	5.78	1	10
NODE_63554_length_1113_cov_2.709830	1113	3445	3.10	1	6
NODE_63577_length_1112_cov_4.347209	1112	3922	3.53	1	7
NODE_63596_length_1112_cov_2.832545	1112	5596	5.03	1	12
NODE_63681_length_1111_cov_2.278409	1111	3623	3.26	1	6
NODE_63682_length_1111_cov_2.257576	1111	3276	2.95	0	6
NODE_63710_length_1110_cov_3.679621	1110	6592	5.94	1	16
NODE_63729_length_1110_cov_2.832227	1110	5171	4.66	1	13
NODE_63732_length_1110_cov_2.748815	1110	4498	4.05	1	7
NODE_63754_length_1109_cov_4.172676	1109	4145	3.74	1	8
NODE_63768_length_1109_cov_3.146110	1109	5128	4.62	1	9
NODE_63785_length_1109_cov_2.565465	1109	4368	3.94	1	11
NODE_63796_length_1109_cov_2.168880	1109	3833	3.46	0	20
NODE_63810_length_1108_cov_5.238367	1108	7523	6.79	2	11
NODE_63832_length_1108_cov_3.159544	1108	3711	3.35	1	10
NODE_63834_length_1108_cov_3.093067	1108	4748	4.29	1	12
NODE_63849_length_1108_cov_2.527066	1108	2994	2.70	1	5
NODE_63854_length_1108_cov_2.295347	1108	3243	2.93	1	9
NODE_63867_length_1108_cov_1.404558	1108	2680	2.42	1	6
NODE_63896_length_1107_cov_2.915399	1107	4657	4.21	1	15
NODE_63907_length_1107_cov_2.477186	1107	3899	3.52	0	7
NODE_63944_length_1106_cov_3.421503	1106	5130	4.64	0	9
NODE_63945_length_1106_cov_3.401522	1106	4483	4.05	1	8
NODE_63953_length_1106_cov_3.212179	1106	4287	3.88	1	11
NODE_63961_length_1106_cov_2.784967	1106	5546	5.01	1	12
NODE_63964_length_1106_cov_2.644148	1106	3312	2.99	1	15
NODE_64012_length_1105_cov_3.227619	1105	4965	4.49	1	11
NODE_64036_length_1105_cov_1.960952	1105	2983	2.70	0	18
NODE_64037_length_1105_cov_1.898095	1105	3073	2.78	1	6
NODE_64059_length_1104_cov_3.532888	1104	3750	3.40	1	7
NODE_64077_length_1104_cov_2.420400	1104	4093	3.71	1	6
NODE_64105_length_1103_cov_3.467557	1103	5152	4.67	1	8
NODE_64115_length_1103_cov_2.972328	1103	5025	4.56	1	9
NODE_64116_length_1103_cov_2.935115	1103	3752	3.40	1	6
NODE_64119_length_1103_cov_2.861641	1103	6353	5.76	2	9
NODE_64121_length_1103_cov_2.763359	1103	4601	4.17	0	13
NODE_64122_length_1103_cov_2.755725	1103	3854	3.49	1	8
NODE_64124_length_1103_cov_2.701336	1103	4135	3.75	1	10
NODE_64135_length_1103_cov_1.818702	1103	3353	3.04	1	14
NODE_64136_length_1103_cov_1.812977	1103	2471	2.24	1	7
NODE_64176_length_1102_cov_2.812798	1102	5930	5.38	1	18
NODE_64182_length_1102_cov_2.572111	1102	3184	2.89	1	6
NODE_64183_length_1102_cov_2.452722	1102	3719	3.37	1	8
NODE_64214_length_1101_cov_4.172084	1101	5641	5.12	1	12
NODE_64224_length_1101_cov_3.761950	1101	8382	7.61	1	17
NODE_64254_length_1101_cov_2.467495	1101	3383	3.07	1	7
NODE_64302_length_1100_cov_2.816268	1100	4395	4.00	1	8
NODE_64309_length_1100_cov_2.652632	1100	3046	2.77	1	5
NODE_64314_length_1100_cov_2.496651	1100	4159	3.78	1	8
NODE_64320_length_1100_cov_2.257416	1100	2829	2.57	1	5
NODE_64321_length_1100_cov_2.255502	1100	2704	2.46	1	4
NODE_64326_length_1100_cov_2.002871	1100	3795	3.45	1	13
NODE_64330_length_1100_cov_1.782775	1100	2836	2.58	1	5
NODE_64336_length_1099_cov_5.170498	1099	5550	5.05	0	9
NODE_64340_length_1099_cov_4.478927	1099	5117	4.66	1	21
NODE_64402_length_1098_cov_5.259827	1098	6280	5.72	0	9
NODE_64403_length_1098_cov_5.122723	1098	5947	5.42	1	9
NODE_64425_length_1098_cov_3.054650	1098	3492	3.18	1	8
NODE_64438_length_1098_cov_2.584851	1098	3639	3.31	0	6
NODE_64473_length_1097_cov_3.571977	1097	4861	4.43	1	10
NODE_64477_length_1097_cov_3.404990	1097	4081	3.72	1	8
NODE_64497_length_1097_cov_2.444338	1097	8153	7.43	1	18
NODE_64536_length_1096_cov_3.627281	1096	10279	9.38	1	18
NODE_64545_length_1096_cov_3.290106	1096	15392	14.04	1	27
NODE_64552_length_1096_cov_2.903939	1096	4133	3.77	1	7
NODE_64572_length_1096_cov_1.975985	1096	2419	2.21	0	4
NODE_64574_length_1096_cov_1.904899	1096	4438	4.05	1	9
NODE_64606_length_1095_cov_3.469231	1095	3891	3.55	1	8
NODE_64625_length_1095_cov_2.556731	1095	3778	3.45	0	7
NODE_64633_length_1095_cov_2.373077	1095	3533	3.23	1	6
NODE_64637_length_1095_cov_2.270192	1095	3831	3.50	1	7
NODE_64693_length_1094_cov_2.852743	1094	4723	4.32	1	8
NODE_64705_length_1094_cov_2.069297	1094	3928	3.59	1	7
NODE_64748_length_1093_cov_2.875723	1093	4767	4.36	1	10
NODE_64750_length_1093_cov_2.736994	1093	2419	2.21	1	5
NODE_64757_length_1093_cov_2.471098	1093	2638	2.41	0	7
NODE_64766_length_1093_cov_2.204239	1093	3867	3.54	1	9
NODE_64788_length_1092_cov_3.957570	1092	4375	4.01	1	7
NODE_64797_length_1092_cov_3.518804	1092	2968	2.72	1	5
NODE_64809_length_1092_cov_3.099325	1092	3914	3.58	1	10
NODE_64812_length_1092_cov_2.984571	1092	4140	3.79	1	7
NODE_64826_length_1092_cov_2.510125	1092	4943	4.53	1	13
NODE_64846_length_1092_cov_1.635487	1092	4923	4.51	1	13
NODE_64890_length_1091_cov_2.298263	1091	3286	3.01	1	9
NODE_64910_length_1090_cov_4.400966	1090	4210	3.86	1	8
NODE_64966_length_1089_cov_5.516441	1089	5957	5.47	1	12
NODE_64978_length_1089_cov_3.475822	1089	3956	3.63	0	9
NODE_64981_length_1089_cov_3.389749	1089	4173	3.83	1	8
NODE_64993_length_1089_cov_2.927466	1089	4388	4.03	1	14
NODE_65002_length_1089_cov_2.612186	1089	4191	3.85	1	9
NODE_65006_length_1089_cov_2.426499	1089	2968	2.73	1	7
NODE_65045_length_1088_cov_3.310745	1088	4691	4.31	1	10
NODE_65073_length_1088_cov_1.989351	1088	3230	2.97	1	6
NODE_65093_length_1087_cov_4.063953	1087	4945	4.55	1	9
NODE_65135_length_1087_cov_1.919574	1087	5512	5.07	1	27
NODE_65136_length_1087_cov_1.909884	1087	2758	2.54	1	5
NODE_65170_length_1086_cov_3.168768	1086	5028	4.63	1	8
NODE_65200_length_1086_cov_1.763337	1086	3319	3.06	1	8
NODE_65248_length_1085_cov_2.766990	1085	2645	2.44	0	5
NODE_65249_length_1085_cov_2.766990	1085	3024	2.79	1	5
NODE_65256_length_1085_cov_2.537864	1085	4253	3.92	1	8
NODE_65272_length_1085_cov_1.779612	1085	2452	2.26	1	4
NODE_65273_length_1085_cov_1.630097	1085	4208	3.88	1	11
NODE_65274_length_1085_cov_1.544660	1085	2406	2.22	1	4
NODE_65290_length_1084_cov_4.635569	1084	5820	5.37	1	11
NODE_65299_length_1084_cov_3.730807	1084	4595	4.24	1	9
NODE_65306_length_1084_cov_3.340136	1084	4576	4.22	1	7
NODE_65328_length_1084_cov_2.396501	1084	4232	3.90	0	10
NODE_65371_length_1083_cov_3.407588	1083	4078	3.77	1	7
NODE_65377_length_1083_cov_3.155642	1083	3078	2.84	1	5
NODE_65379_length_1083_cov_3.062257	1083	5090	4.70	1	8
NODE_65386_length_1083_cov_2.867704	1083	4519	4.17	1	10
NODE_65413_length_1083_cov_1.878405	1083	3663	3.38	1	7
NODE_65427_length_1082_cov_4.040896	1082	6286	5.81	1	15
NODE_65448_length_1082_cov_3.278481	1082	4755	4.39	1	9
NODE_65450_length_1082_cov_3.235638	1082	5196	4.80	1	11
NODE_65452_length_1082_cov_3.219085	1082	4115	3.80	1	11
NODE_65460_length_1082_cov_2.970789	1082	4696	4.34	1	9
NODE_65501_length_1081_cov_3.148148	1081	3926	3.63	1	9
NODE_65502_length_1081_cov_3.112086	1081	4007	3.71	1	8
NODE_65514_length_1081_cov_2.587719	1081	4165	3.85	1	12
NODE_65601_length_1080_cov_1.694634	1080	2651	2.45	1	6
NODE_65614_length_1079_cov_4.160156	1079	5490	5.09	1	9
NODE_65630_length_1079_cov_3.101562	1079	4618	4.28	1	14
NODE_65631_length_1079_cov_3.002930	1079	3933	3.65	1	14
NODE_65647_length_1079_cov_2.432617	1079	4006	3.71	1	11
NODE_65661_length_1079_cov_1.831055	1079	4554	4.22	1	8
NODE_65702_length_1078_cov_3.104594	1078	3624	3.36	1	8
NODE_65712_length_1078_cov_2.967742	1078	3287	3.05	1	8
NODE_65771_length_1077_cov_3.631115	1077	3978	3.69	1	7
NODE_65816_length_1076_cov_4.268364	1076	6740	6.26	0	13
NODE_65834_length_1076_cov_3.425073	1076	5898	5.48	1	13
NODE_65864_length_1076_cov_1.914789	1076	2631	2.45	1	4
NODE_65875_length_1075_cov_4.227451	1075	5405	5.03	1	11
NODE_65882_length_1075_cov_3.342157	1075	4563	4.24	1	7
NODE_65885_length_1075_cov_3.294118	1075	3882	3.61	1	8
NODE_65911_length_1075_cov_2.023529	1075	3026	2.81	1	5
NODE_65913_length_1075_cov_1.948039	1075	2408	2.24	1	5
NODE_65937_length_1074_cov_4.139352	1074	5868	5.46	1	14
NODE_65953_length_1074_cov_2.928361	1074	2747	2.56	1	5
NODE_65954_length_1074_cov_2.881256	1074	3247	3.02	1	5
NODE_65997_length_1073_cov_4.111002	1073	5000	4.66	1	9
NODE_66032_length_1073_cov_2.279961	1073	2957	2.76	1	5
NODE_66064_length_1072_cov_3.426745	1072	4031	3.76	1	7
NODE_66069_length_1072_cov_2.895772	1072	4525	4.22	1	9
NODE_66071_length_1072_cov_2.807276	1072	3774	3.52	1	10
NODE_66112_length_1071_cov_3.504921	1071	3771	3.52	1	7
NODE_66121_length_1071_cov_3.020669	1071	4052	3.78	1	10
NODE_66145_length_1071_cov_1.844488	1071	4015	3.75	1	8
NODE_66169_length_1070_cov_3.785222	1070	4890	4.57	1	9
NODE_66176_length_1070_cov_3.287685	1070	3975	3.71	1	11
NODE_66187_length_1070_cov_3.101478	1070	4306	4.02	1	7
NODE_66188_length_1070_cov_3.095567	1070	3856	3.60	1	7
NODE_66222_length_1070_cov_2.276847	1070	3931	3.67	1	18
NODE_66230_length_1070_cov_1.940887	1070	2741	2.56	1	4
NODE_66269_length_1069_cov_3.009862	1069	5786	5.41	1	14
NODE_66277_length_1069_cov_2.834320	1069	3831	3.58	1	7
NODE_66324_length_1068_cov_3.931885	1068	4705	4.41	0	15
NODE_66334_length_1068_cov_3.476802	1068	3184	2.98	1	5
NODE_66341_length_1068_cov_3.173741	1068	213071	199.50	1	396
NODE_66347_length_1068_cov_2.887463	1068	6579	6.16	1	21
NODE_66397_length_1067_cov_4.786561	1067	5631	5.28	1	12
NODE_66420_length_1067_cov_3.069170	1067	3967	3.72	1	6
NODE_66431_length_1067_cov_2.620553	1067	3056	2.86	0	6
NODE_66433_length_1067_cov_2.596838	1067	5211	4.88	1	12
NODE_66453_length_1067_cov_1.812253	1067	2923	2.74	0	5
NODE_66456_length_1067_cov_1.552372	1067	2306	2.16	1	4
NODE_66486_length_1066_cov_3.305638	1066	4241	3.98	1	11
NODE_66490_length_1066_cov_3.205737	1066	4026	3.78	1	13
NODE_66501_length_1066_cov_2.707221	1066	5226	4.90	1	14
NODE_66509_length_1066_cov_2.253215	1066	2691	2.52	1	8
NODE_66513_length_1066_cov_2.161227	1066	2741	2.57	1	5
NODE_66557_length_1065_cov_2.801980	1065	4146	3.89	1	8
NODE_66562_length_1065_cov_2.672277	1065	3210	3.01	1	7
NODE_66573_length_1065_cov_2.211881	1065	2595	2.44	0	5
NODE_66615_length_1064_cov_3.870168	1064	4844	4.55	0	7
NODE_66643_length_1064_cov_2.574827	1064	63521	59.70	1	86
NODE_66701_length_1063_cov_2.806548	1063	4715	4.44	1	9
NODE_66710_length_1063_cov_2.620040	1063	4436	4.17	0	13
NODE_66711_length_1063_cov_2.611111	1063	4688	4.41	0	15
NODE_66712_length_1063_cov_2.585317	1063	3661	3.44	1	7
NODE_66721_length_1063_cov_2.151786	1063	3133	2.95	0	8
NODE_66759_length_1062_cov_3.191658	1062	4893	4.61	1	10
NODE_66767_length_1062_cov_2.940417	1062	3600	3.39	1	9
NODE_66773_length_1062_cov_2.741807	1062	3860	3.63	1	8
NODE_66775_length_1062_cov_2.704071	1062	4707	4.43	1	10
NODE_66781_length_1062_cov_2.524330	1062	2899	2.73	1	12
NODE_66811_length_1061_cov_3.880716	1061	5069	4.78	1	8
NODE_66822_length_1061_cov_3.599404	1061	4239	4.00	1	16
NODE_66825_length_1061_cov_3.545726	1061	4210	3.97	1	8
NODE_66841_length_1061_cov_2.892644	1061	3396	3.20	1	6
NODE_66881_length_1060_cov_4.763184	1060	5248	4.95	1	9
NODE_66895_length_1060_cov_3.988060	1060	9363	8.83	1	24
NODE_66901_length_1060_cov_3.836816	1060	5039	4.75	2	14
NODE_66909_length_1060_cov_3.524378	1060	4774	4.50	1	10
NODE_66928_length_1060_cov_2.869652	1060	7125	6.72	1	14
NODE_66946_length_1060_cov_2.123383	1060	3532	3.33	1	6
NODE_66976_length_1059_cov_4.390438	1059	5430	5.13	1	12
NODE_66984_length_1059_cov_3.914343	1059	5672	5.36	1	11
NODE_66991_length_1059_cov_3.546813	1059	4055	3.83	1	7
NODE_67002_length_1059_cov_2.755976	1059	6530	6.17	0	15
NODE_67005_length_1059_cov_2.647410	1059	3389	3.20	1	7
NODE_67023_length_1059_cov_2.007968	1059	3994	3.77	1	15
NODE_67058_length_1058_cov_3.241276	1058	4113	3.89	1	6
NODE_67067_length_1058_cov_2.928215	1058	4843	4.58	1	8
NODE_67086_length_1058_cov_2.275174	1058	3580	3.38	1	7
NODE_67092_length_1058_cov_2.116650	1058	3158	2.98	1	6
NODE_67095_length_1058_cov_1.993021	1058	4010	3.79	1	8
NODE_67119_length_1057_cov_5.326347	1057	6113	5.78	1	19
NODE_67124_length_1057_cov_4.462076	1057	7983	7.55	1	23
NODE_67149_length_1057_cov_2.971058	1057	3664	3.47	1	7
NODE_67152_length_1057_cov_2.855289	1057	4187	3.96	1	8
NODE_67178_length_1057_cov_1.885230	1057	3226	3.05	0	7
NODE_67207_length_1056_cov_3.040959	1056	4774	4.52	1	8
NODE_67228_length_1056_cov_2.356643	1056	3571	3.38	1	7
NODE_67232_length_1056_cov_1.879121	1056	2692	2.55	1	4
NODE_67269_length_1055_cov_2.779000	1055	6576	6.23	1	17
NODE_67272_length_1055_cov_2.605000	1055	3708	3.51	1	7
NODE_67329_length_1054_cov_3.197197	1054	3633	3.45	1	8
NODE_67332_length_1054_cov_3.071071	1054	4008	3.80	1	7
NODE_67344_length_1054_cov_2.820821	1054	5234	4.97	1	11
NODE_67350_length_1054_cov_2.582583	1054	4343	4.12	1	8
NODE_67363_length_1054_cov_2.151151	1054	3201	3.04	0	11
NODE_67393_length_1053_cov_3.817635	1053	4307	4.09	1	7
NODE_67397_length_1053_cov_3.751503	1053	4493	4.27	1	8
NODE_67400_length_1053_cov_3.617234	1053	5336	5.07	1	9
NODE_67415_length_1053_cov_2.917836	1053	4855	4.61	1	21
NODE_67419_length_1053_cov_2.768537	1053	4978	4.73	1	9
NODE_67444_length_1053_cov_2.256513	1053	3588	3.41	1	6
NODE_67450_length_1053_cov_2.163327	1053	2821	2.68	1	6
NODE_67499_length_1052_cov_2.981946	1052	5224	4.97	1	11
NODE_67544_length_1051_cov_3.614458	1051	3332	3.17	1	6
NODE_67552_length_1051_cov_3.288153	1051	4139	3.94	1	8
NODE_67559_length_1051_cov_3.007028	1051	3963	3.77	2	6
NODE_67560_length_1051_cov_2.942771	1051	3518	3.35	1	7
NODE_67577_length_1051_cov_2.322289	1051	3770	3.59	1	8
NODE_67616_length_1050_cov_3.370854	1050	4571	4.35	1	9
NODE_67642_length_1050_cov_2.531658	1050	3220	3.07	1	17
NODE_67662_length_1050_cov_1.952764	1050	2874	2.74	0	7
NODE_67705_length_1049_cov_3.047284	1049	4304	4.10	1	12
NODE_67720_length_1049_cov_2.358149	1049	2873	2.74	0	6
NODE_67767_length_1048_cov_3.246727	1048	3818	3.64	1	6
NODE_67779_length_1048_cov_2.923464	1048	3860	3.68	1	7
NODE_67796_length_1048_cov_2.527694	1048	3423	3.27	1	9
NODE_67812_length_1048_cov_2.035247	1048	3634	3.47	1	13
NODE_67818_length_1048_cov_1.849950	1048	2171	2.07	1	4
NODE_67821_length_1048_cov_1.565962	1048	2504	2.39	1	5
NODE_67865_length_1047_cov_3.076613	1047	3862	3.69	0	9
NODE_67890_length_1047_cov_2.480847	1047	3558	3.40	0	7
NODE_67941_length_1046_cov_3.007064	1046	4626	4.42	1	8
NODE_67956_length_1046_cov_2.620585	1046	3892	3.72	1	7
NODE_67999_length_1045_cov_3.815152	1045	4315	4.13	1	7
NODE_68024_length_1045_cov_2.913131	1045	3652	3.49	1	6
NODE_68071_length_1044_cov_11.553084	1044	15703	15.04	3	24
NODE_68099_length_1044_cov_3.359960	1044	3067	2.94	1	5
NODE_68151_length_1043_cov_5.419028	1043	7683	7.37	1	15
NODE_68156_length_1043_cov_4.428138	1043	5656	5.42	0	11
NODE_68180_length_1043_cov_2.707490	1043	3714	3.56	1	8
NODE_68213_length_1042_cov_5.961499	1042	6257	6.00	2	12
NODE_68220_length_1042_cov_4.628166	1042	4699	4.51	1	13
NODE_68232_length_1042_cov_3.509625	1042	4510	4.33	1	9
NODE_68250_length_1042_cov_2.791287	1042	4681	4.49	1	13
NODE_68266_length_1042_cov_2.253293	1042	3800	3.65	1	8
NODE_68302_length_1041_cov_3.943205	1041	5533	5.32	1	8
NODE_68307_length_1041_cov_3.605477	1041	4087	3.93	1	10
NODE_68317_length_1041_cov_3.217039	1041	5081	4.88	1	17
NODE_68325_length_1041_cov_2.751521	1041	4044	3.88	1	8
NODE_68365_length_1040_cov_4.123858	1040	5089	4.89	1	7
NODE_68391_length_1040_cov_3.018274	1040	3173	3.05	1	7
NODE_68417_length_1040_cov_1.811168	1040	3258	3.13	1	8
NODE_68447_length_1039_cov_3.587398	1039	3025	2.91	1	5
NODE_68450_length_1039_cov_3.419715	1039	3323	3.20	1	6
NODE_68457_length_1039_cov_3.109756	1039	2959	2.85	0	7
NODE_68464_length_1039_cov_2.913618	1039	3141	3.02	1	5
NODE_68469_length_1039_cov_2.831301	1039	4199	4.04	1	8
NODE_68477_length_1039_cov_2.719512	1039	3337	3.21	1	6
NODE_68484_length_1039_cov_2.447154	1039	2748	2.64	1	4
NODE_68550_length_1038_cov_2.695829	1038	3784	3.65	1	7
NODE_68566_length_1038_cov_1.904374	1038	3695	3.56	1	7
NODE_68588_length_1037_cov_4.116090	1037	4745	4.58	1	13
NODE_68590_length_1037_cov_3.940937	1037	4491	4.33	1	16
NODE_68605_length_1037_cov_2.992872	1037	3426	3.30	1	6
NODE_68623_length_1037_cov_2.317719	1037	3019	2.91	1	6
NODE_68633_length_1037_cov_1.984725	1037	3233	3.12	1	6
NODE_68637_length_1037_cov_1.865580	1037	3418	3.30	1	9
NODE_68662_length_1036_cov_3.003058	1036	3754	3.62	1	7
NODE_68670_length_1036_cov_2.739042	1036	4637	4.48	1	8
NODE_68687_length_1036_cov_2.160041	1036	2342	2.26	1	4
NODE_68720_length_1035_cov_3.582653	1035	6388	6.17	1	18
NODE_68729_length_1035_cov_3.154082	1035	4956	4.79	1	9
NODE_68731_length_1035_cov_3.030612	1035	3504	3.39	1	6
NODE_68740_length_1035_cov_2.632653	1035	3918	3.79	1	8
NODE_68742_length_1035_cov_2.527551	1035	4800	4.64	1	8
NODE_68813_length_1034_cov_3.110317	1034	5436	5.26	1	12
NODE_68817_length_1034_cov_3.001021	1034	4113	3.98	1	13
NODE_68823_length_1034_cov_2.522983	1034	2571	2.49	1	5
NODE_68890_length_1033_cov_2.775051	1033	2647	2.56	1	6
NODE_68893_length_1033_cov_2.710634	1033	4133	4.00	1	10
NODE_68896_length_1033_cov_2.507157	1033	2721	2.63	1	6
NODE_68900_length_1033_cov_2.331288	1033	2978	2.88	1	5
NODE_68909_length_1033_cov_1.983640	1033	4883	4.73	2	18
NODE_68984_length_1032_cov_2.221085	1032	3189	3.09	1	7
NODE_69047_length_1031_cov_2.853484	1031	3808	3.69	1	5
NODE_69050_length_1031_cov_2.734631	1031	3323	3.22	1	8
NODE_69054_length_1031_cov_2.609631	1031	2690	2.61	1	6
NODE_69056_length_1031_cov_2.528689	1031	4326	4.20	1	10
NODE_69059_length_1031_cov_2.468238	1031	4508	4.37	1	14
NODE_69062_length_1031_cov_2.382172	1031	4539	4.40	1	9
NODE_69068_length_1031_cov_2.107582	1031	2122	2.06	1	5
NODE_69114_length_1030_cov_2.985641	1030	4379	4.25	1	15
NODE_69118_length_1030_cov_2.916923	1030	4174	4.05	1	8
NODE_69146_length_1030_cov_1.858462	1030	2925	2.84	1	7
NODE_69258_length_1028_cov_3.582734	1028	4522	4.40	1	23
NODE_69279_length_1028_cov_2.782117	1028	2552	2.48	1	5
NODE_69285_length_1028_cov_2.553957	1028	3792	3.69	1	6
NODE_69299_length_1028_cov_2.076053	1028	4017	3.91	1	8
NODE_69312_length_1027_cov_6.378601	1027	17020	16.57	9	26
NODE_69333_length_1027_cov_3.245885	1027	5955	5.80	2	13
NODE_69348_length_1027_cov_2.778807	1027	5298	5.16	2	9
NODE_69360_length_1027_cov_2.188272	1027	2572	2.50	1	5
NODE_69364_length_1027_cov_2.105967	1027	3761	3.66	1	7
NODE_69387_length_1026_cov_4.166838	1026	4607	4.49	1	10
NODE_69390_length_1026_cov_3.831102	1026	6964	6.79	1	25
NODE_69434_length_1026_cov_2.015448	1026	3163	3.08	1	18
NODE_69477_length_1025_cov_3.219588	1025	5180	5.05	2	9
NODE_69492_length_1025_cov_2.800000	1025	4030	3.93	1	11
NODE_69507_length_1025_cov_2.027835	1025	3311	3.23	1	5
NODE_69598_length_1023_cov_4.788223	1023	5678	5.55	1	10
NODE_69612_length_1023_cov_3.350207	1023	5509	5.39	1	11
NODE_69613_length_1023_cov_3.265496	1023	4338	4.24	1	9
NODE_69631_length_1023_cov_2.595041	1023	3685	3.60	1	7
NODE_69641_length_1023_cov_2.076446	1023	2637	2.58	0	5
NODE_69661_length_1023_cov_1.441116	1023	2501	2.44	1	17
NODE_69675_length_1022_cov_3.783868	1022	6056	5.93	1	12
NODE_69717_length_1022_cov_2.518097	1022	4060	3.97	1	7
NODE_69760_length_1021_cov_3.817805	1021	3997	3.91	1	8
NODE_69784_length_1021_cov_2.598344	1021	3111	3.05	1	7
NODE_69797_length_1021_cov_2.247412	1021	2626	2.57	1	5
NODE_69819_length_1020_cov_4.076684	1020	4186	4.10	1	9
NODE_69826_length_1020_cov_3.647668	1020	4772	4.68	1	8
NODE_69863_length_1020_cov_2.249741	1020	4308	4.22	1	11
NODE_69864_length_1020_cov_2.232124	1020	3372	3.31	1	6
NODE_69870_length_1020_cov_2.045596	1020	3707	3.63	1	9
NODE_69906_length_1019_cov_3.410788	1019	3590	3.52	1	8
NODE_69911_length_1019_cov_3.313278	1019	8585	8.42	1	20
NODE_69916_length_1019_cov_3.085062	1019	6083	5.97	2	11
NODE_69928_length_1019_cov_2.643154	1019	3935	3.86	1	10
NODE_69937_length_1019_cov_2.365145	1019	2640	2.59	1	6
NODE_69943_length_1019_cov_2.064315	1019	2626	2.58	1	5
NODE_69964_length_1018_cov_4.547248	1018	5942	5.84	1	9
NODE_69975_length_1018_cov_3.713396	1018	4391	4.31	1	15
NODE_69978_length_1018_cov_3.619938	1018	4508	4.43	1	10
NODE_69996_length_1018_cov_2.863967	1018	3878	3.81	0	10
NODE_70022_length_1018_cov_1.862928	1018	2718	2.67	0	5
NODE_70060_length_1017_cov_3.355509	1017	4036	3.97	1	8
NODE_70090_length_1017_cov_2.551975	1017	3182	3.13	1	7
NODE_70096_length_1017_cov_2.372141	1017	5073	4.99	1	13
NODE_70159_length_1016_cov_3.143600	1016	3725	3.67	1	7
NODE_70165_length_1016_cov_2.882414	1016	5454	5.37	1	13
NODE_70173_length_1016_cov_2.612903	1016	4077	4.01	1	13
NODE_70178_length_1016_cov_2.448491	1016	2766	2.72	1	5
NODE_70207_length_1015_cov_4.066667	1015	5336	5.26	1	10
NODE_70212_length_1015_cov_3.877083	1015	4677	4.61	1	8
NODE_70217_length_1015_cov_3.707292	1015	4716	4.65	1	12
NODE_70227_length_1015_cov_3.126042	1015	3387	3.34	1	7
NODE_70249_length_1015_cov_2.379167	1015	3420	3.37	1	8
NODE_70252_length_1015_cov_2.270833	1015	3813	3.76	2	7
NODE_70307_length_1014_cov_2.571429	1014	2985	2.94	1	6
NODE_70313_length_1014_cov_2.328467	1014	4111	4.05	1	23
NODE_70318_length_1014_cov_2.138686	1014	2902	2.86	1	6
NODE_70320_length_1014_cov_2.025026	1014	2815	2.78	1	5
NODE_70377_length_1013_cov_2.631524	1013	5636	5.56	1	12
NODE_70392_length_1013_cov_1.871608	1013	6318	6.24	1	13
NODE_70425_length_1012_cov_3.375131	1012	3808	3.76	1	9
NODE_70488_length_1011_cov_4.647490	1011	5479	5.42	1	17
NODE_70501_length_1011_cov_3.498954	1011	4964	4.91	1	21
NODE_70514_length_1011_cov_3.061715	1011	5053	5.00	1	14
NODE_70515_length_1011_cov_2.878661	1011	2666	2.64	0	7
NODE_70524_length_1011_cov_2.467573	1011	4141	4.10	1	7
NODE_70539_length_1011_cov_2.099372	1011	2836	2.81	1	5
NODE_70540_length_1011_cov_2.083682	1011	3542	3.50	1	13
NODE_70573_length_1010_cov_3.724607	1010	4740	4.69	1	8
NODE_70593_length_1010_cov_2.919372	1010	3624	3.59	1	7
NODE_70603_length_1010_cov_2.383246	1010	4835	4.79	1	13
NODE_70619_length_1010_cov_1.679581	1010	2327	2.30	1	8
NODE_70682_length_1009_cov_2.125786	1009	3513	3.48	1	6
NODE_70691_length_1009_cov_1.796646	1009	2521	2.50	1	5
NODE_70693_length_1009_cov_1.740042	1009	3979	3.94	1	8
NODE_70694_length_1009_cov_1.731656	1009	3086	3.06	1	6
NODE_70723_length_1008_cov_3.428122	1008	3977	3.95	0	22
NODE_70730_length_1008_cov_3.110178	1008	4532	4.50	1	9
NODE_70737_length_1008_cov_2.792235	1008	5605	5.56	1	23
NODE_70785_length_1007_cov_4.492647	1007	4906	4.87	1	11
NODE_70816_length_1007_cov_3.165966	1007	3292	3.27	0	7
NODE_70852_length_1007_cov_1.879202	1007	2269	2.25	1	5
NODE_70903_length_1006_cov_2.812829	1006	2920	2.90	1	7
NODE_70904_length_1006_cov_2.799159	1006	7792	7.75	2	42
NODE_70923_length_1006_cov_2.368034	1006	2715	2.70	1	5
NODE_70960_length_1005_cov_3.724211	1005	5032	5.01	1	10
NODE_70965_length_1005_cov_3.505263	1005	3969	3.95	1	8
NODE_70972_length_1005_cov_3.227368	1005	3807	3.79	1	7
NODE_70987_length_1005_cov_2.653684	1005	2819	2.80	1	5
NODE_71004_length_1005_cov_1.935789	1005	2928	2.91	0	6
NODE_71038_length_1004_cov_3.752371	1004	2909	2.90	1	6
NODE_71045_length_1004_cov_3.220232	1004	5120	5.10	0	10
NODE_71079_length_1004_cov_2.123288	1004	3032	3.02	1	7
NODE_71104_length_1003_cov_4.194093	1003	6073	6.05	1	20
NODE_71107_length_1003_cov_3.908228	1003	3374	3.36	1	7
NODE_71113_length_1003_cov_3.371308	1003	3881	3.87	1	9
NODE_71133_length_1003_cov_2.651899	1003	4195	4.18	1	8
NODE_71225_length_1002_cov_2.669483	1002	3284	3.28	1	7
NODE_71228_length_1002_cov_2.604013	1002	3531	3.52	1	6
NODE_71233_length_1002_cov_2.518479	1002	6374	6.36	1	23
NODE_71248_length_1002_cov_1.876452	1002	3165	3.16	1	6
NODE_71286_length_1001_cov_3.557082	1001	4355	4.35	1	12
NODE_71297_length_1001_cov_3.355180	1001	3978	3.97	1	7
NODE_71299_length_1001_cov_3.284355	1001	4399	4.39	1	8
NODE_71305_length_1001_cov_3.151163	1001	3223	3.22	1	5
NODE_71323_length_1001_cov_2.630021	1001	2995	2.99	1	6
NODE_71366_length_1000_cov_4.481481	1000	5657	5.66	1	9
NODE_71382_length_1000_cov_3.440212	1000	3466	3.47	0	6
NODE_71402_length_1000_cov_2.795767	1000	3383	3.38	1	8
NODE_71433_length_1000_cov_2.037037	1000	2676	2.68	1	5
NODE_11_length_255988_cov_59.005044	255988	16784298	65.57	0	284
NODE_24_length_216890_cov_54.660654	216890	13379286	61.69	0	911
NODE_51_length_169899_cov_59.650309	169899	11361434	66.87	0	154
NODE_59_length_162493_cov_55.760746	162493	10138212	62.39	0	161
NODE_66_length_155510_cov_63.166537	155510	10923243	70.24	0	175
NODE_71_length_153070_cov_55.334876	153070	9524072	62.22	22	140
NODE_76_length_150647_cov_54.669836	150647	9430688	62.60	0	222
NODE_80_length_149789_cov_57.208470	149789	9858672	65.82	15	344
NODE_118_length_126980_cov_56.362584	126980	8243918	64.92	0	322
NODE_125_length_125125_cov_59.225698	125125	8336688	66.63	0	125
NODE_150_length_117718_cov_57.257515	117718	7573255	64.33	10	253
NODE_204_length_103636_cov_56.682085	103636	6626405	63.94	11	360
NODE_209_length_102959_cov_60.615360	102959	7188464	69.82	0	357
NODE_213_length_101483_cov_56.877874	101483	6602265	65.06	5	385
NODE_226_length_99303_cov_55.119529	99303	6186430	62.30	24	460
NODE_314_length_84839_cov_55.986365	84839	5308622	62.57	20	95
NODE_352_length_80683_cov_57.854517	80683	5225476	64.77	0	109
NODE_415_length_74873_cov_56.421262	74873	4777576	63.81	1	272
NODE_427_length_74140_cov_56.977931	74140	4764222	64.26	7	128
NODE_601_length_62361_cov_54.891840	62361	3821339	61.28	22	119
NODE_769_length_54776_cov_56.793370	54776	3907330	71.33	0	451
NODE_805_length_52908_cov_58.713602	52908	3466921	65.53	17	149
NODE_883_length_49911_cov_59.192214	49911	3295406	66.03	2	418
NODE_934_length_48203_cov_59.238494	48203	3217689	66.75	2	232
NODE_944_length_47752_cov_62.694635	47752	3333788	69.81	32	181
NODE_948_length_47632_cov_58.046325	47632	3179400	66.75	33	308
NODE_986_length_46863_cov_55.124274	46863	2914712	62.20	12	903
NODE_1234_length_40273_cov_55.373489	40273	2534780	62.94	24	189
NODE_1244_length_40074_cov_56.210000	40074	2556815	63.80	6	127
NODE_1388_length_37133_cov_55.262420	37133	2290354	61.68	17	152
NODE_1487_length_35165_cov_53.523868	35165	2165781	61.59	0	193
NODE_1509_length_34873_cov_57.213740	34873	2231712	64.00	0	103
NODE_1591_length_33814_cov_55.918155	33814	2115448	62.56	1	102
NODE_1630_length_33503_cov_60.647423	33503	2250968	67.19	30	100
NODE_1974_length_29227_cov_55.721240	29227	1825458	62.46	29	115
NODE_2016_length_28686_cov_57.262548	28686	1832955	63.90	31	98
NODE_2225_length_26885_cov_58.715952	26885	1765190	65.66	15	145
NODE_2337_length_25928_cov_54.912380	25928	1571140	60.60	33	113
NODE_2370_length_25604_cov_57.544327	25604	1632541	63.76	4	147
NODE_2445_length_25024_cov_55.417197	25024	1582584	63.24	17	228
NODE_2488_length_24703_cov_41.521016	24703	1144894	46.35	17	192
NODE_2529_length_24411_cov_59.031409	24411	1697002	69.52	25	170
NODE_2694_length_23323_cov_56.643502	23323	1481231	63.51	27	105
NODE_2733_length_23131_cov_54.250217	23131	1419947	61.39	1	95
NODE_2902_length_22150_cov_60.871147	22150	1942463	87.70	20	580
NODE_3147_length_20610_cov_55.779129	20610	1330543	64.56	31	197
NODE_3764_length_17880_cov_53.960954	17880	1074739	60.11	25	94
NODE_4089_length_16708_cov_58.374707	16708	1128521	67.54	33	141
NODE_4094_length_16692_cov_53.633107	16692	991764	59.42	22	82
NODE_4586_length_15132_cov_57.025801	15132	934691	61.77	0	110
NODE_4954_length_14059_cov_55.587118	14059	874387	62.19	35	90
NODE_5315_length_13251_cov_54.873371	13251	840588	63.44	18	135
NODE_5521_length_12780_cov_51.829862	12780	747850	58.52	16	88
NODE_5525_length_12768_cov_53.836309	12768	767803	60.13	0	93
NODE_5703_length_12445_cov_63.445601	12445	777464	62.47	19	195
NODE_5930_length_11974_cov_56.899824	11974	791612	66.11	11	182
NODE_6143_length_11563_cov_58.857751	11563	759402	65.68	23	216
NODE_6776_length_10473_cov_74.859666	10473	1139295	108.78	37	407
NODE_7402_length_9550_cov_59.961559	9550	644265	67.46	39	116
NODE_7963_length_8807_cov_50.874886	8807	510600	57.98	30	168
NODE_8375_length_8324_cov_54.175958	8324	507063	60.92	32	101
NODE_8387_length_8311_cov_62.223716	8311	578471	69.60	32	134
NODE_8923_length_7723_cov_54.844549	7723	474485	61.44	30	160
NODE_9447_length_7233_cov_46.353720	7233	432519	59.80	21	114
NODE_9634_length_7064_cov_56.529890	7064	449032	63.57	26	130
NODE_10202_length_6636_cov_54.832092	6636	406015	61.18	19	96
NODE_10283_length_6568_cov_101.064026	6568	1032854	157.26	32	661
NODE_10605_length_6359_cov_73.104378	6359	792305	124.60	38	453
NODE_11001_length_6075_cov_57.713123	6075	385861	63.52	17	87
NODE_11962_length_5498_cov_61.317656	5498	357923	65.10	20	149
NODE_12243_length_5349_cov_56.285040	5349	351693	65.75	14	156
NODE_14071_length_4572_cov_51.865176	4572	282636	61.82	13	131
NODE_14326_length_4472_cov_52.511886	4472	263178	58.85	27	125
NODE_15689_length_4050_cov_52.259074	4050	235989	58.27	14	85
NODE_16864_length_3757_cov_118.412480	3757	481561	128.18	94	159
NODE_22887_length_2798_cov_57.145097	2798	176015	62.91	9	85
NODE_24038_length_2674_cov_54.950363	2674	159485	59.64	25	77
NODE_28371_length_2293_cov_50.492404	2293	127317	55.52	14	81
NODE_28846_length_2257_cov_23.870118	2257	121855	53.99	15	181
NODE_29227_length_2229_cov_58.661454	2229	144318	64.75	44	88
NODE_40625_length_1660_cov_54.850467	1660	96241	57.98	21	75
NODE_1_length_532908_cov_62.093654	532908	36997391	69.43	33	181
NODE_2_length_444148_cov_61.133267	444148	30466217	68.59	27	135
NODE_53_length_166866_cov_61.791477	166866	11644940	69.79	35	265
NODE_62_length_157812_cov_63.574745	157812	11310631	71.67	38	371
NODE_70_length_154683_cov_62.316036	154683	10809149	69.88	1	101
NODE_79_length_149886_cov_62.352504	149886	10475172	69.89	19	193
NODE_117_length_127184_cov_62.054960	127184	8910088	70.06	35	230
NODE_130_length_122944_cov_60.867254	122944	8493146	69.08	34	158
NODE_131_length_122725_cov_62.266218	122725	8548448	69.66	2	246
NODE_135_length_122465_cov_62.940642	122465	8600389	70.23	21	122
NODE_173_length_112116_cov_60.586707	112116	7652673	68.26	15	462
NODE_354_length_80511_cov_61.563563	80511	5536997	68.77	17	125
NODE_388_length_77321_cov_60.854283	77321	5337817	69.03	1	370
NODE_596_length_62755_cov_60.970845	62755	4467389	71.19	17	420
NODE_666_length_59430_cov_62.975444	59430	4188691	70.48	12	111
NODE_842_length_51268_cov_63.664792	51268	3794107	74.01	0	256
NODE_910_length_48908_cov_62.196058	48908	3395646	69.43	31	104
NODE_24203_length_2659_cov_76.188556	2659	240153	90.32	0	292
NODE_16_length_242969_cov_47.913266	242969	13124524	54.02	0	265
NODE_44_length_176062_cov_49.006625	176062	9612699	54.60	0	213
NODE_88_length_144941_cov_47.886338	144941	7732454	53.35	21	451
NODE_93_length_141115_cov_48.908833	141115	7692399	54.51	24	114
NODE_120_length_126594_cov_48.097053	126594	6847430	54.09	0	135
NODE_156_length_115374_cov_48.732421	115374	6202520	53.76	0	91
NODE_157_length_114429_cov_50.961442	114429	6563752	57.36	0	241
NODE_161_length_114125_cov_47.881844	114125	6067271	53.16	0	101
NODE_185_length_108469_cov_49.164019	108469	5954680	54.90	0	136
NODE_205_length_103611_cov_48.193972	103611	6454381	62.29	3	970
NODE_224_length_99723_cov_49.300839	99723	5701102	57.17	0	322
NODE_255_length_93448_cov_49.299798	93448	5139877	55.00	21	208
NODE_339_length_82110_cov_48.633612	82110	4703181	57.28	27	520
NODE_355_length_80416_cov_48.941265	80416	4366956	54.30	0	208
NODE_713_length_57235_cov_47.204285	57235	3041522	53.14	0	190
NODE_774_length_54598_cov_46.922318	54598	2871873	52.60	0	92
NODE_798_length_53457_cov_47.721902	53457	3059516	57.23	8	350
NODE_1015_length_45996_cov_48.384646	45996	2466145	53.62	0	82
NODE_1026_length_45651_cov_49.279081	45651	2510226	54.99	0	181
NODE_1094_length_43730_cov_49.096394	43730	2444423	55.90	0	270
NODE_1138_length_42451_cov_48.926880	42451	2473567	58.27	0	245
NODE_1325_length_38362_cov_49.288355	38362	2081366	54.26	30	82
NODE_1333_length_38178_cov_50.252236	38178	2130647	55.81	16	90
NODE_1425_length_36492_cov_50.600406	36492	2033933	55.74	0	96
NODE_1467_length_35612_cov_47.893495	35612	1929032	54.17	23	129
NODE_1566_length_34161_cov_45.437225	34161	1879944	55.03	23	225
NODE_1582_length_33933_cov_50.402828	33933	1884805	55.54	0	169
NODE_1678_length_32956_cov_48.815294	32956	1781463	54.06	13	98
NODE_1792_length_31425_cov_48.481511	31425	1701000	54.13	0	85
NODE_1795_length_31396_cov_50.475416	31396	1751403	55.78	32	105
NODE_1942_length_29613_cov_48.980310	29613	1708826	57.71	20	654
NODE_2319_length_26054_cov_49.467403	26054	1430246	54.90	26	195
NODE_2322_length_26033_cov_48.074563	26033	1403112	53.90	28	189
NODE_2454_length_24960_cov_49.660550	24960	1354866	54.28	15	134
NODE_2635_length_23721_cov_49.036466	23721	1323386	55.79	29	102
NODE_2701_length_23278_cov_48.446282	23278	1258039	54.04	28	85
NODE_3319_length_19679_cov_49.805442	19679	1073989	54.58	16	79
NODE_3326_length_19655_cov_49.082449	19655	1081548	55.03	0	102
NODE_3528_length_18823_cov_49.951034	18823	1013690	53.85	14	271
NODE_3637_length_18373_cov_48.783601	18373	1304778	71.02	12	823
NODE_3777_length_17822_cov_48.784207	17822	1292971	72.55	17	674
NODE_3887_length_17336_cov_50.082923	17336	968536	55.87	32	285
NODE_4003_length_16967_cov_48.532521	16967	928064	54.70	29	84
NODE_5230_length_13437_cov_51.066134	13437	730778	54.39	21	100
NODE_5537_length_12755_cov_48.739764	12755	775068	60.77	30	565
NODE_5973_length_11900_cov_53.174335	11900	967029	81.26	34	886
NODE_6028_length_11800_cov_52.617284	11800	687520	58.26	35	235
NODE_8732_length_7926_cov_52.252954	7926	480020	60.56	6	293
NODE_8812_length_7839_cov_46.973407	7839	420947	53.70	0	120
NODE_9418_length_7264_cov_43.126647	7264	349594	48.13	18	67
NODE_9463_length_7221_cov_46.841055	7221	970560	134.41	13	1269
NODE_9543_length_7147_cov_46.768190	7147	379567	53.11	11	100
NODE_10130_length_6686_cov_49.332831	6686	750021	112.18	28	1057
NODE_10242_length_6595_cov_49.579664	6595	360292	54.63	21	77
NODE_10736_length_6264_cov_46.760348	6264	335864	53.62	26	266
NODE_12473_length_5229_cov_49.886548	5229	364435	69.69	17	353
NODE_12696_length_5137_cov_48.208383	5137	272053	52.96	22	88
NODE_14634_length_4366_cov_51.362097	4366	262734	60.18	16	194
NODE_14873_length_4284_cov_47.693072	4284	221585	51.72	25	78
NODE_16427_length_3864_cov_45.076923	3864	194010	50.21	25	73
NODE_16773_length_3774_cov_45.657704	3774	244705	64.84	29	296
NODE_17108_length_3705_cov_46.056164	3705	188599	50.90	14	76
NODE_19373_length_3267_cov_45.347447	3267	214435	65.64	6	298
NODE_21230_length_2994_cov_78.165362	2994	400105	133.64	36	866
NODE_27631_length_2349_cov_47.483435	2349	123876	52.74	37	79
NODE_27690_length_2344_cov_44.399301	2344	119222	50.86	34	75
NODE_30420_length_2153_cov_51.396568	2153	116920	54.31	16	84
NODE_36102_length_1842_cov_64.778959	1842	171084	92.88	16	167
NODE_37250_length_1793_cov_45.075374	1793	85694	47.79	13	63
NODE_275_length_89759_cov_25.251739	89759	2569848	28.63	9	85
NODE_871_length_50315_cov_24.047155	50315	1602445	31.85	8	513
NODE_945_length_47693_cov_6.198896	47693	403380	8.46	0	134
NODE_1031_length_45252_cov_5.885191	45252	297964	6.58	1	47
NODE_1260_length_39802_cov_25.424535	39802	1144084	28.74	11	146
NODE_1296_length_39143_cov_37.326827	39143	1625307	41.52	9	455
NODE_1867_length_30528_cov_37.351754	30528	1317036	43.14	0	90
NODE_2093_length_28045_cov_11.183315	28045	374752	13.36	1	32
NODE_2227_length_26874_cov_5.655953	26874	190140	7.08	1	34
NODE_2314_length_26099_cov_5.580210	26099	171429	6.57	1	27
NODE_2332_length_25955_cov_5.647529	25955	179327	6.91	0	111
NODE_2427_length_25218_cov_50.243572	25218	1492773	59.19	24	390
NODE_2688_length_23375_cov_5.925343	23375	157267	6.73	0	60
NODE_2743_length_23084_cov_19.064354	23084	653272	28.30	5	215
NODE_2806_length_22764_cov_5.639614	22764	149086	6.55	0	68
NODE_2857_length_22466_cov_6.172594	22466	164197	7.31	0	76
NODE_2858_length_22466_cov_5.923118	22466	158673	7.06	0	34
NODE_2876_length_22348_cov_5.692504	22348	144360	6.46	1	31
NODE_2914_length_22092_cov_6.215410	22092	169653	7.68	1	46
NODE_2998_length_21596_cov_5.521192	21596	152017	7.04	1	71
NODE_3109_length_20887_cov_5.970718	20887	142821	6.84	1	28
NODE_3192_length_20305_cov_5.807951	20305	130945	6.45	0	22
NODE_3244_length_20055_cov_5.956400	20055	135609	6.76	0	18
NODE_3249_length_20015_cov_5.852906	20015	132869	6.64	0	31
NODE_3353_length_19544_cov_6.017600	19544	127497	6.52	0	22
NODE_3469_length_19029_cov_5.441552	19029	116802	6.14	0	24
NODE_3481_length_18999_cov_5.006018	18999	123736	6.51	1	23
NODE_3555_length_18709_cov_5.612684	18709	125650	6.72	1	23
NODE_3612_length_18488_cov_5.877177	18488	130677	7.07	0	48
NODE_3666_length_18255_cov_6.519066	18255	153359	8.40	1	39
NODE_3785_length_17774_cov_19.932840	17774	404602	22.76	0	58
NODE_3796_length_17751_cov_5.261754	17751	113366	6.39	1	29
NODE_3808_length_17712_cov_6.463216	17712	121755	6.87	0	50
NODE_3818_length_17676_cov_5.849668	17676	122889	6.95	0	65
NODE_3853_length_17498_cov_5.865562	17498	116839	6.68	1	29
NODE_3854_length_17498_cov_5.449865	17498	115290	6.59	0	37
NODE_3859_length_17478_cov_6.204442	17478	122606	7.01	1	52
NODE_3864_length_17443_cov_5.799689	17443	117498	6.74	0	25
NODE_3883_length_17367_cov_5.679529	17367	111247	6.41	1	15
NODE_3928_length_17188_cov_14.715636	17188	794357	46.22	8	80
NODE_3975_length_17048_cov_6.047196	17048	123834	7.26	1	39
NODE_4107_length_16629_cov_6.462471	16629	117621	7.07	1	30
NODE_4165_length_16425_cov_5.855651	16425	110562	6.73	1	18
NODE_4276_length_16037_cov_6.081717	16037	106057	6.61	0	21
NODE_4347_length_15755_cov_6.253121	15755	104804	6.65	1	23
NODE_4386_length_15644_cov_6.572647	15644	107553	6.88	1	23
NODE_4419_length_15550_cov_5.573992	15550	98199	6.32	0	18
NODE_4479_length_15368_cov_5.712467	15368	100849	6.56	1	22
NODE_4667_length_14868_cov_4.919193	14868	89390	6.01	1	28
NODE_4671_length_14860_cov_5.815670	14860	99402	6.69	1	26
NODE_4692_length_14778_cov_5.938532	14778	97756	6.61	0	14
NODE_4731_length_14677_cov_6.178908	14677	98322	6.70	1	33
NODE_4737_length_14659_cov_5.788962	14659	95663	6.53	1	18
NODE_4771_length_14572_cov_5.483364	14572	99087	6.80	0	22
NODE_4781_length_14545_cov_5.428364	14545	90948	6.25	0	15
NODE_4796_length_14487_cov_5.817004	14487	92922	6.41	1	19
NODE_4826_length_14412_cov_5.728356	14412	88840	6.16	1	19
NODE_4879_length_14278_cov_5.583281	14278	96623	6.77	1	20
NODE_4922_length_14144_cov_7.541344	14144	120866	8.55	1	66
NODE_4927_length_14132_cov_5.765362	14132	90525	6.41	1	22
NODE_4939_length_14098_cov_5.812932	14098	91532	6.49	1	19
NODE_4970_length_14025_cov_6.686185	14025	120687	8.61	1	48
NODE_5032_length_13877_cov_6.242078	13877	95260	6.86	1	24
NODE_5035_length_13866_cov_5.773586	13866	99514	7.18	0	48
NODE_5054_length_13829_cov_6.277116	13829	93880	6.79	1	19
NODE_5111_length_13716_cov_5.423102	13716	91252	6.65	1	27
NODE_5121_length_13683_cov_5.573672	13683	91228	6.67	1	27
NODE_5155_length_13602_cov_5.773824	13602	91691	6.74	0	17
NODE_5178_length_13545_cov_6.220163	13545	94507	6.98	1	18
NODE_5227_length_13442_cov_6.533129	13442	95262	7.09	1	20
NODE_5377_length_13101_cov_5.858884	13101	84393	6.44	1	15
NODE_5433_length_12957_cov_5.447605	12957	84631	6.53	1	31
NODE_5452_length_12918_cov_5.686854	12918	82083	6.35	1	25
NODE_5453_length_12916_cov_5.436125	12916	82922	6.42	1	23
NODE_5571_length_12688_cov_6.158632	12688	89422	7.05	1	17
NODE_5577_length_12681_cov_6.027800	12681	102539	8.09	1	52
NODE_5579_length_12679_cov_6.672132	12679	105676	8.33	1	51
NODE_5590_length_12667_cov_5.296702	12667	79057	6.24	1	34
NODE_5601_length_12658_cov_5.308736	12658	79678	6.29	0	26
NODE_5610_length_12640_cov_5.865475	12640	83087	6.57	0	19
NODE_5676_length_12497_cov_5.541472	12497	86333	6.91	1	46
NODE_5732_length_12397_cov_5.729947	12397	99620	8.04	1	40
NODE_5734_length_12392_cov_5.599416	12392	82835	6.68	1	22
NODE_5760_length_12303_cov_5.976486	12303	82976	6.74	1	29
NODE_5813_length_12220_cov_5.825154	12220	76675	6.27	1	20
NODE_5827_length_12194_cov_6.326304	12194	87947	7.21	0	33
NODE_5837_length_12177_cov_5.812242	12177	93339	7.67	0	39
NODE_5854_length_12134_cov_6.347545	12134	84020	6.92	1	17
NODE_5855_length_12134_cov_5.493418	12134	84093	6.93	1	30
NODE_5869_length_12096_cov_6.039033	12096	80234	6.63	1	35
NODE_5888_length_12052_cov_5.795782	12052	83686	6.94	1	47
NODE_5901_length_12025_cov_4.608438	12025	70425	5.86	1	32
NODE_5965_length_11918_cov_5.738599	11918	71725	6.02	1	36
NODE_5992_length_11865_cov_5.238950	11865	100630	8.48	1	502
NODE_6012_length_11825_cov_5.750382	11825	83978	7.10	1	41
NODE_6037_length_11778_cov_5.813017	11778	102785	8.73	1	38
NODE_6055_length_11731_cov_5.909986	11731	81539	6.95	1	21
NODE_6064_length_11709_cov_5.957440	11709	79987	6.83	0	26
NODE_6066_length_11699_cov_5.893164	11699	76427	6.53	1	20
NODE_6081_length_11670_cov_5.696685	11670	75109	6.44	0	28
NODE_6086_length_11660_cov_6.841706	11660	89562	7.68	0	19
NODE_6090_length_11653_cov_5.961804	11653	112769	9.68	0	70
NODE_6092_length_11650_cov_5.778008	11650	82476	7.08	1	35
NODE_6136_length_11582_cov_5.519476	11582	77476	6.69	1	97
NODE_6140_length_11575_cov_20.263628	11575	262165	22.65	6	58
NODE_6201_length_11457_cov_5.617611	11457	71967	6.28	0	16
NODE_6281_length_11301_cov_5.285168	11301	69325	6.13	0	26
NODE_6321_length_11222_cov_5.271962	11222	66806	5.95	0	16
NODE_6341_length_11190_cov_5.023619	11190	64526	5.77	1	32
NODE_6391_length_11101_cov_5.580663	11101	68922	6.21	1	15
NODE_6415_length_11067_cov_9.453142	11067	130130	11.76	2	159
NODE_6426_length_11046_cov_5.405605	11046	70665	6.40	1	15
NODE_6492_length_10914_cov_5.345888	10914	74213	6.80	1	35
NODE_6509_length_10892_cov_5.011350	10892	65379	6.00	0	28
NODE_6540_length_10828_cov_5.914694	10828	74234	6.86	0	16
NODE_6632_length_10695_cov_5.809398	10695	69233	6.47	1	27
NODE_6640_length_10687_cov_5.147761	10687	68832	6.44	1	61
NODE_6656_length_10661_cov_5.772582	10661	68037	6.38	0	18
NODE_6668_length_10646_cov_6.686243	10646	76228	7.16	1	20
NODE_6713_length_10550_cov_22.381801	10550	320177	30.35	4	99
NODE_6715_length_10548_cov_6.525493	10548	73719	6.99	1	16
NODE_6746_length_10498_cov_6.765297	10498	77596	7.39	1	31
NODE_6832_length_10387_cov_5.621274	10387	61923	5.96	1	17
NODE_6836_length_10381_cov_11.123378	10381	170742	16.45	3	36
NODE_6845_length_10361_cov_5.977198	10361	67529	6.52	1	23
NODE_6879_length_10307_cov_5.715178	10307	65245	6.33	0	15
NODE_6895_length_10273_cov_6.125269	10273	75382	7.34	0	27
NODE_6930_length_10220_cov_4.945204	10220	60652	5.93	1	16
NODE_7022_length_10077_cov_4.808621	10077	63523	6.30	1	42
NODE_7033_length_10058_cov_6.607718	10058	76672	7.62	0	35
NODE_7080_length_9979_cov_5.545848	9979	65886	6.60	1	59
NODE_7081_length_9979_cov_5.212616	9979	61451	6.16	0	15
NODE_7097_length_9957_cov_5.439002	9957	66457	6.67	0	26
NODE_7111_length_9943_cov_6.311388	9943	70535	7.09	1	19
NODE_7177_length_9866_cov_5.893385	9866	64389	6.53	1	21
NODE_7190_length_9845_cov_6.267314	9845	81184	8.25	0	59
NODE_7236_length_9770_cov_4.714462	9770	58471	5.98	1	34
NODE_7240_length_9765_cov_5.178579	9765	67100	6.87	1	37
NODE_7271_length_9721_cov_6.134389	9721	68214	7.02	1	15
NODE_7301_length_9686_cov_5.937805	9686	67492	6.97	1	33
NODE_7309_length_9675_cov_5.268815	9675	56941	5.89	1	17
NODE_7322_length_9659_cov_6.306435	9659	73025	7.56	0	39
NODE_7356_length_9615_cov_6.189540	9615	65727	6.84	0	17
NODE_7367_length_9596_cov_5.573210	9596	71308	7.43	1	46
NODE_7388_length_9565_cov_6.095163	9565	75990	7.94	1	44
NODE_7392_length_9562_cov_5.834227	9562	59995	6.27	0	18
NODE_7407_length_9538_cov_5.663398	9538	61706	6.47	1	20
NODE_7419_length_9524_cov_6.445242	9524	73279	7.69	1	18
NODE_7424_length_9520_cov_5.257369	9520	58271	6.12	1	23
NODE_7435_length_9506_cov_5.144112	9506	55295	5.82	1	16
NODE_7463_length_9469_cov_5.609518	9469	60096	6.35	1	45
NODE_7545_length_9338_cov_5.978994	9338	59225	6.34	0	18
NODE_7569_length_9301_cov_5.829440	9301	62692	6.74	0	50
NODE_7615_length_9249_cov_5.474984	9249	58907	6.37	1	15
NODE_7622_length_9230_cov_6.200327	9230	63606	6.89	1	18
NODE_7670_length_9177_cov_6.015019	9177	69632	7.59	1	123
NODE_7690_length_9149_cov_5.385749	9149	57818	6.32	1	14
NODE_7717_length_9105_cov_5.594254	9105	57636	6.33	0	31
NODE_7778_length_9046_cov_18.391948	9046	533279	58.95	9	262
NODE_7841_length_8966_cov_5.999327	8966	58483	6.52	1	15
NODE_7844_length_8962_cov_5.465140	8962	58306	6.51	0	29
NODE_7857_length_8941_cov_4.448908	8941	48023	5.37	1	19
NODE_7860_length_8938_cov_5.782168	8938	59227	6.63	1	16
NODE_7874_length_8926_cov_5.746815	8926	57039	6.39	1	18
NODE_7876_length_8923_cov_6.051308	8923	62225	6.97	1	18
NODE_7917_length_8864_cov_5.214780	8864	53370	6.02	1	18
NODE_7934_length_8841_cov_5.334737	8841	132673	15.01	0	481
NODE_7955_length_8817_cov_5.202579	8817	57012	6.47	1	83
NODE_8003_length_8762_cov_5.735385	8762	61441	7.01	1	21
NODE_8065_length_8683_cov_5.898934	8683	59716	6.88	1	20
NODE_8117_length_8624_cov_5.732991	8624	61057	7.08	1	22
NODE_8144_length_8591_cov_5.247657	8591	52476	6.11	1	14
NODE_8153_length_8580_cov_5.175015	8580	49940	5.82	0	14
NODE_8160_length_8573_cov_5.719066	8573	53628	6.26	1	14
NODE_8178_length_8544_cov_4.831076	8544	48104	5.63	1	15
NODE_8188_length_8535_cov_4.972052	8535	50849	5.96	1	21
NODE_8198_length_8521_cov_5.531065	8521	54440	6.39	1	19
NODE_8230_length_8492_cov_5.334835	8492	56881	6.70	1	18
NODE_8285_length_8432_cov_5.422466	8432	63379	7.52	1	45
NODE_8302_length_8410_cov_9.853621	8410	117756	14.00	2	225
NODE_8318_length_8394_cov_6.102171	8394	53047	6.32	0	16
NODE_8324_length_8386_cov_6.132997	8386	57745	6.89	1	14
NODE_8340_length_8365_cov_6.510590	8365	60618	7.25	0	19
NODE_8346_length_8362_cov_6.550981	8362	60714	7.26	0	21
NODE_8372_length_8332_cov_5.511538	8332	50735	6.09	0	16
NODE_8403_length_8296_cov_6.033855	8296	55520	6.69	1	16
NODE_8406_length_8293_cov_5.174314	8293	46905	5.66	0	12
NODE_8408_length_8290_cov_6.560534	8290	69745	8.41	1	26
NODE_8431_length_8263_cov_5.379264	8263	49990	6.05	1	17
NODE_8471_length_8211_cov_5.902894	8211	55607	6.77	0	16
NODE_8500_length_8180_cov_5.148308	8180	50045	6.12	1	15
NODE_8505_length_8173_cov_6.913156	8173	60734	7.43	1	21
NODE_8512_length_8168_cov_6.060027	8168	56957	6.97	1	30
NODE_8536_length_8145_cov_5.826576	8145	57727	7.09	1	33
NODE_8598_length_8074_cov_5.656316	8074	51817	6.42	0	16
NODE_8604_length_8069_cov_4.326554	8069	40088	4.97	1	15
NODE_8649_length_8006_cov_5.213055	8006	47601	5.95	1	24
NODE_8653_length_8002_cov_5.081792	8002	49142	6.14	1	21
NODE_8710_length_7950_cov_7.170994	7950	66953	8.42	1	21
NODE_8720_length_7937_cov_6.098833	7937	53875	6.79	0	16
NODE_8737_length_7917_cov_5.664844	7917	49162	6.21	1	15
NODE_8761_length_7891_cov_5.143185	7891	48139	6.10	0	27
NODE_8781_length_7863_cov_6.111424	7863	53116	6.76	1	19
NODE_8787_length_7856_cov_5.817203	7856	47813	6.09	1	15
NODE_8815_length_7836_cov_5.125048	7836	45736	5.84	1	13
NODE_8831_length_7814_cov_6.277871	7814	59840	7.66	1	25
NODE_8861_length_7789_cov_5.569563	7789	54298	6.97	1	26
NODE_8878_length_7777_cov_5.917638	7777	51305	6.60	1	44
NODE_8887_length_7771_cov_5.719025	7771	84001	10.81	1	78
NODE_8947_length_7699_cov_6.919283	7699	57889	7.52	1	26
NODE_8963_length_7680_cov_5.111213	7680	46019	5.99	0	21
NODE_9009_length_7634_cov_6.178124	7634	45455	5.95	1	14
NODE_9022_length_7621_cov_5.026566	7621	45393	5.96	1	24
NODE_9034_length_7611_cov_4.545130	7611	41378	5.44	0	64
NODE_9073_length_7562_cov_5.254829	7562	48441	6.41	0	24
NODE_9168_length_7486_cov_6.114251	7486	55973	7.48	0	18
NODE_9257_length_7415_cov_5.705299	7415	47762	6.44	1	16
NODE_9298_length_7373_cov_6.995764	7373	73753	10.00	1	66
NODE_9311_length_7362_cov_5.832626	7362	51185	6.95	1	20
NODE_9416_length_7268_cov_6.263968	7268	51666	7.11	1	23
NODE_9433_length_7249_cov_6.274534	7249	49987	6.90	1	17
NODE_9495_length_7184_cov_6.699116	7184	51050	7.11	1	15
NODE_9507_length_7173_cov_5.317505	7173	45031	6.28	1	16
NODE_9535_length_7155_cov_5.580141	7155	44250	6.18	1	15
NODE_9544_length_7147_cov_5.232375	7147	44025	6.16	1	13
NODE_9546_length_7143_cov_119.914362	7143	934437	130.82	40	176
NODE_9566_length_7121_cov_5.797905	7121	44725	6.28	1	20
NODE_9582_length_7108_cov_4.337870	7108	36105	5.08	1	30
NODE_9675_length_7037_cov_5.810226	7037	44680	6.35	1	18
NODE_9690_length_7028_cov_4.831063	7028	40561	5.77	0	22
NODE_9701_length_7013_cov_5.344639	7013	44465	6.34	1	21
NODE_9720_length_7002_cov_6.399309	7002	48533	6.93	1	20
NODE_9736_length_6989_cov_5.951399	6989	49392	7.07	1	17
NODE_9767_length_6967_cov_6.090133	6967	46553	6.68	1	17
NODE_9820_length_6918_cov_5.511147	6918	45106	6.52	1	35
NODE_9827_length_6914_cov_6.235457	6914	51438	7.44	0	27
NODE_9840_length_6905_cov_4.406569	6905	37152	5.38	1	13
NODE_9871_length_6882_cov_5.969826	6882	61189	8.89	1	44
NODE_9872_length_6881_cov_5.998828	6881	47515	6.91	1	24
NODE_9904_length_6855_cov_5.960000	6855	42623	6.22	1	34
NODE_9950_length_6818_cov_5.541328	6818	43954	6.45	1	17
NODE_9974_length_6801_cov_5.797510	6801	44602	6.56	0	24
NODE_9991_length_6789_cov_5.956044	6789	47863	7.05	1	15
NODE_10054_length_6738_cov_6.444262	6738	48117	7.14	0	17
NODE_10139_length_6680_cov_6.999849	6680	50727	7.59	2	18
NODE_10141_length_6680_cov_4.985057	6680	198362	29.69	1	3325
NODE_10151_length_6678_cov_5.463083	6678	40155	6.01	1	13
NODE_10181_length_6656_cov_5.730192	6656	43568	6.55	0	16
NODE_10195_length_6642_cov_5.664794	6642	40962	6.17	0	16
NODE_10200_length_6637_cov_5.593285	6637	51504	7.76	1	71
NODE_10237_length_6602_cov_4.795173	6602	34716	5.26	0	24
NODE_10240_length_6598_cov_6.311631	6598	42712	6.47	0	25
NODE_10259_length_6585_cov_6.237213	6585	42161	6.40	1	15
NODE_10269_length_6578_cov_6.199448	6578	57648	8.76	1	30
NODE_10276_length_6574_cov_4.783709	6574	40003	6.09	1	30
NODE_10278_length_6572_cov_4.901335	6572	36798	5.60	1	15
NODE_10295_length_6562_cov_5.974335	6562	45213	6.89	1	16
NODE_10309_length_6549_cov_5.351247	6549	37501	5.73	1	12
NODE_10332_length_6534_cov_5.334928	6534	39840	6.10	0	21
NODE_10351_length_6520_cov_5.356690	6520	41732	6.40	1	28
NODE_10367_length_6509_cov_5.417261	6509	40288	6.19	0	15
NODE_10374_length_6507_cov_5.323001	6507	37389	5.75	1	15
NODE_10446_length_6467_cov_5.512789	6467	44393	6.86	1	26
NODE_10455_length_6462_cov_5.507570	6462	47079	7.29	1	28
NODE_10459_length_6461_cov_5.465189	6461	37275	5.77	0	15
NODE_10482_length_6448_cov_6.728140	6448	46998	7.29	1	26
NODE_10563_length_6396_cov_5.680177	6396	45796	7.16	1	21
NODE_10576_length_6387_cov_5.406822	6387	39285	6.15	0	15
NODE_10589_length_6374_cov_6.361133	6374	50335	7.90	1	33
NODE_10632_length_6347_cov_53.164495	6347	478364	75.37	25	555
NODE_10676_length_6311_cov_5.690537	6311	44727	7.09	1	24
NODE_10688_length_6301_cov_42.040986	6301	309308	49.09	16	140
NODE_10691_length_6300_cov_5.172778	6300	42609	6.76	1	21
NODE_10719_length_6280_cov_5.601928	6280	38335	6.10	1	15
NODE_10728_length_6269_cov_5.875443	6269	45986	7.34	1	29
NODE_10735_length_6265_cov_5.533172	6265	39374	6.28	1	13
NODE_10887_length_6155_cov_5.226721	6155	38550	6.26	1	16
NODE_10903_length_6135_cov_6.394737	6135	44156	7.20	1	27
NODE_10932_length_6118_cov_5.821211	6118	35833	5.86	1	24
NODE_10989_length_6087_cov_4.573110	6087	36832	6.05	1	31
NODE_11082_length_6019_cov_6.202046	6019	43216	7.18	1	80
NODE_11121_length_6001_cov_6.412378	6001	44698	7.45	1	68
NODE_11140_length_5983_cov_5.450236	5983	39354	6.58	1	16
NODE_11146_length_5980_cov_5.997131	5980	37812	6.32	1	35
NODE_11151_length_5979_cov_5.215057	5979	36259	6.06	1	18
NODE_11186_length_5960_cov_5.294327	5960	34639	5.81	1	16
NODE_11198_length_5953_cov_5.081044	5953	35727	6.00	0	18
NODE_11237_length_5924_cov_5.712728	5924	40377	6.82	1	19
NODE_11263_length_5906_cov_5.011622	5906	33204	5.62	1	15
NODE_11264_length_5904_cov_5.996239	5904	40078	6.79	1	15
NODE_11269_length_5902_cov_5.961006	5902	46441	7.87	1	29
NODE_11275_length_5899_cov_5.569473	5899	39210	6.65	2	18
NODE_11296_length_5886_cov_5.962614	5886	43943	7.47	0	21
NODE_11331_length_5863_cov_4.713671	5863	32322	5.51	1	13
NODE_11402_length_5820_cov_5.674588	5820	36423	6.26	1	15
NODE_11489_length_5765_cov_5.877583	5765	39524	6.86	0	25
NODE_11501_length_5759_cov_4.316445	5759	29126	5.06	1	11
NODE_11514_length_5753_cov_5.904001	5753	41034	7.13	1	20
NODE_11523_length_5743_cov_6.266702	5743	39992	6.96	1	14
NODE_11525_length_5742_cov_5.377352	5742	37460	6.52	1	19
NODE_11540_length_5733_cov_6.801691	5733	42004	7.33	1	56
NODE_11543_length_5731_cov_12.473397	5731	58573	10.22	1	34
NODE_11559_length_5721_cov_5.390399	5721	36051	6.30	1	22
NODE_11585_length_5707_cov_6.406405	5707	41123	7.21	1	14
NODE_11594_length_5702_cov_6.698070	5702	39203	6.88	0	17
NODE_11617_length_5689_cov_5.822151	5689	39294	6.91	1	17
NODE_11659_length_5670_cov_4.894924	5670	33339	5.88	1	13
NODE_11662_length_5667_cov_5.084462	5667	36735	6.48	1	32
NODE_11667_length_5665_cov_5.163636	5665	34942	6.17	1	23
NODE_11669_length_5662_cov_5.247191	5662	31948	5.64	1	12
NODE_11695_length_5647_cov_6.542382	5647	38063	6.74	1	14
NODE_11712_length_5638_cov_5.319004	5638	32977	5.85	1	23
NODE_11719_length_5633_cov_6.788455	5633	41068	7.29	1	24
NODE_11747_length_5618_cov_5.468992	5618	41417	7.37	1	28
NODE_11788_length_5589_cov_6.140043	5589	40044	7.16	1	17
NODE_11797_length_5586_cov_4.958597	5586	33167	5.94	1	17
NODE_11805_length_5583_cov_4.785275	5583	32263	5.78	1	20
NODE_11864_length_5553_cov_5.832666	5553	34808	6.27	1	18
NODE_11865_length_5553_cov_5.804838	5553	38914	7.01	0	19
NODE_11879_length_5546_cov_6.327445	5546	39755	7.17	1	15
NODE_11909_length_5527_cov_5.606360	5527	34135	6.18	1	16
NODE_11943_length_5510_cov_5.536389	5510	34601	6.28	1	14
NODE_11971_length_5494_cov_5.771649	5494	39150	7.13	1	37
NODE_12034_length_5462_cov_5.149436	5462	33191	6.08	1	23
NODE_12069_length_5446_cov_6.197366	5446	38176	7.01	1	16
NODE_12072_length_5445_cov_5.525046	5445	33964	6.24	1	45
NODE_12084_length_5441_cov_4.927404	5441	30810	5.66	0	17
NODE_12086_length_5440_cov_5.424327	5440	32044	5.89	0	14
NODE_12150_length_5405_cov_6.053458	5405	36828	6.81	1	26
NODE_12175_length_5389_cov_6.018935	5389	35946	6.67	0	15
NODE_12179_length_5387_cov_5.794824	5387	33963	6.30	1	16
NODE_12199_length_5376_cov_5.600075	5376	34134	6.35	1	26
NODE_12229_length_5360_cov_5.226202	5360	32660	6.09	1	17
NODE_12308_length_5314_cov_5.476136	5314	34369	6.47	0	24
NODE_12319_length_5308_cov_5.418999	5308	34345	6.47	1	64
NODE_12339_length_5298_cov_4.662407	5298	28983	5.47	1	26
NODE_12343_length_5297_cov_4.943151	5297	49253	9.30	1	60
NODE_12364_length_5286_cov_5.958899	5286	35683	6.75	1	17
NODE_12378_length_5278_cov_5.215011	5278	29904	5.67	1	13
NODE_12395_length_5270_cov_6.139981	5270	34834	6.61	0	12
NODE_12413_length_5263_cov_4.900538	5263	29353	5.58	1	11
NODE_12427_length_5256_cov_6.152278	5256	43991	8.37	1	58
NODE_12439_length_5250_cov_5.989798	5250	34405	6.55	1	22
NODE_12444_length_5248_cov_4.698055	5248	28689	5.47	1	19
NODE_12459_length_5237_cov_7.104786	5237	38972	7.44	1	37
NODE_12471_length_5230_cov_5.248116	5230	32001	6.12	1	22
NODE_12509_length_5212_cov_4.966259	5212	29528	5.67	1	18
NODE_12538_length_5202_cov_5.110938	5202	40643	7.81	1	101
NODE_12557_length_5195_cov_5.991245	5195	46700	8.99	1	115
NODE_12582_length_5184_cov_5.891402	5184	36517	7.04	1	50
NODE_12626_length_5166_cov_5.713755	5166	32598	6.31	1	12
NODE_12718_length_5131_cov_4.868400	5131	29369	5.72	1	27
NODE_12749_length_5121_cov_6.440782	5121	36310	7.09	1	18
NODE_12753_length_5119_cov_6.463863	5119	37596	7.34	1	17
NODE_12843_length_5078_cov_5.153096	5078	30633	6.03	0	22
NODE_12844_length_5077_cov_6.930904	5077	36887	7.27	1	35
NODE_12905_length_5048_cov_5.499900	5048	31937	6.33	1	15
NODE_12914_length_5044_cov_5.998797	5044	32176	6.38	1	17
NODE_12972_length_5019_cov_5.448832	5019	30173	6.01	1	12
NODE_12991_length_5013_cov_5.912061	5013	34881	6.96	1	25
NODE_13054_length_4982_cov_4.874163	4982	36697	7.37	0	44
NODE_13083_length_4971_cov_5.004068	4971	29084	5.85	1	14
NODE_13140_length_4944_cov_6.268767	4944	35672	7.22	1	28
NODE_13169_length_4934_cov_4.403566	4934	26607	5.39	1	21
NODE_13277_length_4891_cov_5.755997	4891	30212	6.18	0	11
NODE_13326_length_4875_cov_5.388382	4875	30954	6.35	1	19
NODE_13399_length_4841_cov_5.048057	4841	29313	6.06	1	15
NODE_13440_length_4821_cov_4.186110	4821	25252	5.24	1	14
NODE_13524_length_4786_cov_6.655464	4786	36091	7.54	1	20
NODE_13597_length_4757_cov_5.648660	4757	30148	6.34	1	15
NODE_13598_length_4757_cov_5.217567	4757	29775	6.26	1	15
NODE_13681_length_4723_cov_6.511782	4723	36878	7.81	1	22
NODE_13700_length_4712_cov_6.027486	4712	30018	6.37	1	14
NODE_13742_length_4698_cov_6.419772	4698	33274	7.08	1	16
NODE_13822_length_4670_cov_5.122644	4670	28547	6.11	1	82
NODE_13896_length_4640_cov_6.642312	4640	47018	10.13	0	53
NODE_13953_length_4617_cov_5.478518	4617	29792	6.45	1	21
NODE_13959_length_4613_cov_6.131856	4613	27824	6.03	0	14
NODE_13989_length_4603_cov_3.937335	4603	21436	4.66	1	14
NODE_14006_length_4597_cov_5.158961	4597	28072	6.11	1	17
NODE_14067_length_4573_cov_5.750332	4573	28238	6.17	1	14
NODE_14148_length_4541_cov_5.357780	4541	26238	5.78	1	16
NODE_14161_length_4536_cov_6.605445	4536	32728	7.22	1	16
NODE_14180_length_4531_cov_5.784182	4531	29414	6.49	1	15
NODE_14184_length_4527_cov_5.555903	4527	29386	6.49	1	26
NODE_14195_length_4522_cov_6.369152	4522	54389	12.03	1	35
NODE_14219_length_4513_cov_5.244504	4513	27862	6.17	1	14
NODE_14242_length_4505_cov_4.380449	4505	23776	5.28	1	12
NODE_14270_length_4496_cov_5.878856	4496	28106	6.25	1	13
NODE_14298_length_4485_cov_5.069074	4485	25438	5.67	0	12
NODE_14311_length_4479_cov_4.009042	4479	20264	4.52	1	11
NODE_14316_length_4477_cov_4.823609	4477	25012	5.59	1	24
NODE_14318_length_4476_cov_6.105632	4476	28591	6.39	1	15
NODE_14319_length_4476_cov_5.868129	4476	30807	6.88	1	15
NODE_14350_length_4466_cov_5.144865	4466	26062	5.84	1	15
NODE_14379_length_4457_cov_4.983417	4457	26385	5.92	1	15
NODE_14400_length_4450_cov_5.253242	4450	31234	7.02	1	46
NODE_14441_length_4433_cov_7.534262	4433	34847	7.86	1	17
NODE_14475_length_4423_cov_5.586310	4423	31459	7.11	0	58
NODE_14534_length_4400_cov_5.001611	4400	24596	5.59	1	20
NODE_14612_length_4375_cov_5.436343	4375	25621	5.86	0	14
NODE_14629_length_4368_cov_5.396476	4368	28234	6.46	1	71
NODE_14637_length_4365_cov_4.383759	4365	23641	5.42	1	15
NODE_14724_length_4337_cov_4.986455	4337	23857	5.50	1	14
NODE_14731_length_4334_cov_4.704604	4334	25137	5.80	1	14
NODE_14763_length_4322_cov_6.436372	4322	28870	6.68	1	16
NODE_14902_length_4278_cov_5.319441	4278	26171	6.12	1	13
NODE_14948_length_4264_cov_4.754098	4264	25122	5.89	1	14
NODE_15008_length_4246_cov_4.997375	4246	26068	6.14	1	26
NODE_15011_length_4245_cov_197.950358	4245	992352	233.77	97	985
NODE_15024_length_4239_cov_5.160612	4239	21978	5.18	1	32
NODE_15042_length_4234_cov_6.092606	4234	27427	6.48	1	16
NODE_15069_length_4227_cov_5.036194	4227	24240	5.73	1	15
NODE_15074_length_4226_cov_5.436586	4226	24636	5.83	0	18
NODE_15090_length_4221_cov_6.061690	4221	30944	7.33	1	19
NODE_15091_length_4221_cov_5.439990	4221	25164	5.96	0	48
NODE_15110_length_4215_cov_5.462019	4215	24250	5.75	1	12
NODE_15127_length_4209_cov_5.248195	4209	25403	6.04	1	20
NODE_15147_length_4202_cov_5.433084	4202	25178	5.99	1	12
NODE_15172_length_4194_cov_5.036241	4194	25619	6.11	1	25
NODE_15278_length_4161_cov_5.755236	4161	26339	6.33	1	15
NODE_15385_length_4139_cov_4.771303	4139	24110	5.83	1	32
NODE_15446_length_4124_cov_4.326370	4124	22277	5.40	1	12
NODE_15448_length_4123_cov_5.682891	4123	25682	6.23	1	26
NODE_15488_length_4111_cov_19.768491	4111	89601	21.80	9	51
NODE_15502_length_4109_cov_5.213616	4109	22489	5.47	1	14
NODE_15654_length_4060_cov_6.543321	4060	27831	6.85	1	14
NODE_15662_length_4057_cov_6.350325	4057	28498	7.02	1	14
NODE_15676_length_4054_cov_3.903726	4054	17303	4.27	1	9
NODE_15712_length_4045_cov_5.492982	4045	25522	6.31	1	13
NODE_15759_length_4035_cov_4.789447	4035	22696	5.62	0	21
NODE_15762_length_4034_cov_7.496859	4034	33575	8.32	1	16
NODE_15796_length_4027_cov_5.494713	4027	26289	6.53	1	19
NODE_15815_length_4022_cov_5.246534	4022	24454	6.08	0	14
NODE_15847_length_4013_cov_5.888327	4013	25310	6.31	1	17
NODE_15908_length_3998_cov_5.568349	3998	30319	7.58	1	61
NODE_15975_length_3979_cov_5.392457	3979	24867	6.25	1	35
NODE_16129_length_3937_cov_34.107934	3937	243508	61.85	21	182
NODE_16172_length_3928_cov_4.827782	3928	22165	5.64	1	27
NODE_16205_length_3918_cov_4.122703	3918	19419	4.96	1	12
NODE_16211_length_3916_cov_5.035224	3916	30525	7.79	0	23
NODE_16309_length_3893_cov_5.902814	3893	26026	6.69	1	26
NODE_16314_length_3892_cov_4.094866	3892	26449	6.80	0	63
NODE_16322_length_3890_cov_5.649022	3890	33454	8.60	0	29
NODE_16399_length_3871_cov_4.859015	3871	29365	7.59	1	13
NODE_16418_length_3867_cov_5.136411	3867	22757	5.88	1	13
NODE_16437_length_3863_cov_4.733981	3863	20457	5.30	1	12
NODE_16514_length_3842_cov_6.106681	3842	26926	7.01	1	17
NODE_16544_length_3835_cov_6.370106	3835	24312	6.34	1	16
NODE_16548_length_3834_cov_5.405927	3834	24493	6.39	1	12
NODE_16604_length_3821_cov_4.147637	3821	17984	4.71	1	12
NODE_16662_length_3804_cov_4.970125	3804	21138	5.56	1	24
NODE_16665_length_3803_cov_6.190502	3803	29238	7.69	1	41
NODE_16688_length_3796_cov_5.274526	3796	24030	6.33	1	13
NODE_16689_length_3796_cov_5.238706	3796	25032	6.59	1	14
NODE_16694_length_3795_cov_5.240642	3795	23188	6.11	1	16
NODE_16746_length_3781_cov_6.023081	3781	28646	7.58	0	17
NODE_16758_length_3778_cov_6.098576	3778	22172	5.87	1	14
NODE_16820_length_3766_cov_5.123417	3766	24297	6.45	1	14
NODE_16826_length_3765_cov_5.149865	3765	23769	6.31	1	18
NODE_16878_length_3753_cov_5.828015	3753	26373	7.03	1	14
NODE_16909_length_3745_cov_7.455285	3745	28072	7.50	1	15
NODE_16932_length_3741_cov_6.553988	3741	24692	6.60	1	14
NODE_16966_length_3735_cov_5.552174	3735	22803	6.11	1	17
NODE_16976_length_3734_cov_5.168524	3734	20886	5.59	1	16
NODE_17027_length_3724_cov_6.608885	3724	27460	7.37	2	17
NODE_17115_length_3704_cov_4.218690	3704	18425	4.97	1	12
NODE_17124_length_3701_cov_6.517279	3701	28197	7.62	1	16
NODE_17178_length_3688_cov_5.429122	3688	23161	6.28	1	26
NODE_17190_length_3686_cov_10.040485	3686	41667	11.30	1	133
NODE_17195_length_3685_cov_5.442424	3685	26821	7.28	1	103
NODE_17222_length_3679_cov_4.173013	3679	19044	5.18	1	11
NODE_17314_length_3657_cov_6.141588	3657	21653	5.92	1	13
NODE_17317_length_3656_cov_5.289364	3656	34680	9.49	2	40
NODE_17450_length_3628_cov_6.535964	3628	26179	7.22	1	20
NODE_17464_length_3625_cov_8.044818	3625	30989	8.55	3	17
NODE_17475_length_3623_cov_5.673206	3623	22527	6.22	0	13
NODE_17643_length_3584_cov_5.400113	3584	21377	5.96	1	17
NODE_17722_length_3567_cov_12.808371	3567	47891	13.43	4	26
NODE_17742_length_3563_cov_6.614310	3563	24483	6.87	0	16
NODE_17994_length_3512_cov_4.927394	3512	21784	6.20	0	29
NODE_17999_length_3512_cov_3.273069	3512	86636	24.67	0	1987
NODE_18002_length_3511_cov_6.624711	3511	72839	20.75	2	60
NODE_18094_length_3494_cov_5.722885	3494	21109	6.04	1	12
NODE_18169_length_3481_cov_4.248103	3481	21224	6.10	1	21
NODE_18244_length_3466_cov_5.659337	3466	21970	6.34	1	13
NODE_18332_length_3449_cov_4.389806	3449	17844	5.17	1	11
NODE_18472_length_3421_cov_5.704100	3421	22709	6.64	1	19
NODE_18547_length_3407_cov_6.943616	3407	24566	7.21	0	14
NODE_18548_length_3407_cov_6.059964	3407	21038	6.17	1	16
NODE_18586_length_3400_cov_5.671151	3400	22108	6.50	1	16
NODE_18653_length_3388_cov_9.373537	3388	33729	9.96	3	18
NODE_18790_length_3364_cov_4.337262	3364	16860	5.01	1	13
NODE_18817_length_3359_cov_5.485472	3359	20954	6.24	1	15
NODE_18840_length_3355_cov_4.570606	3355	22221	6.62	1	33
NODE_18947_length_3338_cov_3.846482	3338	14335	4.29	1	28
NODE_18954_length_3337_cov_5.876904	3337	40631	12.18	0	59
NODE_18971_length_3334_cov_5.904849	3334	21671	6.50	1	13
NODE_18982_length_3332_cov_4.632286	3332	16264	4.88	1	10
NODE_19136_length_3307_cov_5.468327	3307	22155	6.70	1	16
NODE_19147_length_3306_cov_4.695478	3306	19196	5.81	1	15
NODE_19230_length_3292_cov_3.126352	3292	14471	4.40	1	42
NODE_19341_length_3273_cov_5.807644	3273	34310	10.48	0	46
NODE_19556_length_3236_cov_6.602641	3236	22306	6.89	1	14
NODE_19568_length_3235_cov_6.603774	3235	23881	7.38	1	13
NODE_19607_length_3228_cov_5.573590	3228	19945	6.18	0	11
NODE_19666_length_3222_cov_4.803915	3222	18238	5.66	0	10
NODE_19781_length_3202_cov_7.416905	3202	28245	8.82	1	17
NODE_19802_length_3198_cov_6.537703	3198	23547	7.36	1	14
NODE_19929_length_3179_cov_5.717029	3179	26860	8.45	1	59
NODE_20104_length_3151_cov_5.411499	3151	18475	5.86	1	12
NODE_20126_length_3148_cov_5.221791	3148	18623	5.92	1	18
NODE_20127_length_3148_cov_4.277401	3148	15782	5.01	1	10
NODE_20227_length_3134_cov_5.822020	3134	21316	6.80	0	23
NODE_20280_length_3128_cov_5.521640	3128	20827	6.66	1	16
NODE_20322_length_3122_cov_5.637757	3122	18754	6.01	0	14
NODE_20364_length_3116_cov_4.739954	3116	30254	9.71	0	300
NODE_20386_length_3112_cov_4.808963	3112	18513	5.95	1	52
NODE_20399_length_3110_cov_6.343699	3110	21143	6.80	1	15
NODE_20407_length_3110_cov_3.613093	3110	13799	4.44	1	22
NODE_20432_length_3106_cov_4.868895	3106	17712	5.70	1	12
NODE_20513_length_3096_cov_6.742519	3096	23725	7.66	1	21
NODE_20546_length_3090_cov_5.632290	3090	19613	6.35	1	13
NODE_20574_length_3087_cov_4.471966	3087	15218	4.93	1	8
NODE_20596_length_3083_cov_5.151585	3083	17380	5.64	1	11
NODE_20646_length_3073_cov_6.541750	3073	20188	6.57	0	14
NODE_20682_length_3068_cov_5.323930	3068	19110	6.23	1	18
NODE_20738_length_3062_cov_6.045228	3062	18821	6.15	1	11
NODE_20762_length_3060_cov_7.821298	3060	128813	42.10	1	101
NODE_20782_length_3057_cov_5.686875	3057	19603	6.41	1	15
NODE_20832_length_3050_cov_5.843740	3050	19620	6.43	1	16
NODE_20849_length_3048_cov_4.868360	3048	17906	5.87	1	14
NODE_20947_length_3035_cov_5.461074	3035	17821	5.87	1	13
NODE_21011_length_3025_cov_6.225589	3025	22938	7.58	1	23
NODE_21090_length_3013_cov_3.774510	3013	13409	4.45	1	11
NODE_21104_length_3011_cov_6.170162	3011	18927	6.29	1	11
NODE_21120_length_3009_cov_4.294516	3009	13841	4.60	1	11
NODE_21256_length_2990_cov_4.993186	2990	23202	7.76	1	39
NODE_21535_length_2954_cov_6.749569	2954	19926	6.75	1	16
NODE_21642_length_2941_cov_3.794525	2941	13529	4.60	1	12
NODE_21671_length_2938_cov_5.780784	2938	19034	6.48	1	13
NODE_21704_length_2934_cov_5.693296	2934	18760	6.39	1	15
NODE_21713_length_2933_cov_5.665393	2933	17528	5.98	1	12
NODE_21733_length_2930_cov_3.355130	2930	11338	3.87	1	7
NODE_21848_length_2917_cov_5.480783	2917	18490	6.34	1	14
NODE_22072_length_2891_cov_4.620945	2891	16437	5.69	1	10
NODE_22105_length_2887_cov_6.226695	2887	20267	7.02	1	16
NODE_22175_length_2879_cov_8.911827	2879	20420	7.09	1	22
NODE_22205_length_2876_cov_5.336051	2876	18248	6.34	1	23
NODE_22351_length_2861_cov_5.193514	2861	16872	5.90	0	12
NODE_22357_length_2860_cov_5.436364	2860	18239	6.38	1	15
NODE_22504_length_2845_cov_11.839068	2845	39446	13.87	4	52
NODE_22533_length_2842_cov_5.439541	2842	17327	6.10	1	28
NODE_22552_length_2840_cov_6.169120	2840	18605	6.55	1	17
NODE_22672_length_2825_cov_5.193502	2825	21052	7.45	1	19
NODE_22700_length_2821_cov_5.813811	2821	17938	6.36	1	12
NODE_22777_length_2813_cov_4.250906	2813	15655	5.57	0	17
NODE_22923_length_2795_cov_7.300365	2795	26375	9.44	1	24
NODE_22975_length_2789_cov_6.475860	2789	18756	6.72	1	12
NODE_22980_length_2789_cov_3.637162	2789	11285	4.05	1	11
NODE_23023_length_2784_cov_5.620374	2784	19387	6.96	1	14
NODE_23106_length_2773_cov_5.133554	2773	14224	5.13	1	11
NODE_23185_length_2764_cov_4.311923	2764	13789	4.99	1	15
NODE_23279_length_2755_cov_4.430741	2755	19109	6.94	1	33
NODE_23308_length_2751_cov_29.544510	2751	335545	121.97	16	400
NODE_23313_length_2751_cov_4.552671	2751	17841	6.49	1	30
NODE_23315_length_2751_cov_3.783012	2751	13513	4.91	1	11
NODE_23519_length_2728_cov_6.216236	2728	17990	6.59	1	12
NODE_23564_length_2723_cov_5.471514	2723	16032	5.89	1	13
NODE_23598_length_2719_cov_7.135886	2719	18209	6.70	1	12
NODE_23650_length_2714_cov_3.592704	2714	10135	3.73	1	10
NODE_23702_length_2709_cov_4.509797	2709	14157	5.23	1	10
NODE_23735_length_2706_cov_3.991324	2706	14670	5.42	1	25
NODE_23750_length_2704_cov_4.594941	2704	19759	7.31	1	24
NODE_23866_length_2693_cov_4.474223	2693	14700	5.46	1	15
NODE_23945_length_2685_cov_5.123574	2685	16772	6.25	1	30
NODE_23955_length_2684_cov_6.238113	2684	16660	6.21	1	18
NODE_24063_length_2672_cov_5.631639	2672	16749	6.27	1	14
NODE_24109_length_2668_cov_4.265212	2668	13911	5.21	0	10
NODE_24147_length_2665_cov_2.909962	2665	10149	3.81	1	8
NODE_24152_length_2664_cov_12.862399	2664	35721	13.41	4	27
NODE_24163_length_2663_cov_5.002684	2663	17048	6.40	1	17
NODE_24209_length_2659_cov_5.895161	2659	17282	6.50	1	19
NODE_24222_length_2658_cov_6.497503	2658	16976	6.39	1	12
NODE_24281_length_2651_cov_6.218798	2651	23188	8.75	1	20
NODE_24283_length_2651_cov_5.500385	2651	72557	27.37	0	90
NODE_24312_length_2648_cov_4.214038	2648	11860	4.48	1	15
NODE_24329_length_2646_cov_5.440756	2646	16150	6.10	1	15
NODE_24349_length_2644_cov_3.918888	2644	13077	4.95	1	11
NODE_24479_length_2629_cov_5.734266	2629	21741	8.27	1	26
NODE_24555_length_2622_cov_4.489287	2622	14313	5.46	0	22
NODE_24566_length_2621_cov_5.332424	2621	13981	5.33	1	11
NODE_24668_length_2612_cov_6.752053	2612	36698	14.05	1	37
NODE_24689_length_2610_cov_7.041487	2610	20570	7.88	1	17
NODE_24716_length_2607_cov_6.343260	2607	16272	6.24	1	15
NODE_24845_length_2593_cov_4.401891	2593	13564	5.23	1	13
NODE_24912_length_2587_cov_5.519352	2587	14258	5.51	1	13
NODE_24996_length_2580_cov_5.180990	2580	14621	5.67	1	14
NODE_25244_length_2556_cov_5.317473	2556	17614	6.89	1	14
NODE_25298_length_2551_cov_5.824920	2551	16264	6.38	1	11
NODE_25338_length_2546_cov_7.625050	2546	19081	7.49	0	17
NODE_25470_length_2535_cov_4.945161	2535	13329	5.26	0	10
NODE_25554_length_2527_cov_5.596278	2527	19401	7.68	1	32
NODE_25575_length_2525_cov_5.346154	2525	12527	4.96	1	11
NODE_25577_length_2525_cov_5.048178	2525	14727	5.83	1	16
NODE_25721_length_2513_cov_5.270138	2513	16149	6.43	0	23
NODE_25778_length_2508_cov_8.072972	2508	24783	9.88	1	21
NODE_25853_length_2501_cov_4.112837	2501	10878	4.35	1	35
NODE_25949_length_2494_cov_3.609676	2494	11198	4.49	1	9
NODE_26178_length_2473_cov_3.922250	2473	13703	5.54	1	28
NODE_26233_length_2468_cov_4.527973	2468	14307	5.80	1	14
NODE_26560_length_2435_cov_6.536555	2435	15085	6.20	1	13
NODE_26589_length_2432_cov_6.346235	2432	15746	6.47	1	15
NODE_26797_length_2415_cov_4.849576	2415	13500	5.59	1	23
NODE_26908_length_2405_cov_4.948085	2405	14548	6.05	1	15
NODE_27012_length_2398_cov_5.708493	2398	14700	6.13	1	13
NODE_27143_length_2387_cov_5.707976	2387	17878	7.49	1	16
NODE_27355_length_2369_cov_6.676750	2369	16962	7.16	1	17
NODE_27406_length_2365_cov_4.945455	2365	14432	6.10	1	11
NODE_27529_length_2356_cov_4.667536	2356	50976	21.64	1	124
NODE_27563_length_2354_cov_6.230970	2354	15781	6.70	1	12
NODE_27652_length_2348_cov_3.207152	2348	9077	3.87	1	8
NODE_27662_length_2347_cov_6.373909	2347	15630	6.66	1	13
NODE_27785_length_2337_cov_4.022787	2337	10652	4.56	0	10
NODE_27876_length_2330_cov_4.937143	2330	15260	6.55	1	23
NODE_27965_length_2322_cov_4.317600	2322	11761	5.07	0	11
NODE_28137_length_2309_cov_5.315439	2309	17203	7.45	1	13
NODE_28186_length_2306_cov_7.191915	2306	34302	14.88	1	71
NODE_28231_length_2303_cov_5.219751	2303	12092	5.25	1	11
NODE_28235_length_2303_cov_4.173043	2303	12726	5.53	1	11
NODE_28293_length_2299_cov_4.629234	2299	10529	4.58	1	13
NODE_28375_length_2293_cov_3.702413	2293	11299	4.93	1	13
NODE_28408_length_2290_cov_4.983445	2290	13311	5.81	1	13
NODE_28466_length_2285_cov_4.637220	2285	12220	5.35	1	11
NODE_28572_length_2277_cov_6.608011	2277	16368	7.19	1	23
NODE_28697_length_2268_cov_5.887935	2268	13394	5.91	0	18
NODE_28778_length_2262_cov_6.285908	2262	13003	5.75	1	12
NODE_28807_length_2260_cov_4.231746	2260	12634	5.59	1	10
NODE_28848_length_2257_cov_6.419619	2257	16783	7.44	1	19
NODE_28862_length_2256_cov_6.631985	2256	15283	6.77	1	15
NODE_29058_length_2241_cov_5.550320	2241	14445	6.45	1	12
NODE_29086_length_2239_cov_5.863095	2239	20936	9.35	1	27
NODE_29105_length_2238_cov_5.498855	2238	19283	8.62	1	39
NODE_29241_length_2229_cov_2.826587	2229	8423	3.78	1	12
NODE_29346_length_2222_cov_4.720351	2222	11392	5.13	1	15
NODE_29467_length_2212_cov_6.160872	2212	13178	5.96	1	11
NODE_29609_length_2203_cov_6.856611	2203	16695	7.58	1	14
NODE_29771_length_2192_cov_4.233505	2192	11171	5.10	1	9
NODE_29786_length_2191_cov_4.247191	2191	9607	4.38	1	8
NODE_29787_length_2191_cov_3.842697	2191	9988	4.56	1	11
NODE_29847_length_2187_cov_6.189024	2187	14136	6.46	1	70
NODE_29952_length_2180_cov_18.200000	2180	56141	25.75	11	117
NODE_29980_length_2178_cov_4.331606	2178	9891	4.54	1	11
NODE_30168_length_2168_cov_4.592996	2168	10704	4.94	1	10
NODE_30235_length_2164_cov_5.518255	2164	12328	5.70	1	11
NODE_30386_length_2155_cov_4.934762	2155	11756	5.46	1	12
NODE_30568_length_2144_cov_92.443753	2144	331348	154.55	34	223
NODE_30726_length_2134_cov_4.893218	2134	9826	4.60	1	10
NODE_30738_length_2133_cov_4.630414	2133	10367	4.86	1	13
NODE_30904_length_2123_cov_4.498066	2123	10854	5.11	0	10
NODE_30968_length_2119_cov_6.418120	2119	14963	7.06	1	18
NODE_31040_length_2114_cov_6.992715	2114	15962	7.55	1	17
NODE_31066_length_2112_cov_4.566845	2112	12500	5.92	0	12
NODE_31087_length_2110_cov_4.336740	2110	10656	5.05	1	13
NODE_31185_length_2104_cov_6.326989	2104	14212	6.75	1	19
NODE_31281_length_2098_cov_5.669604	2098	12313	5.87	1	16
NODE_31472_length_2087_cov_2.972441	2087	6862	3.29	1	6
NODE_31499_length_2085_cov_8.549261	2085	33000	15.83	4	43
NODE_31542_length_2083_cov_4.265286	2083	10526	5.05	1	10
NODE_31695_length_2074_cov_5.488856	2074	13424	6.47	0	24
NODE_31709_length_2073_cov_5.810704	2073	13323	6.43	1	33
NODE_31786_length_2068_cov_5.688028	2068	15477	7.48	1	31
NODE_31975_length_2058_cov_4.633550	2058	11201	5.44	1	11
NODE_32040_length_2055_cov_5.195500	2055	12611	6.14	1	21
NODE_32116_length_2051_cov_2.827154	2051	6200	3.02	1	6
NODE_32197_length_2047_cov_3.391064	2047	31672	15.47	0	132
NODE_32198_length_2047_cov_3.376506	2047	9174	4.48	1	9
NODE_32225_length_2045_cov_38.234171	2045	87341	42.71	20	64
NODE_32303_length_2041_cov_4.458711	2041	9948	4.87	0	24
NODE_32424_length_2033_cov_4.277553	2033	10616	5.22	1	15
NODE_32566_length_2025_cov_5.857360	2025	11808	5.83	2	11
NODE_32745_length_2015_cov_5.456633	2015	12528	6.22	1	33
NODE_32882_length_2007_cov_7.324795	2007	16653	8.30	2	20
NODE_32907_length_2006_cov_3.817529	2006	10627	5.30	1	12
NODE_33042_length_1998_cov_4.932578	1998	11919	5.97	1	16
NODE_33064_length_1997_cov_7.116375	1997	15732	7.88	1	43
NODE_33295_length_1984_cov_3.395023	1984	8101	4.08	1	11
NODE_33306_length_1983_cov_5.328838	1983	10604	5.35	1	17
NODE_33699_length_1962_cov_6.486628	1962	14442	7.36	1	28
NODE_33700_length_1962_cov_6.323020	1962	13994	7.13	1	18
NODE_33704_length_1962_cov_5.053487	1962	10253	5.23	1	12
NODE_33932_length_1949_cov_4.831045	1949	10148	5.21	1	11
NODE_34543_length_1919_cov_5.418991	1919	10753	5.60	0	10
NODE_34658_length_1914_cov_4.201721	1914	11116	5.81	1	17
NODE_34979_length_1898_cov_5.251763	1898	9966	5.25	2	11
NODE_35103_length_1892_cov_3.190528	1892	7638	4.04	1	7
NODE_35271_length_1882_cov_4.436234	1882	11118	5.91	1	35
NODE_35426_length_1875_cov_5.027473	1875	10657	5.68	1	10
NODE_36034_length_1846_cov_4.233389	1846	9437	5.11	1	10
NODE_36245_length_1836_cov_5.023021	1836	10414	5.67	1	15
NODE_36610_length_1820_cov_7.381870	1820	15232	8.37	1	17
NODE_36618_length_1820_cov_3.678754	1820	6910	3.80	1	8
NODE_36726_length_1816_cov_4.902896	1816	20485	11.28	1	22
NODE_37224_length_1794_cov_5.453134	1794	11739	6.54	1	16
NODE_37282_length_1792_cov_3.972942	1792	6866	3.83	1	9
NODE_37288_length_1792_cov_3.161773	1792	9643	5.38	1	17
NODE_37299_length_1791_cov_5.449309	1791	10387	5.80	1	13
NODE_37345_length_1789_cov_3.638985	1789	7564	4.23	1	8
NODE_37348_length_1789_cov_3.356401	1789	7975	4.46	1	22
NODE_37359_length_1788_cov_64.861512	1788	129898	72.65	42	94
NODE_37574_length_1780_cov_4.826087	1780	9771	5.49	1	13
NODE_37595_length_1779_cov_6.667633	1779	10825	6.08	1	10
NODE_37642_length_1777_cov_4.070848	1777	9372	5.27	1	26
NODE_37786_length_1771_cov_4.160256	1771	7266	4.10	1	17
NODE_37939_length_1765_cov_5.164327	1765	9320	5.28	1	18
NODE_38021_length_1762_cov_3.631517	1762	8234	4.67	1	9
NODE_38165_length_1756_cov_4.008230	1756	8918	5.08	1	11
NODE_38244_length_1753_cov_5.530035	1753	15253	8.70	1	77
NODE_38291_length_1751_cov_74.377358	1751	136795	78.12	48	98
NODE_38308_length_1751_cov_2.778892	1751	7028	4.01	1	8
NODE_38508_length_1742_cov_6.435685	1742	12625	7.25	1	22
NODE_38601_length_1738_cov_4.880570	1738	8596	4.95	1	12
NODE_38628_length_1737_cov_4.102854	1737	8452	4.87	1	23
NODE_38727_length_1733_cov_5.966627	1733	11792	6.80	1	19
NODE_38876_length_1728_cov_2.936043	1728	5690	3.29	1	8
NODE_38933_length_1725_cov_6.791018	1725	11639	6.75	1	18
NODE_39170_length_1716_cov_2.487056	1716	11114	6.48	1	18
NODE_39182_length_1715_cov_4.639759	1715	9184	5.36	1	11
NODE_39319_length_1710_cov_2.390937	1710	4909	2.87	1	9
NODE_39415_length_1706_cov_5.127196	1706	9017	5.29	1	11
NODE_39448_length_1705_cov_5.441212	1705	10342	6.07	1	12
NODE_39553_length_1701_cov_5.687120	1701	11877	6.98	1	22
NODE_39747_length_1694_cov_4.084198	1694	8051	4.75	1	11
NODE_39761_length_1693_cov_4.555556	1693	7792	4.60	1	12
NODE_39762_length_1693_cov_4.463980	1693	8119	4.80	1	10
NODE_39918_length_1687_cov_4.360907	1687	8416	4.99	1	35
NODE_40040_length_1683_cov_2.422604	1683	4438	2.64	1	8
NODE_40098_length_1681_cov_2.979705	1681	5471	3.25	1	6
NODE_40355_length_1671_cov_5.037129	1671	9058	5.42	1	12
NODE_40482_length_1666_cov_4.959032	1666	8030	4.82	1	9
NODE_40608_length_1661_cov_4.698630	1661	10510	6.33	1	64
NODE_40624_length_1660_cov_60.056075	1660	180757	108.89	10	445
NODE_40771_length_1655_cov_5.681875	1655	14673	8.87	1	23
NODE_40830_length_1653_cov_3.998748	1653	7300	4.42	1	11
NODE_40944_length_1649_cov_4.980552	1649	8849	5.37	1	10
NODE_41130_length_1643_cov_3.856423	1643	7918	4.82	1	11
NODE_41189_length_1641_cov_5.949559	1641	11254	6.86	1	16
NODE_41220_length_1640_cov_5.249842	1640	8957	5.46	1	9
NODE_41391_length_1634_cov_4.763775	1634	8757	5.36	1	15
NODE_41465_length_1632_cov_6.625238	1632	14293	8.76	1	42
NODE_41576_length_1628_cov_7.478703	1628	13016	8.00	1	14
NODE_41621_length_1626_cov_7.145767	1626	12613	7.76	1	14
NODE_41666_length_1624_cov_6.393881	1624	23642	14.56	5	28
NODE_41670_length_1624_cov_4.882728	1624	13589	8.37	0	18
NODE_41806_length_1619_cov_2.979540	1619	4558	2.82	1	9
NODE_42067_length_1610_cov_2.151768	1610	4370	2.71	1	5
NODE_42236_length_1604_cov_7.118141	1604	12283	7.66	1	16
NODE_42593_length_1592_cov_5.233572	1592	9258	5.82	1	15
NODE_42703_length_1588_cov_3.371168	1588	7858	4.95	0	10
NODE_43152_length_1573_cov_2.878788	1573	5180	3.29	1	7
NODE_43330_length_1567_cov_4.454365	1567	6435	4.11	1	11
NODE_43457_length_1563_cov_5.126658	1563	8008	5.12	1	13
NODE_43806_length_1553_cov_3.364486	1553	6845	4.41	1	11
NODE_43913_length_1550_cov_5.002007	1550	8047	5.19	0	10
NODE_44000_length_1547_cov_4.459786	1547	8082	5.22	0	9
NODE_44168_length_1542_cov_3.337592	1542	8873	5.75	0	14
NODE_44292_length_1537_cov_71.448043	1537	122377	79.62	47	113
NODE_44465_length_1532_cov_5.293162	1532	7900	5.16	0	11
NODE_44705_length_1525_cov_43.846939	1525	97388	63.86	34	151
NODE_44983_length_1518_cov_3.539303	1518	7063	4.65	1	9
NODE_45045_length_1516_cov_12.240246	1516	24345	16.06	0	24
NODE_45078_length_1515_cov_61.176027	1515	93010	61.39	17	86
NODE_45264_length_1510_cov_2.259794	1510	4554	3.02	0	8
NODE_45476_length_1503_cov_3.881906	1503	6720	4.47	0	11
NODE_45494_length_1503_cov_2.052486	1503	4001	2.66	0	5
NODE_45596_length_1500_cov_2.943253	1500	6045	4.03	1	9
NODE_133_length_122540_cov_635.599257	122540	90236187	736.38	0	1762
NODE_146_length_118318_cov_643.136535	118318	86585691	731.80	0	1395
NODE_243_length_95279_cov_457.555963	95279	49815138	522.83	241	1251
NODE_379_length_78190_cov_659.308709	78190	59709843	763.65	0	1174
NODE_630_length_61048_cov_656.044808	61048	45081350	738.46	0	1380
NODE_685_length_58533_cov_606.603304	58533	41820951	714.49	0	993
NODE_720_length_56819_cov_624.618931	56819	41603528	732.21	0	1079
NODE_851_length_50976_cov_604.236700	50976	35662276	699.59	0	1033
NODE_855_length_50871_cov_637.027826	50871	37548376	738.11	0	1594
NODE_942_length_47839_cov_643.601645	47839	35683685	745.91	0	1403
NODE_973_length_47111_cov_639.521613	47111	34828939	739.30	0	1850
NODE_1064_length_44421_cov_638.268539	44421	33118040	745.55	0	1373
NODE_1143_length_42314_cov_615.265245	42314	30766003	727.09	0	1368
NODE_1194_length_41223_cov_590.367543	41223	27814349	674.73	124	2416
NODE_1220_length_40612_cov_650.730848	40612	30821338	758.92	0	1453
NODE_1299_length_39131_cov_631.854617	39131	28674060	732.77	0	1038
NODE_1314_length_38766_cov_672.215778	38766	30721873	792.50	0	1149
NODE_1421_length_36602_cov_641.548472	36602	27181803	742.63	0	1019
NODE_1525_length_34636_cov_582.297909	34636	23967452	691.98	0	1085
NODE_1586_length_33900_cov_670.820978	33900	25448515	750.69	0	1113
NODE_1626_length_33544_cov_560.166293	33544	22765062	678.66	0	1034
NODE_1646_length_33372_cov_680.200828	33372	25999563	779.08	0	1110
NODE_1647_length_33331_cov_653.024342	33331	25384732	761.60	0	1426
NODE_1657_length_33182_cov_702.658073	33182	27057040	815.41	5	1111
NODE_1691_length_32732_cov_668.513174	32732	25236889	771.02	0	1061
NODE_1756_length_31993_cov_656.668514	31993	24261041	758.32	0	976
NODE_1841_length_30913_cov_663.086590	30913	23497859	760.13	0	1211
NODE_1925_length_29809_cov_672.634436	29809	22865845	767.08	0	1116
NODE_2026_length_28579_cov_671.844412	28579	22237566	778.11	0	1480
NODE_2047_length_28424_cov_596.393422	28424	20268403	713.07	0	1004
NODE_2179_length_27274_cov_660.550351	27274	20867135	765.09	0	990
NODE_2189_length_27225_cov_687.601767	27225	21403173	786.16	0	1283
NODE_2304_length_26192_cov_586.306386	26192	18293459	698.44	0	960
NODE_2340_length_25898_cov_82.874047	25898	3172595	122.50	16	1076
NODE_2361_length_25668_cov_589.737711	25668	18101948	705.23	0	1419
NODE_2430_length_25205_cov_659.960000	25205	19173391	760.70	0	1019
NODE_2560_length_24182_cov_630.444854	24182	17955942	742.53	0	1060
NODE_2650_length_23586_cov_669.778930	23586	18249483	773.74	0	1096
NODE_2653_length_23563_cov_669.333503	23563	17888713	759.19	0	1074
NODE_2704_length_23260_cov_658.097220	23260	17956505	771.99	0	1212
NODE_2894_length_22191_cov_648.728406	22191	16515928	744.26	0	1033
NODE_3013_length_21508_cov_675.017107	21508	16701314	776.52	0	1028
NODE_3088_length_21011_cov_663.368391	21011	16150649	768.68	0	1013
NODE_3108_length_20893_cov_663.897111	20893	15995733	765.60	0	1032
NODE_3117_length_20841_cov_683.485519	20841	16302789	782.25	0	1139
NODE_3126_length_20780_cov_604.259542	20780	14803847	712.41	0	1336
NODE_3167_length_20496_cov_685.698596	20496	15947084	778.06	0	1005
NODE_3175_length_20429_cov_639.512565	20429	15109805	739.63	0	1030
NODE_3197_length_20286_cov_565.313825	20286	13344321	657.81	0	1382
NODE_3260_length_19992_cov_694.330391	19992	15849351	792.78	0	1368
NODE_3276_length_19893_cov_589.825486	19893	13659285	686.64	0	986
NODE_3645_length_18318_cov_664.870448	18318	14022138	765.48	0	1012
NODE_4025_length_16894_cov_641.137182	16894	12549282	742.82	0	1295
NODE_4064_length_16757_cov_495.971979	16757	11480428	685.11	313	1034
NODE_4175_length_16390_cov_671.043955	16390	12440902	759.05	0	1124
NODE_4256_length_16087_cov_714.030938	16087	12916616	802.92	0	1081
NODE_4326_length_15836_cov_626.500792	15836	11523647	727.69	0	988
NODE_4404_length_15609_cov_678.437444	15609	12041162	771.42	0	1002
NODE_4428_length_15512_cov_724.263117	15512	12791503	824.62	338	1029
NODE_4434_length_15489_cov_465.057017	15489	8274719	534.23	0	1126
NODE_4446_length_15462_cov_562.210813	15462	9637058	623.27	0	925
NODE_4508_length_15293_cov_655.545085	15293	11604236	758.79	0	978
NODE_4565_length_15170_cov_582.933047	15170	10224035	673.96	0	1098
NODE_4608_length_15049_cov_606.334667	15049	10744748	713.98	0	983
NODE_4698_length_14772_cov_618.001019	14772	10682171	723.14	0	978
NODE_4713_length_14723_cov_617.681893	14723	10689685	726.05	0	929
NODE_4717_length_14713_cov_649.448151	14713	11073328	752.62	183	986
NODE_4972_length_14022_cov_663.645593	14022	10697062	762.88	0	1012
NODE_5108_length_13726_cov_664.365665	13726	10594845	771.88	0	1452
NODE_5140_length_13644_cov_312.395835	13644	4833438	354.25	12	1058
NODE_5202_length_13503_cov_624.348751	13503	9757911	722.65	0	930
NODE_5242_length_13409_cov_631.176202	13409	9968933	743.45	314	1035
NODE_5302_length_13289_cov_686.662989	13289	10957812	824.58	0	1160
NODE_5349_length_13156_cov_635.478284	13156	9673599	735.30	0	997
NODE_5360_length_13135_cov_669.748930	13135	10060298	765.92	0	1119
NODE_5396_length_13060_cov_622.978931	13060	9521587	729.06	1	975
NODE_5534_length_12757_cov_660.682333	12757	9737166	763.28	0	964
NODE_5568_length_12693_cov_655.240703	12693	9639797	759.46	0	973
NODE_5582_length_12676_cov_734.736154	12676	10445735	824.06	0	1103
NODE_5748_length_12361_cov_660.703884	12361	9403079	760.71	0	1005
NODE_5812_length_12221_cov_623.751438	12221	9041182	739.81	0	1150
NODE_5819_length_12209_cov_668.299161	12209	9395831	769.58	0	989
NODE_5905_length_12016_cov_646.914138	12016	8949045	744.76	171	1000
NODE_5949_length_11943_cov_633.321080	11943	8664337	725.47	0	981
NODE_5958_length_11927_cov_668.791526	11927	9441778	791.63	0	1563
NODE_6011_length_11829_cov_589.394768	11829	8131555	687.43	0	953
NODE_6091_length_11652_cov_588.909373	11652	8039383	689.96	0	969
NODE_6333_length_11208_cov_573.248274	11208	7629589	680.73	0	1010
NODE_6393_length_11097_cov_677.255751	11097	8565749	771.90	283	1024
NODE_6407_length_11083_cov_651.060301	11083	8343127	752.79	0	1073
NODE_6442_length_11017_cov_752.496990	11017	9334914	847.32	0	1085
NODE_6449_length_11002_cov_655.502055	11002	8296299	754.07	0	1020
NODE_6542_length_10824_cov_620.015229	10824	7951180	734.59	159	1104
NODE_6552_length_10807_cov_690.241071	10807	8582810	794.19	164	1064
NODE_6611_length_10720_cov_423.798875	10720	4734191	441.62	95	571
NODE_6660_length_10655_cov_637.292547	10655	7891339	740.62	0	998
NODE_6705_length_10565_cov_645.485918	10565	7999063	757.13	0	1151
NODE_6757_length_10486_cov_638.569073	10486	7583261	723.18	0	1069
NODE_6985_length_10131_cov_685.757642	10131	7971646	786.86	0	1123
NODE_7009_length_10095_cov_694.428088	10095	7795479	772.21	0	1062
NODE_7025_length_10072_cov_661.176899	10072	7628705	757.42	293	990
NODE_7057_length_10020_cov_662.944506	10020	7630743	761.55	0	1024
NODE_7205_length_9815_cov_687.751332	9815	7679821	782.46	361	1007
NODE_7224_length_9791_cov_570.100349	9791	5270012	538.25	128	874
NODE_7257_length_9738_cov_676.851699	9738	7531760	773.44	339	1279
NODE_7312_length_9669_cov_600.726337	9669	6816211	704.96	0	1050
NODE_7335_length_9638_cov_714.250443	9638	7760271	805.17	0	1069
NODE_7474_length_9448_cov_655.316086	9448	7137526	755.45	0	999
NODE_7530_length_9357_cov_671.370565	9357	7222182	771.85	0	995
NODE_7566_length_9306_cov_638.182791	9306	6938398	745.58	0	1028
NODE_7698_length_9138_cov_350.582187	9138	3548112	388.28	0	750
NODE_7773_length_9052_cov_579.326553	9052	6012109	664.17	274	966
NODE_7785_length_9030_cov_736.395766	9030	7510928	831.77	395	1176
NODE_7828_length_8978_cov_596.752998	8978	6219968	692.80	0	925
NODE_8256_length_8459_cov_660.414921	8459	6221430	735.48	125	1080
NODE_8320_length_8390_cov_642.118536	8390	6124827	730.02	0	973
NODE_8370_length_8333_cov_625.029717	8333	6141208	736.97	0	951
NODE_8714_length_7944_cov_693.254025	7944	6389727	804.35	356	1059
NODE_8765_length_7884_cov_584.225699	7884	5479823	695.06	0	1651
NODE_8830_length_7814_cov_679.144735	7814	6015818	769.88	152	1071
NODE_8871_length_7784_cov_671.980334	7784	5991454	769.71	0	1000
NODE_8913_length_7737_cov_546.595678	7737	4997221	645.89	0	966
NODE_9075_length_7561_cov_389.386624	7561	3241943	428.77	107	591
NODE_9080_length_7558_cov_740.939491	7558	6349680	840.13	0	1063
NODE_9103_length_7544_cov_490.616237	7544	4509809	597.80	0	911
NODE_9353_length_7313_cov_569.306421	7313	4931413	674.34	0	1137
NODE_9542_length_7147_cov_675.700508	7147	5568782	779.18	0	945
NODE_9790_length_6940_cov_681.288453	6940	5371238	773.95	102	1032
NODE_9913_length_6847_cov_691.128534	6847	5297881	773.75	377	934
NODE_10062_length_6734_cov_576.602336	6734	4324393	642.17	0	831
NODE_10153_length_6676_cov_753.046670	6676	5566754	833.85	317	1038
NODE_10254_length_6589_cov_626.171717	6589	4929064	748.07	0	968
NODE_10681_length_6306_cov_694.729643	6306	4992011	791.63	139	1007
NODE_10911_length_6131_cov_623.156024	6131	4490002	732.34	392	991
NODE_11215_length_5936_cov_560.724877	5936	3997106	673.37	0	983
NODE_11216_length_5934_cov_644.641266	5934	4543389	765.65	0	1061
NODE_11253_length_5913_cov_652.763913	5913	4411837	746.12	240	954
NODE_11458_length_5783_cov_678.105622	5783	4606773	796.61	0	1614
NODE_11566_length_5718_cov_551.569310	5718	3795826	663.84	0	1011
NODE_11605_length_5695_cov_536.859929	5695	3675449	645.38	0	881
NODE_11752_length_5614_cov_675.338550	5614	4456436	793.81	0	1139
NODE_11767_length_5607_cov_732.807097	5607	4518151	805.81	460	926
NODE_11903_length_5530_cov_637.575342	5530	4030101	728.77	25	963
NODE_11949_length_5505_cov_673.650459	5505	4167794	757.09	146	1003
NODE_12001_length_5478_cov_520.380417	5478	3296328	601.74	0	911
NODE_12035_length_5461_cov_665.610618	5461	3970702	727.10	182	931
NODE_12178_length_5387_cov_561.394411	5387	2046531	379.90	16	565
NODE_12210_length_5366_cov_582.765393	5366	3827405	713.27	0	951
NODE_12604_length_5172_cov_233.026578	5172	2299572	444.62	179	984
NODE_13132_length_4948_cov_674.794809	4948	3854852	779.07	303	999
NODE_13741_length_4698_cov_666.701917	4698	3629285	772.52	352	1039
NODE_13858_length_4656_cov_710.537927	4656	3697018	794.03	0	955
NODE_14040_length_4583_cov_700.588560	4583	3637218	793.63	0	1019
NODE_14093_length_4565_cov_682.577827	4565	3450514	755.86	0	956
NODE_14153_length_4538_cov_667.561454	4538	3466521	763.89	306	998
NODE_14262_length_4498_cov_637.386000	4498	3391770	754.06	0	892
NODE_14496_length_4417_cov_691.089638	4417	3483894	788.75	0	1056
NODE_14563_length_4392_cov_742.170164	4392	3616729	823.48	269	1259
NODE_14813_length_4306_cov_687.316631	4306	3342315	776.20	502	997
NODE_14895_length_4279_cov_574.616477	4279	2950310	689.49	200	1126
NODE_14927_length_4271_cov_693.400617	4271	3376135	790.48	0	982
NODE_15259_length_4165_cov_488.821168	4165	2377274	570.77	152	773
NODE_15325_length_4150_cov_631.677411	4150	3006878	724.55	0	1081
NODE_15339_length_4146_cov_706.575409	4146	3366870	812.08	237	1009
NODE_15340_length_4146_cov_547.110975	4146	2633682	635.23	15	1012
NODE_15450_length_4122_cov_603.538726	4122	2927282	710.16	0	933
NODE_15705_length_4046_cov_716.043849	4046	3231891	798.79	80	966
NODE_15973_length_3979_cov_633.661825	3979	2976790	748.13	0	921
NODE_16090_length_3949_cov_593.507704	3949	2750599	696.53	171	933
NODE_16567_length_3830_cov_585.386490	3830	1506155	393.25	45	515
NODE_16625_length_3815_cov_669.059574	3815	3006737	788.14	420	969
NODE_16948_length_3737_cov_551.178707	3737	2248066	601.57	189	705
NODE_17550_length_3604_cov_633.255001	3604	2576368	714.86	0	1016
NODE_18084_length_3495_cov_652.618023	3495	2668827	763.61	0	1056
NODE_18424_length_3428_cov_610.852950	3428	2423540	706.98	0	907
NODE_18476_length_3420_cov_645.441902	3420	2602397	760.93	438	990
NODE_18667_length_3386_cov_559.585710	3386	2225497	657.26	0	928
NODE_19009_length_3327_cov_682.727689	3327	2591313	778.87	66	963
NODE_19031_length_3324_cov_654.057510	3324	2174250	654.11	147	977
NODE_19139_length_3306_cov_699.056598	3306	2557408	773.57	319	949
NODE_19357_length_3270_cov_595.933748	3270	2319742	709.40	305	887
NODE_19397_length_3263_cov_681.543329	3263	2532759	776.21	409	870
NODE_19561_length_3235_cov_616.368239	3235	2283452	705.86	0	1011
NODE_19580_length_3232_cov_702.242052	3232	2512748	777.46	121	1036
NODE_19586_length_3231_cov_643.862406	3231	2379322	736.40	158	918
NODE_19618_length_3226_cov_703.770419	3226	2624853	813.66	0	1042
NODE_19944_length_3177_cov_524.170404	3177	2083699	655.87	33	847
NODE_20078_length_3154_cov_498.866409	3154	1899795	602.34	77	878
NODE_20416_length_3108_cov_635.183754	3108	2259229	726.91	325	930
NODE_20585_length_3085_cov_849.216832	3085	3282123	1063.90	180	2020
NODE_20978_length_3029_cov_715.145931	3029	2450622	809.05	253	946
NODE_20992_length_3028_cov_683.851329	3028	2347408	775.23	0	938
NODE_21447_length_2965_cov_771.490034	2965	2425860	818.17	413	963
NODE_21942_length_2905_cov_247.920702	2905	787806	271.19	11	388
NODE_22154_length_2881_cov_554.651097	2881	1888499	655.50	242	961
NODE_22485_length_2847_cov_556.564470	2847	1805856	634.30	239	845
NODE_23205_length_2762_cov_759.414850	2762	2512415	909.64	360	1090
NODE_23294_length_2753_cov_600.863232	2753	1846179	670.61	343	821
NODE_23517_length_2728_cov_660.234942	2728	2016658	739.24	176	907
NODE_24058_length_2672_cov_836.066870	2672	2421763	906.35	305	1050
NODE_24946_length_2584_cov_753.275998	2584	2157218	834.84	204	1012
NODE_25303_length_2550_cov_646.858116	2550	1903702	746.55	324	983
NODE_26157_length_2474_cov_691.392724	2474	1888117	763.18	145	973
NODE_26266_length_2464_cov_743.347032	2464	2059468	835.82	505	1016
NODE_26365_length_2455_cov_756.120000	2455	1990004	810.59	127	1007
NODE_26440_length_2447_cov_599.392559	2447	1734533	708.84	570	845
NODE_26532_length_2438_cov_640.091062	2438	2010932	824.83	209	1050
NODE_26556_length_2435_cov_675.900840	2435	1784360	732.80	370	937
NODE_26655_length_2426_cov_667.871362	2426	1838938	758.01	398	867
NODE_31014_length_2115_cov_141.860194	2115	356336	168.48	85	271
NODE_32295_length_2041_cov_619.045821	2041	1688615	827.35	554	2157
NODE_32491_length_2029_cov_687.620567	2029	1577172	777.31	508	947
NODE_32971_length_2002_cov_533.951207	2002	1230771	614.77	179	812
NODE_33266_length_1985_cov_757.333161	1985	1852511	933.25	465	1144
NODE_33411_length_1977_cov_770.604579	1977	1676375	847.94	615	981
NODE_35782_length_1858_cov_763.515252	1858	1560277	839.76	363	970
NODE_36216_length_1837_cov_551.485971	1837	1201416	654.01	214	889
NODE_36238_length_1836_cov_538.964627	1836	1096930	597.46	212	749
NODE_37049_length_1802_cov_393.384659	1802	1067370	592.33	0	1946
NODE_38333_length_1749_cov_691.987603	1749	1365340	780.64	302	967
NODE_40133_length_1679_cov_728.061576	1679	1274694	759.20	405	885
NODE_40276_length_1674_cov_685.222977	1674	1257559	751.23	444	874
NODE_41483_length_1631_cov_604.095178	1631	1087912	667.02	76	903
NODE_41765_length_1620_cov_708.254313	1620	1216311	750.81	222	907
NODE_42525_length_1594_cov_562.678363	1594	1009777	633.49	94	834
NODE_43097_length_1574_cov_842.198157	1574	1341658	852.39	316	996
NODE_43704_length_1556_cov_593.536309	1556	550898	354.05	19	501
NODE_43786_length_1553_cov_697.134179	1553	1193320	768.40	408	858
NODE_44861_length_1521_cov_369.849932	1521	599312	394.02	98	455
NODE_3_length_442353_cov_235.706589	442353	122161689	276.16	7	897
NODE_5_length_335267_cov_237.729016	335267	93216155	278.04	0	541
NODE_41_length_177261_cov_235.144950	177261	52014163	293.43	74	5767
NODE_176_length_111030_cov_224.544249	111030	29547064	266.12	0	758
NODE_414_length_75002_cov_234.328299	75002	20645925	275.27	93	524
NODE_641_length_60674_cov_231.741979	60674	16450466	271.13	55	350
NODE_691_length_58213_cov_235.354483	58213	16241759	279.01	80	440
NODE_702_length_57690_cov_227.008727	57690	15827284	274.35	0	492
NODE_707_length_57371_cov_236.244522	57371	16294350	284.02	98	594
NODE_857_length_50798_cov_225.509095	50798	13535684	266.46	86	340
NODE_1021_length_45776_cov_225.127250	45776	11892747	259.80	85	347
NODE_1283_length_39378_cov_232.868143	39378	10927124	277.49	25	382
NODE_1350_length_37958_cov_234.486505	37958	10563300	278.29	80	384
NODE_1373_length_37440_cov_231.100548	37440	9840411	262.83	94	486
NODE_1385_length_37200_cov_231.202881	37200	10343908	278.06	94	381
NODE_1595_length_33790_cov_233.054898	33790	8846346	261.80	97	831
NODE_1619_length_33637_cov_230.711989	33637	9265800	275.46	81	366
NODE_2139_length_27675_cov_235.760572	27675	7805620	282.05	76	372
NODE_2190_length_27216_cov_237.901035	27216	7595550	279.08	83	357
NODE_2235_length_26796_cov_236.413485	26796	7489283	279.49	83	381
NODE_2685_length_23404_cov_235.264251	23404	6609536	282.41	68	375
NODE_2732_length_23131_cov_231.283281	23131	6405759	276.93	111	372
NODE_2767_length_22950_cov_236.056257	22950	6538480	284.90	13	368
NODE_2783_length_22881_cov_265.620871	22881	6436087	281.29	45	636
NODE_2874_length_22365_cov_227.786732	22365	5974759	267.15	102	348
NODE_3060_length_21209_cov_236.334027	21209	6069474	286.17	81	357
NODE_5688_length_12478_cov_238.834018	12478	3545705	284.16	93	341
NODE_6464_length_10973_cov_235.725499	10973	2967145	270.40	69	359
NODE_6695_length_10582_cov_56.011114	10582	783359	74.03	35	161
NODE_7878_length_8920_cov_245.507276	8920	2543461	285.14	170	635
NODE_9171_length_7479_cov_230.227371	7479	2049303	274.01	89	584
NODE_12803_length_5095_cov_221.435714	5095	1348498	264.67	69	332
NODE_19718_length_3213_cov_5.119063	3213	19894	6.19	1	19
NODE_24237_length_2656_cov_198.019992	2656	569468	214.41	69	261
NODE_24903_length_2588_cov_3.547177	2588	11355	4.39	1	10
NODE_26529_length_2439_cov_3.553272	2439	10561	4.33	1	18
NODE_28794_length_2260_cov_240.760091	2260	600030	265.50	189	357
NODE_33149_length_1992_cov_6.392359	1992	37918	19.04	1	136
NODE_35259_length_1883_cov_3.177243	1883	7484	3.97	0	9
NODE_37541_length_1782_cov_3.354372	1782	18320	10.28	1	49
NODE_38079_length_1760_cov_3.120235	1760	5807	3.30	1	7
NODE_40774_length_1655_cov_4.181875	1655	7953	4.81	1	12
NODE_41592_length_1628_cov_3.041958	1628	5270	3.24	1	8
NODE_43208_length_1571_cov_4.082454	1571	7524	4.79	1	10
NODE_45524_length_1502_cov_3.241880	1502	6955	4.63	1	13
NODE_26_length_210102_cov_246.107405	210102	58896602	280.32	79	1086
NODE_183_length_109278_cov_237.363467	109278	29420520	269.23	0	387
NODE_264_length_92054_cov_232.226579	92054	24910785	270.61	0	685
NODE_347_length_81346_cov_237.539605	81346	22469151	276.22	0	3740
NODE_441_length_73194_cov_224.174326	73194	18831535	257.28	20	463
NODE_474_length_69986_cov_227.223020	69986	18220059	260.34	0	359
NODE_479_length_69668_cov_243.031187	69668	19212621	275.77	85	572
NODE_496_length_68074_cov_235.808995	68074	18975378	278.75	0	1746
NODE_517_length_66691_cov_220.697161	66691	16792364	251.79	0	480
NODE_529_length_66314_cov_224.882823	66314	16997762	256.32	0	1061
NODE_546_length_65281_cov_230.899979	65281	17162062	262.90	0	357
NODE_752_length_55834_cov_225.373761	55834	14403738	257.97	0	417
NODE_754_length_55812_cov_243.248489	55812	15300538	274.14	0	349
NODE_761_length_55319_cov_222.356543	55319	14211703	256.90	123	379
NODE_804_length_53038_cov_231.104845	53038	14131678	266.44	0	936
NODE_870_length_50387_cov_249.963224	50387	14306718	283.94	0	591
NODE_899_length_49103_cov_243.112808	49103	13495820	274.85	0	537
NODE_914_length_48837_cov_225.676930	48837	12660890	259.25	0	611
NODE_1029_length_45282_cov_231.424503	45282	12149824	268.31	0	482
NODE_1057_length_44617_cov_218.888717	44617	11284816	252.93	0	384
NODE_1093_length_43784_cov_223.123671	43784	11156958	254.82	0	634
NODE_1133_length_42633_cov_232.186857	42633	11244105	263.74	66	344
NODE_1176_length_41524_cov_219.059490	41524	10422102	250.99	93	361
NODE_1247_length_40001_cov_223.016898	40001	10155389	253.88	30	342
NODE_1258_length_39870_cov_243.299334	39870	11036128	276.80	80	360
NODE_1270_length_39633_cov_208.109278	39633	9571404	241.50	0	337
NODE_1293_length_39168_cov_222.810447	39168	9960107	254.29	82	391
NODE_1338_length_38112_cov_227.539507	38112	9910052	260.02	0	365
NODE_1416_length_36668_cov_251.601508	36668	10335033	281.85	127	408
NODE_1417_length_36628_cov_252.993055	36628	11414038	311.62	53	2367
NODE_1427_length_36488_cov_222.367936	36488	9329365	255.68	0	792
NODE_1463_length_35668_cov_235.908713	35668	9593157	268.96	143	340
NODE_1518_length_34740_cov_241.270953	34740	9727769	280.02	127	619
NODE_1520_length_34696_cov_222.677405	34696	8815399	254.08	0	434
NODE_1532_length_34553_cov_218.560293	34553	9618855	278.38	142	1037
NODE_1553_length_34280_cov_238.036815	34280	9289796	271.00	0	604
NODE_1653_length_33213_cov_221.641776	33213	8478223	255.27	0	327
NODE_1673_length_33063_cov_236.915384	33063	8925903	269.97	117	377
NODE_1728_length_32290_cov_224.571832	32290	8295241	256.90	113	354
NODE_1801_length_31368_cov_229.690129	31368	8194312	261.23	0	347
NODE_1807_length_31302_cov_227.178929	31302	8093825	258.57	57	356
NODE_2116_length_27933_cov_131.119808	27933	4171217	149.33	20	375
NODE_2135_length_27729_cov_235.427369	27729	7477879	269.68	67	431
NODE_2231_length_26812_cov_240.479538	26812	7810567	291.31	68	847
NODE_2260_length_26599_cov_230.542571	26599	7069996	265.80	105	814
NODE_2356_length_25694_cov_214.458520	25694	6403761	249.23	0	322
NODE_2477_length_24790_cov_223.983424	24790	6349258	256.12	57	331
NODE_2503_length_24644_cov_224.005450	24644	6305112	255.85	0	329
NODE_2551_length_24294_cov_228.812864	24294	6420280	264.27	103	355
NODE_2839_length_22559_cov_229.842695	22559	6527058	289.33	156	1119
NODE_2855_length_22472_cov_214.983628	22472	5492226	244.40	0	415
NODE_3097_length_20942_cov_222.388088	20942	5274712	251.87	0	348
NODE_3230_length_20100_cov_218.676228	20100	5030422	250.27	60	318
NODE_3238_length_20075_cov_216.997353	20075	5051657	251.64	122	324
NODE_3387_length_19417_cov_224.843560	19417	4982126	256.59	0	333
NODE_3408_length_19316_cov_211.120503	19316	4735666	245.17	0	331
NODE_3412_length_19306_cov_214.705937	19306	4733455	245.18	80	326
NODE_3458_length_19061_cov_187.740293	19061	4157191	218.10	0	328
NODE_3549_length_18752_cov_220.773440	18752	4757598	253.71	102	350
NODE_3983_length_17018_cov_221.058127	17018	4321390	253.93	71	351
NODE_3989_length_17003_cov_214.184565	17003	4218199	248.09	5	364
NODE_4000_length_16969_cov_243.038371	16969	4790556	282.31	107	391
NODE_4129_length_16547_cov_158.265583	16547	4051552	244.85	48	1238
NODE_4280_length_16021_cov_139.723600	16021	2420545	151.09	55	261
NODE_4357_length_15720_cov_243.922758	15720	4307013	273.98	0	619
NODE_4493_length_15324_cov_213.248477	15324	3794677	247.63	0	320
NODE_4644_length_14935_cov_237.962970	14935	4045576	270.88	90	686
NODE_4715_length_14714_cov_230.666962	14714	3915232	266.09	31	469
NODE_4820_length_14430_cov_223.565983	14430	3618648	250.77	0	340
NODE_4874_length_14285_cov_225.066620	14285	3682275	257.77	85	324
NODE_4894_length_14209_cov_235.115374	14209	3869336	272.32	112	370
NODE_4935_length_14106_cov_233.628781	14106	3816498	270.56	144	353
NODE_4999_length_13957_cov_221.341749	13957	3556438	254.81	0	338
NODE_5095_length_13747_cov_223.541557	13747	3478060	253.01	0	342
NODE_5257_length_13384_cov_239.604096	13384	3690119	275.71	86	705
NODE_5333_length_13186_cov_205.210342	13186	3143661	238.41	93	334
NODE_5516_length_12785_cov_110.270385	12785	2222229	173.82	47	681
NODE_5615_length_12628_cov_149.609799	12628	2183632	172.92	72	368
NODE_5616_length_12627_cov_223.998330	12627	3259666	258.15	189	339
NODE_5644_length_12573_cov_138.360281	12573	2021110	160.75	45	305
NODE_5838_length_12171_cov_232.654424	12171	3070203	252.26	63	381
NODE_5880_length_12068_cov_244.284525	12068	3433802	284.54	121	530
NODE_6160_length_11536_cov_214.078652	11536	2825133	244.90	0	334
NODE_6447_length_11004_cov_190.774683	11004	2572555	233.78	0	1067
NODE_6471_length_10959_cov_211.686720	10959	2514399	229.44	74	286
NODE_6488_length_10918_cov_210.714720	10918	2660749	243.70	0	536
NODE_6507_length_10893_cov_219.290367	10893	2760727	253.44	74	323
NODE_6511_length_10890_cov_246.087217	10890	3346229	307.28	162	1035
NODE_6564_length_10787_cov_215.205926	10787	2742374	254.23	0	553
NODE_6607_length_10726_cov_234.429950	10726	2985593	278.35	95	868
NODE_6631_length_10695_cov_207.262594	10695	2703136	252.75	0	345
NODE_6675_length_10628_cov_209.002554	10628	2564850	241.33	170	435
NODE_6946_length_10192_cov_225.638650	10192	2618888	256.96	72	348
NODE_7091_length_9966_cov_243.967410	9966	2740408	274.98	74	341
NODE_7178_length_9864_cov_229.209400	9864	2518766	255.35	98	325
NODE_7250_length_9755_cov_222.158660	9755	2498150	256.09	0	338
NODE_7337_length_9636_cov_251.018474	9636	2703140	280.53	0	384
NODE_7956_length_8816_cov_237.124757	8816	2378328	269.77	82	736
NODE_8017_length_8744_cov_217.492692	8744	2179116	249.21	126	340
NODE_8135_length_8600_cov_199.113634	8600	1986741	231.02	57	313
NODE_8185_length_8537_cov_220.425725	8537	2115184	247.77	0	337
NODE_8734_length_7924_cov_228.159741	7924	2057588	259.67	61	359
NODE_8953_length_7692_cov_224.297892	7692	1992577	259.05	124	320
NODE_9019_length_7624_cov_231.031840	7624	1927097	252.77	147	319
NODE_9466_length_7219_cov_135.417365	7219	1105275	153.11	0	299
NODE_9768_length_6963_cov_223.612913	6963	1870753	268.67	88	443
NODE_9938_length_6826_cov_195.641855	6826	1496132	219.18	145	376
NODE_10154_length_6676_cov_243.373811	6676	1801228	269.81	139	342
NODE_10298_length_6558_cov_237.925573	6558	1760146	268.40	122	325
NODE_10420_length_6479_cov_236.906445	6479	1761962	271.95	124	393
NODE_11302_length_5884_cov_247.937210	5884	1600283	271.97	72	346
NODE_11328_length_5865_cov_220.390361	5865	1406263	239.77	61	336
NODE_11408_length_5815_cov_42.786458	5815	476767	81.99	0	308
NODE_11520_length_5745_cov_242.813181	5745	1578107	274.69	89	342
NODE_11538_length_5734_cov_223.098609	5734	1446972	252.35	77	319
NODE_11670_length_5661_cov_241.222083	5661	1524955	269.38	95	347
NODE_12212_length_5365_cov_235.100942	5365	1422260	265.10	106	334
NODE_12540_length_5200_cov_211.537998	5200	1268595	243.96	172	302
NODE_12661_length_5150_cov_281.948970	5150	1436064	278.85	26	768
NODE_12874_length_5060_cov_226.138462	5060	1267979	250.59	172	315
NODE_13037_length_4990_cov_213.721581	4990	1229561	246.41	72	347
NODE_13126_length_4950_cov_140.836159	4950	807743	163.18	87	236
NODE_13420_length_4831_cov_80.351968	4831	466772	96.62	47	220
NODE_13756_length_4691_cov_193.081320	4691	975197	207.89	98	260
NODE_14299_length_4484_cov_191.725672	4484	1016201	226.63	81	571
NODE_15876_length_4006_cov_165.018729	4006	1011728	252.55	1	320
NODE_15912_length_3997_cov_229.929477	3997	1037628	259.60	0	350
NODE_16571_length_3829_cov_234.743508	3829	1003409	262.06	180	322
NODE_16641_length_3810_cov_218.553928	3810	936746	245.87	169	355
NODE_18402_length_3432_cov_222.875037	3432	859709	250.50	155	325
NODE_19945_length_3177_cov_196.217168	3177	671236	211.28	62	281
NODE_20299_length_3124_cov_250.419681	3124	873243	279.53	105	340
NODE_20500_length_3098_cov_211.623727	3098	714138	230.52	98	284
NODE_20512_length_3096_cov_224.199934	3096	801259	258.80	66	313
NODE_20896_length_3042_cov_120.513559	3042	535532	176.05	83	334
NODE_20911_length_3041_cov_251.287341	3041	827257	272.03	119	355
NODE_20918_length_3040_cov_236.316583	3040	814559	267.95	99	345
NODE_21406_length_2971_cov_115.174897	2971	430586	144.93	91	486
NODE_21485_length_2960_cov_231.879174	2960	832063	281.10	122	671
NODE_23489_length_2731_cov_233.355007	2731	728129	266.62	98	332
NODE_25441_length_2537_cov_148.489525	2537	444370	175.16	12	332
NODE_25872_length_2499_cov_297.864157	2499	887884	355.30	173	759
NODE_26039_length_2485_cov_232.998765	2485	744700	299.68	81	912
NODE_27446_length_2362_cov_219.279584	2362	579590	245.38	117	326
NODE_27574_length_2353_cov_185.360313	2353	529158	224.89	95	299
NODE_28613_length_2273_cov_177.450857	2273	445070	195.81	47	238
NODE_29807_length_2189_cov_215.107310	2189	507562	231.87	26	313
NODE_30054_length_2174_cov_253.217084	2174	1440424	662.57	133	2417
NODE_31477_length_2086_cov_133.205810	2086	300471	144.04	69	227
NODE_33475_length_1973_cov_294.894161	1973	630949	319.79	210	382
NODE_33947_length_1948_cov_228.896989	1948	673410	345.69	185	753
NODE_34203_length_1934_cov_51.035125	1934	142164	73.51	11	218
NODE_36310_length_1833_cov_161.157480	1833	368250	200.90	80	707
NODE_37051_length_1802_cov_159.649113	1802	335475	186.17	50	235
NODE_37072_length_1801_cov_95.442726	1801	251170	139.46	82	225
NODE_37181_length_1796_cov_197.923033	1796	389969	217.13	41	275
NODE_37831_length_1769_cov_252.928238	1769	466016	263.43	138	328
NODE_38221_length_1754_cov_86.875221	1754	172419	98.30	72	144
NODE_39099_length_1718_cov_385.274203	1718	835563	486.36	341	1937
NODE_40819_length_1653_cov_79.066333	1653	144776	87.58	49	107
NODE_43787_length_1553_cov_178.689586	1553	390798	251.64	49	433
NODE_44461_length_1532_cov_214.981043	1532	396485	258.80	108	323
NODE_44633_length_1527_cov_51.406929	1527	83723	54.83	22	68
NODE_86_length_146022_cov_9.805251	146022	1645617	11.27	0	249
NODE_165_length_113081_cov_9.403305	113081	1218312	10.77	0	84
NODE_167_length_112633_cov_9.723854	112633	1227652	10.90	1	67
NODE_197_length_105210_cov_9.363121	105210	1135924	10.80	2	252
NODE_218_length_100516_cov_9.492131	100516	1328156	13.21	0	507
NODE_252_length_93961_cov_9.608843	93961	1016063	10.81	1	29
NODE_261_length_92479_cov_9.063133	92479	973746	10.53	0	63
NODE_262_length_92248_cov_9.908605	92248	1056287	11.45	0	103
NODE_271_length_90741_cov_9.694804	90741	1201136	13.24	1	474
NODE_288_length_88491_cov_9.136053	88491	944665	10.68	1	125
NODE_311_length_85075_cov_9.647671	85075	951991	11.19	1	72
NODE_319_length_84214_cov_9.721587	84214	912795	10.84	0	52
NODE_324_length_83488_cov_9.938394	83488	950320	11.38	1	69
NODE_336_length_82534_cov_9.818317	82534	920748	11.16	1	94
NODE_357_length_80129_cov_9.637061	80129	1017839	12.70	1	731
NODE_360_length_79862_cov_9.149999	79862	832884	10.43	1	41
NODE_404_length_75497_cov_10.281899	75497	864439	11.45	1	42
NODE_407_length_75452_cov_9.035651	75452	807019	10.70	1	262
NODE_432_length_73906_cov_10.053256	73906	870279	11.78	1	205
NODE_457_length_71439_cov_9.690197	71439	779144	10.91	1	43
NODE_525_length_66461_cov_9.568879	66461	744307	11.20	1	193
NODE_530_length_66309_cov_9.609956	66309	789313	11.90	1	301
NODE_535_length_65914_cov_9.780774	65914	743172	11.27	0	99
NODE_550_length_65027_cov_9.065182	65027	678943	10.44	1	73
NODE_553_length_64906_cov_10.277390	64906	727770	11.21	1	39
NODE_576_length_63912_cov_10.184099	63912	729734	11.42	1	51
NODE_577_length_63897_cov_10.799254	63897	798070	12.49	2	230
NODE_581_length_63698_cov_10.045708	63698	724649	11.38	0	72
NODE_585_length_63389_cov_10.202387	63389	716970	11.31	1	74
NODE_597_length_62702_cov_9.485099	62702	703843	11.23	1	205
NODE_606_length_62020_cov_10.144953	62020	679292	10.95	1	27
NODE_624_length_61291_cov_9.683585	61291	678281	11.07	1	79
NODE_631_length_61043_cov_10.259625	61043	724444	11.87	0	190
NODE_645_length_60512_cov_9.553286	60512	677281	11.19	1	116
NODE_670_length_59359_cov_10.536591	59359	705814	11.89	1	52
NODE_680_length_58857_cov_10.825448	58857	722742	12.28	3	40
NODE_688_length_58279_cov_10.028837	58279	654554	11.23	1	27
NODE_693_length_58059_cov_9.328305	58059	609508	10.50	0	78
NODE_698_length_57811_cov_10.803882	57811	725846	12.56	0	103
NODE_719_length_56827_cov_9.474195	56827	600209	10.56	1	33
NODE_730_length_56519_cov_9.109291	56519	590860	10.45	1	135
NODE_770_length_54760_cov_9.361905	54760	576262	10.52	1	165
NODE_779_length_54421_cov_9.991005	54421	625295	11.49	1	54
NODE_780_length_54402_cov_8.935985	54402	559616	10.29	1	78
NODE_816_length_52564_cov_9.554743	52564	573213	10.91	0	50
NODE_827_length_52129_cov_10.197104	52129	1052981	20.20	0	8125
NODE_828_length_52102_cov_10.182988	52102	590370	11.33	2	52
NODE_836_length_51639_cov_9.679067	51639	585262	11.33	1	139
NODE_852_length_50972_cov_10.753697	50972	617218	12.11	2	67
NODE_856_length_50803_cov_9.550564	50803	549727	10.82	1	35
NODE_874_length_50268_cov_9.661303	50268	552535	10.99	0	38
NODE_895_length_49245_cov_10.066497	49245	552665	11.22	1	29
NODE_903_length_49053_cov_9.389240	49053	524250	10.69	2	39
NODE_906_length_49032_cov_9.270004	49032	514491	10.49	0	30
NODE_912_length_48849_cov_9.836189	48849	553947	11.34	1	57
NODE_915_length_48833_cov_10.200070	48833	562686	11.52	2	75
NODE_921_length_48583_cov_10.234813	48583	551999	11.36	1	39
NODE_936_length_48050_cov_9.038921	48050	531062	11.05	1	78
NODE_955_length_47501_cov_9.634068	47501	516699	10.88	2	53
NODE_962_length_47412_cov_9.357075	47412	492128	10.38	0	35
NODE_966_length_47226_cov_9.206546	47226	495142	10.48	1	74
NODE_976_length_47002_cov_9.203250	47002	527798	11.23	0	127
NODE_1006_length_46207_cov_9.438183	46207	502909	10.88	1	62
NODE_1007_length_46178_cov_9.185959	46178	492250	10.66	1	164
NODE_1013_length_46031_cov_9.644032	46031	506003	10.99	0	45
NODE_1040_length_44995_cov_9.336449	44995	486148	10.80	0	29
NODE_1048_length_44850_cov_9.537783	44850	489555	10.92	0	35
NODE_1050_length_44786_cov_9.883012	44786	499390	11.15	1	36
NODE_1065_length_44339_cov_10.195195	44339	498602	11.25	1	37
NODE_1075_length_44129_cov_10.094500	44129	523501	11.86	0	68
NODE_1089_length_43836_cov_9.602864	43836	487781	11.13	0	384
NODE_1103_length_43530_cov_9.990569	43530	492833	11.32	0	49
NODE_1126_length_42878_cov_9.746421	42878	477133	11.13	2	53
NODE_1227_length_40499_cov_9.525368	40499	437400	10.80	1	53
NODE_1252_length_39947_cov_10.023288	39947	457561	11.45	0	46
NODE_1253_length_39947_cov_9.506016	39947	430075	10.77	2	39
NODE_1279_length_39478_cov_9.301499	39478	422716	10.71	2	43
NODE_1301_length_39116_cov_10.065948	39116	453819	11.60	1	183
NODE_1332_length_38179_cov_9.620056	38179	440676	11.54	1	105
NODE_1364_length_37603_cov_9.618089	37603	401911	10.69	2	34
NODE_1418_length_36627_cov_9.264656	36627	405020	11.06	0	49
NODE_1423_length_36535_cov_9.176590	36535	396575	10.85	0	34
NODE_1438_length_36338_cov_9.065044	36338	380817	10.48	2	40
NODE_1468_length_35588_cov_10.016182	35588	399571	11.23	2	35
NODE_1475_length_35443_cov_9.789759	35443	387064	10.92	1	29
NODE_1499_length_34993_cov_10.199582	34993	405634	11.59	1	46
NODE_1548_length_34316_cov_9.813053	34316	383433	11.17	1	50
NODE_1560_length_34224_cov_9.750271	34224	371053	10.84	3	25
NODE_1601_length_33756_cov_9.328833	33756	352721	10.45	1	45
NODE_1649_length_33282_cov_9.436061	33282	366203	11.00	1	38
NODE_1690_length_32740_cov_9.641762	32740	356507	10.89	0	37
NODE_1779_length_31593_cov_9.920128	31593	353183	11.18	4	85
NODE_1845_length_30826_cov_9.807059	30826	336680	10.92	2	24
NODE_1857_length_30623_cov_9.408270	30623	343647	11.22	0	245
NODE_1868_length_30522_cov_9.631306	30522	336202	11.02	2	30
NODE_1935_length_29737_cov_8.996597	29737	323415	10.88	0	482
NODE_1946_length_29581_cov_9.162738	29581	307002	10.38	1	29
NODE_1965_length_29323_cov_9.292811	29323	313684	10.70	1	36
NODE_1970_length_29276_cov_9.666644	29276	363329	12.41	1	182
NODE_1972_length_29248_cov_9.656630	29248	325839	11.14	1	47
NODE_1985_length_29065_cov_9.247018	29065	329825	11.35	0	267
NODE_2020_length_28625_cov_9.246062	28625	311407	10.88	2	61
NODE_2031_length_28536_cov_9.788877	28536	318624	11.17	1	27
NODE_2053_length_28377_cov_10.299555	28377	353417	12.45	2	138
NODE_2062_length_28309_cov_9.222553	28309	319222	11.28	1	203
NODE_2100_length_28003_cov_9.705310	28003	299848	10.71	2	25
NODE_2109_length_27968_cov_9.792964	27968	334174	11.95	0	117
NODE_2214_length_26961_cov_10.282911	26961	526959	19.55	1	491
NODE_2242_length_26695_cov_9.847485	26695	312249	11.70	1	80
NODE_2267_length_26551_cov_9.962711	26551	287488	10.83	0	31
NODE_2275_length_26475_cov_9.207494	26475	278788	10.53	1	37
NODE_2333_length_25952_cov_9.798123	25952	284857	10.98	1	37
NODE_2334_length_25952_cov_8.996061	25952	262596	10.12	0	24
NODE_2384_length_25503_cov_9.465459	25503	274519	10.76	2	26
NODE_2451_length_24973_cov_9.672125	24973	282630	11.32	1	41
NODE_2534_length_24384_cov_9.673928	24384	268661	11.02	1	41
NODE_2582_length_24039_cov_10.177201	24039	281800	11.72	3	64
NODE_2586_length_24023_cov_9.853763	24023	292480	12.17	1	834
NODE_2623_length_23829_cov_9.116514	23829	250307	10.50	1	29
NODE_2645_length_23633_cov_9.683434	23633	260505	11.02	1	30
NODE_2648_length_23613_cov_9.939171	23613	266032	11.27	0	100
NODE_2686_length_23392_cov_9.540515	23392	251714	10.76	1	66
NODE_2700_length_23281_cov_9.492164	23281	251926	10.82	1	46
NODE_2714_length_23207_cov_9.465143	23207	259912	11.20	1	39
NODE_2735_length_23126_cov_9.778510	23126	259622	11.23	1	28
NODE_2752_length_23018_cov_9.122937	23018	241480	10.49	2	125
NODE_2813_length_22703_cov_9.034484	22703	232106	10.22	1	24
NODE_2820_length_22661_cov_9.332036	22661	228110	10.07	1	22
NODE_2836_length_22585_cov_9.956724	22585	249617	11.05	0	80
NODE_2868_length_22396_cov_10.057607	22396	257217	11.48	2	27
NODE_2946_length_21894_cov_9.773112	21894	243722	11.13	0	32
NODE_3014_length_21508_cov_9.911341	21508	229105	10.65	1	22
NODE_3065_length_21171_cov_9.528841	21171	233156	11.01	1	56
NODE_3076_length_21107_cov_9.967319	21107	232693	11.02	2	36
NODE_3104_length_20912_cov_9.461763	20912	263820	12.62	1	116
NODE_3120_length_20825_cov_9.974338	20825	230375	11.06	1	40
NODE_3409_length_19315_cov_10.650727	19315	238487	12.35	2	99
NODE_3445_length_19112_cov_9.929002	19112	318742	16.68	0	430
NODE_3504_length_18900_cov_11.216768	18900	231284	12.24	0	37
NODE_3686_length_18174_cov_9.725095	18174	588544	32.38	2	175
NODE_3776_length_17834_cov_10.157883	17834	199300	11.18	2	31
NODE_3801_length_17727_cov_8.777105	17727	173816	9.81	1	22
NODE_3849_length_17520_cov_10.146808	17520	197979	11.30	1	21
NODE_3851_length_17512_cov_10.215787	17512	193621	11.06	2	25
NODE_3929_length_17188_cov_9.685052	17188	188072	10.94	0	25
NODE_4044_length_16831_cov_9.937470	16831	184734	10.98	3	27
NODE_4050_length_16807_cov_10.391714	16807	195623	11.64	1	24
NODE_4082_length_16724_cov_10.299898	16724	194665	11.64	1	52
NODE_4130_length_16545_cov_9.706913	16545	177288	10.72	2	22
NODE_4132_length_16541_cov_10.828279	16541	236547	14.30	3	95
NODE_4151_length_16491_cov_11.392918	16491	208172	12.62	3	39
NODE_4153_length_16489_cov_10.027200	16489	380710	23.09	3	315
NODE_4189_length_16345_cov_9.984592	16345	190251	11.64	1	32
NODE_4224_length_16213_cov_9.181768	16213	201458	12.43	1	81
NODE_4226_length_16204_cov_10.696390	16204	181267	11.19	2	25
NODE_4251_length_16099_cov_10.301359	16099	207541	12.89	2	135
NODE_4367_length_15687_cov_9.380566	15687	159763	10.18	2	23
NODE_4477_length_15371_cov_9.751763	15371	168496	10.96	1	23
NODE_4491_length_15328_cov_11.177110	15328	238225	15.54	1	171
NODE_4523_length_15256_cov_10.188146	15256	176969	11.60	0	32
NODE_4545_length_15205_cov_9.519736	15205	161930	10.65	2	28
NODE_4562_length_15175_cov_10.122487	15175	183051	12.06	1	128
NODE_4593_length_15106_cov_8.586871	15106	150421	9.96	1	32
NODE_4853_length_14330_cov_10.116287	14330	158237	11.04	1	40
NODE_4856_length_14321_cov_10.254381	14321	171036	11.94	2	32
NODE_4880_length_14273_cov_10.526023	14273	160122	11.22	1	33
NODE_5008_length_13950_cov_10.098669	13950	156932	11.25	2	27
NODE_5147_length_13616_cov_10.955682	13616	158032	11.61	0	35
NODE_5189_length_13531_cov_9.665999	13531	146538	10.83	1	43
NODE_5192_length_13529_cov_9.832195	13529	156617	11.58	1	33
NODE_5335_length_13179_cov_9.089912	13179	171502	13.01	1	77
NODE_5496_length_12823_cov_9.985667	12823	142813	11.14	0	32
NODE_5515_length_12788_cov_9.544883	12788	132496	10.36	1	21
NODE_5522_length_12780_cov_10.184597	12780	144517	11.31	1	22
NODE_5603_length_12652_cov_10.528142	12652	145010	11.46	2	24
NODE_5775_length_12285_cov_10.186836	12285	145534	11.85	1	30
NODE_5808_length_12226_cov_9.733136	12226	128526	10.51	0	35
NODE_5933_length_11969_cov_10.221504	11969	166811	13.94	1	274
NODE_6010_length_11830_cov_10.300127	11830	496166	41.94	4	764
NODE_6206_length_11449_cov_10.231262	11449	128147	11.19	4	25
NODE_6207_length_11447_cov_10.180302	11447	126486	11.05	2	24
NODE_6292_length_11274_cov_10.060522	11274	123129	10.92	1	20
NODE_6298_length_11262_cov_9.196752	11262	122855	10.91	1	44
NODE_6352_length_11174_cov_8.825614	11174	121989	10.92	1	70
NODE_6370_length_11140_cov_8.968336	11140	118821	10.67	3	31
NODE_6530_length_10855_cov_9.771481	10855	141318	13.02	1	564
NODE_6534_length_10843_cov_8.782073	10843	109074	10.06	1	28
NODE_6699_length_10578_cov_10.639076	10578	161404	15.26	1	291
NODE_6831_length_10388_cov_9.289461	10388	110098	10.60	2	24
NODE_6906_length_10261_cov_8.946208	10261	104645	10.20	1	30
NODE_6929_length_10220_cov_10.818396	10220	119490	11.69	0	26
NODE_6963_length_10173_cov_9.278316	10173	108027	10.62	1	78
NODE_7181_length_9857_cov_9.743114	9857	110270	11.19	1	23
NODE_7509_length_9392_cov_8.788369	9392	98357	10.47	1	54
NODE_7593_length_9271_cov_9.835395	9271	99258	10.71	2	26
NODE_7671_length_9175_cov_10.284101	9175	101479	11.06	3	34
NODE_7735_length_9088_cov_8.689804	9088	95719	10.53	0	37
NODE_7821_length_8992_cov_10.317556	8992	99201	11.03	0	27
NODE_8123_length_8614_cov_9.065662	8614	87176	10.12	0	21
NODE_8293_length_8420_cov_10.088464	8420	92274	10.96	0	31
NODE_8338_length_8365_cov_12.347774	8365	109070	13.04	3	42
NODE_8465_length_8216_cov_8.865825	8216	85256	10.38	2	29
NODE_8501_length_8178_cov_10.551520	8178	96378	11.79	4	21
NODE_8551_length_8132_cov_8.681070	8132	84709	10.42	0	22
NODE_8642_length_8017_cov_9.874906	8017	87726	10.94	3	21
NODE_8755_length_7903_cov_8.894368	7903	81055	10.26	1	32
NODE_8795_length_7848_cov_10.251893	7848	96054	12.24	1	31
NODE_8891_length_7765_cov_9.740078	7765	90507	11.66	2	46
NODE_9003_length_7642_cov_8.250033	7642	79723	10.43	1	108
NODE_9287_length_7383_cov_9.029476	7383	87166	11.81	0	248
NODE_9845_length_6901_cov_9.655711	6901	82850	12.01	3	35
NODE_9911_length_6848_cov_8.587222	6848	69133	10.10	2	22
NODE_10227_length_6617_cov_9.683328	6617	70860	10.71	1	29
NODE_10303_length_6553_cov_9.517544	6553	75070	11.46	3	34
NODE_10481_length_6448_cov_8.869858	6448	66952	10.38	2	25
NODE_10620_length_6354_cov_8.716304	6354	63590	10.01	2	31
NODE_10690_length_6301_cov_9.009126	6301	62192	9.87	1	28
NODE_10713_length_6284_cov_10.834163	6284	74025	11.78	0	91
NODE_10813_length_6209_cov_9.916640	6209	65905	10.61	1	69
NODE_11471_length_5774_cov_8.452352	5774	60460	10.47	1	31
NODE_11553_length_5724_cov_7.425295	5724	55373	9.67	1	60
NODE_11799_length_5585_cov_10.472152	5585	67560	12.10	1	22
NODE_12324_length_5305_cov_8.769333	5305	57176	10.78	5	22
NODE_12466_length_5233_cov_8.080340	5233	49947	9.54	1	39
NODE_12717_length_5131_cov_9.448188	5131	55435	10.80	3	25
NODE_12856_length_5070_cov_10.699900	5070	54793	10.81	1	23
NODE_12893_length_5053_cov_10.058423	5053	60553	11.98	1	38
NODE_12934_length_5035_cov_10.511044	5035	58282	11.58	3	35
NODE_13067_length_4978_cov_9.557993	4978	59103	11.87	0	34
NODE_13567_length_4772_cov_4.582574	4772	37845	7.93	1	20
NODE_13918_length_4629_cov_43.091605	4629	265165	57.28	14	150
NODE_14060_length_4576_cov_8.670648	4576	44246	9.67	1	20
NODE_14183_length_4529_cov_8.994636	4529	52450	11.58	1	25
NODE_14759_length_4324_cov_9.853596	4324	46355	10.72	4	20
NODE_14866_length_4286_cov_12.494918	4286	61281	14.30	2	32
NODE_14901_length_4278_cov_11.059673	4278	48952	11.44	1	22
NODE_14987_length_4250_cov_10.459595	4250	44091	10.37	2	20
NODE_15040_length_4235_cov_18.946890	4235	108451	25.61	8	50
NODE_15165_length_4195_cov_9.600483	4195	69975	16.68	4	54
NODE_15837_length_4016_cov_14.697551	4016	66300	16.51	8	27
NODE_16075_length_3954_cov_10.016671	3954	44621	11.29	4	24
NODE_16110_length_3942_cov_9.682274	3942	44297	11.24	4	25
NODE_16626_length_3815_cov_10.296543	3815	43058	11.29	3	23
NODE_17139_length_3697_cov_10.241625	3697	44040	11.91	1	22
NODE_17278_length_3666_cov_11.063694	3666	41959	11.45	2	25
NODE_17324_length_3655_cov_11.074167	3655	54024	14.78	1	94
NODE_17363_length_3647_cov_11.844098	3647	60182	16.50	6	163
NODE_17845_length_3540_cov_10.668580	3540	40020	11.31	3	20
NODE_17958_length_3519_cov_8.348730	3519	37082	10.54	1	69
NODE_19631_length_3225_cov_11.776025	3225	39455	12.23	5	23
NODE_20272_length_3129_cov_8.919649	3129	33342	10.66	4	22
NODE_21065_length_3015_cov_8.285473	3015	29024	9.63	3	20
NODE_21076_length_3014_cov_9.466374	3014	31306	10.39	1	19
NODE_21426_length_2968_cov_10.096464	2968	34162	11.51	0	20
NODE_21711_length_2933_cov_7.251911	2933	28418	9.69	1	79
NODE_22042_length_2894_cov_9.110250	2894	31202	10.78	1	20
NODE_22164_length_2880_cov_7.015929	2880	24883	8.64	1	16
NODE_22810_length_2809_cov_9.424110	2809	29936	10.66	5	26
NODE_22922_length_2795_cov_9.110219	2795	34027	12.17	4	21
NODE_24981_length_2581_cov_27.801267	2581	77665	30.09	12	44
NODE_25584_length_2524_cov_17.981774	2524	90022	35.67	9	231
NODE_27402_length_2365_cov_30.827706	2365	130854	55.33	9	248
NODE_29296_length_2225_cov_7.577880	2225	23449	10.54	4	24
NODE_29623_length_2202_cov_9.977643	2202	25930	11.78	7	18
NODE_30891_length_2124_cov_9.553407	2124	22519	10.60	5	18
NODE_31785_length_2068_cov_5.910084	2068	14258	6.89	2	46
NODE_32104_length_2051_cov_9.990481	2051	23809	11.61	2	22
NODE_32423_length_2033_cov_10.015672	2033	22603	11.12	3	28
NODE_34832_length_1905_cov_35.842162	1905	76241	40.02	19	56
NODE_34891_length_1902_cov_18.971846	1902	41165	21.64	11	31
NODE_37989_length_1763_cov_10.235948	1763	18817	10.67	4	16
NODE_38707_length_1734_cov_4.572960	1734	16375	9.44	1	79
NODE_43099_length_1574_cov_21.024358	1574	36971	23.49	10	32
NODE_129_length_122956_cov_23.789619	122956	3435032	27.94	0	2347
NODE_153_length_117482_cov_25.056018	117482	3453186	29.39	8	132
NODE_172_length_112174_cov_23.545911	112174	3226125	28.76	8	268
NODE_194_length_106321_cov_24.440028	106321	3286085	30.91	0	77
NODE_210_length_102426_cov_21.003106	102426	2686343	26.23	0	184
NODE_217_length_100798_cov_23.045631	100798	2846901	28.24	8	100
NODE_234_length_97488_cov_22.387415	97488	2804069	28.76	7	54
NODE_297_length_86686_cov_23.570904	86686	2513595	29.00	2	416
NODE_377_length_78348_cov_25.463950	78348	2403058	30.67	10	239
NODE_391_length_76596_cov_37.171464	76596	4183373	54.62	13	867
NODE_394_length_76240_cov_23.704430	76240	2148656	28.18	9	103
NODE_481_length_69352_cov_25.014589	69352	2340210	33.74	0	5007
NODE_483_length_68930_cov_23.010323	68930	1823679	26.46	0	228
NODE_522_length_66524_cov_23.177617	66524	1927046	28.97	0	62
NODE_541_length_65562_cov_25.461080	65562	2268958	34.61	0	828
NODE_602_length_62187_cov_24.354954	62187	1684910	27.09	10	47
NODE_614_length_61681_cov_23.968390	61681	1734482	28.12	10	195
NODE_712_length_57239_cov_22.960181	57239	1625652	28.40	7	186
NODE_717_length_56924_cov_25.080167	56924	1647432	28.94	0	173
NODE_739_length_56187_cov_25.065061	56187	1720262	30.62	6	130
NODE_744_length_56038_cov_23.623868	56038	1565334	27.93	1	58
NODE_793_length_53845_cov_24.351311	53845	1488296	27.64	1	66
NODE_839_length_51306_cov_23.217342	51306	1394389	27.18	0	59
NODE_963_length_47367_cov_23.965865	47367	1340136	28.29	8	62
NODE_971_length_47150_cov_23.191018	47150	1367392	29.00	0	102
NODE_1003_length_46266_cov_22.456471	46266	1286572	27.81	0	119
NODE_1023_length_45727_cov_22.457698	45727	1289790	28.21	0	91
NODE_1025_length_45689_cov_24.420892	45689	1260227	27.58	0	80
NODE_1073_length_44149_cov_24.270740	44149	1197353	27.12	0	44
NODE_1095_length_43687_cov_24.740832	43687	1307319	29.92	10	106
NODE_1115_length_43077_cov_24.059481	43077	1232156	28.60	2	64
NODE_1168_length_41680_cov_24.805165	41680	1202137	28.84	5	52
NODE_1201_length_41016_cov_23.287469	41016	1056457	25.76	0	52
NODE_1204_length_40966_cov_25.886852	40966	1209874	29.53	0	61
NODE_1212_length_40792_cov_23.768270	40792	1264213	30.99	6	265
NODE_1379_length_37371_cov_22.516910	37371	1028940	27.53	0	169
NODE_1400_length_36965_cov_18.297616	36965	756934	20.48	5	44
NODE_1432_length_36438_cov_23.563395	36438	1101536	30.23	7	421
NODE_1580_length_33976_cov_24.258955	33976	934458	27.50	2	55
NODE_1648_length_33312_cov_22.913191	33312	953919	28.64	8	79
NODE_1650_length_33268_cov_22.001355	33268	858429	25.80	0	50
NODE_1687_length_32776_cov_20.641820	32776	936201	28.56	6	130
NODE_1752_length_32005_cov_23.727793	32005	938827	29.33	12	187
NODE_1796_length_31387_cov_20.508809	31387	806697	25.70	6	365
NODE_1872_length_30493_cov_24.315264	30493	817666	26.81	9	53
NODE_2144_length_27640_cov_22.753235	27640	789797	28.57	0	65
NODE_2202_length_27083_cov_24.087872	27083	758015	27.99	7	76
NODE_2218_length_26933_cov_22.673599	26933	736542	27.35	0	146
NODE_2247_length_26657_cov_23.239869	26657	711362	26.69	0	86
NODE_2380_length_25550_cov_22.129359	25550	641754	25.12	4	174
NODE_2401_length_25391_cov_22.967793	25391	657180	25.88	0	55
NODE_2433_length_25165_cov_24.220669	25165	757652	30.11	0	122
NODE_2537_length_24371_cov_23.292194	24371	678254	27.83	11	59
NODE_2555_length_24256_cov_24.515970	24256	755706	31.16	0	57
NODE_2607_length_23909_cov_23.249937	23909	677704	28.35	0	59
NODE_2647_length_23617_cov_23.927086	23617	652667	27.64	6	58
NODE_2834_length_22595_cov_20.100000	22595	543631	24.06	11	101
NODE_2853_length_22477_cov_22.889528	22477	629468	28.00	10	51
NODE_2930_length_22017_cov_24.061697	22017	632317	28.72	9	65
NODE_3034_length_21388_cov_23.366428	21388	574636	26.87	0	108
NODE_3055_length_21247_cov_9.491648	21247	220231	10.37	1	34
NODE_3082_length_21065_cov_23.954641	21065	588414	27.93	13	51
NODE_3150_length_20595_cov_22.258520	20595	505052	24.52	7	43
NODE_3209_length_20217_cov_14.769715	20217	342396	16.94	0	41
NODE_3229_length_20104_cov_22.518879	20104	617407	30.71	0	82
NODE_3312_length_19717_cov_26.095565	19717	649674	32.95	0	182
NODE_3324_length_19657_cov_24.158810	19657	600709	30.56	0	155
NODE_3415_length_19295_cov_41.110759	19295	953751	49.43	21	112
NODE_3663_length_18269_cov_23.426320	18269	501228	27.44	0	69
NODE_3676_length_18206_cov_22.801278	18206	541613	29.75	1	65
NODE_3898_length_17304_cov_24.513421	17304	501851	29.00	0	251
NODE_3973_length_17052_cov_23.057245	17052	497447	29.17	0	78
NODE_4163_length_16442_cov_21.746079	16442	438779	26.69	11	155
NODE_4489_length_15333_cov_24.158267	15333	442522	28.86	8	53
NODE_4530_length_15241_cov_24.431648	15241	437344	28.70	12	102
NODE_4580_length_15137_cov_20.902997	15137	402725	26.61	0	110
NODE_4597_length_15083_cov_25.250865	15083	439509	29.14	9	60
NODE_4635_length_14961_cov_22.793506	14961	398785	26.65	9	113
NODE_4689_length_14791_cov_23.422910	14791	427830	28.93	8	138
NODE_4807_length_14466_cov_23.695302	14466	416395	28.78	0	330
NODE_4920_length_14146_cov_24.364346	14146	396998	28.06	0	81
NODE_5025_length_13896_cov_22.800376	13896	398287	28.66	10	64
NODE_5053_length_13831_cov_16.779544	13831	249272	18.02	4	85
NODE_5165_length_13581_cov_21.338903	13581	367247	27.04	10	139
NODE_5233_length_13427_cov_19.311098	13427	322824	24.04	8	98
NODE_5347_length_13158_cov_23.778600	13158	377952	28.72	13	55
NODE_5364_length_13126_cov_24.095785	13126	353455	26.93	0	48
NODE_5385_length_13076_cov_22.043161	13076	366136	28.00	10	95
NODE_5436_length_12950_cov_27.060178	12950	919174	70.98	8	2922
NODE_5686_length_12481_cov_23.631016	12481	387867	31.08	3	504
NODE_5754_length_12327_cov_25.469280	12327	427202	34.66	11	162
NODE_5796_length_12246_cov_15.509228	12246	196333	16.03	5	28
NODE_5839_length_12171_cov_23.660862	12171	378732	31.12	7	74
NODE_5885_length_12055_cov_21.595667	12055	447345	37.11	0	1152
NODE_6057_length_11727_cov_25.318112	11727	343182	29.26	9	81
NODE_6117_length_11613_cov_21.612909	11613	342297	29.48	8	243
NODE_6237_length_11389_cov_25.983589	11389	348577	30.61	12	67
NODE_6325_length_11215_cov_22.625806	11215	363896	32.45	10	237
NODE_6508_length_10892_cov_23.782043	10892	294034	27.00	10	45
NODE_6604_length_10737_cov_24.281970	10737	300143	27.95	9	50
NODE_6873_length_10321_cov_24.711670	10321	364665	35.33	7	76
NODE_6944_length_10194_cov_25.255351	10194	301861	29.61	7	58
NODE_7010_length_10094_cov_27.665604	10094	349606	34.64	5	110
NODE_7030_length_10065_cov_25.521279	10065	305492	30.35	14	79
NODE_7242_length_9762_cov_23.975791	9762	276942	28.37	0	78
NODE_7355_length_9616_cov_38.249660	9616	433942	45.13	10	148
NODE_7445_length_9499_cov_22.473316	9499	242946	25.58	6	48
NODE_7473_length_9451_cov_26.053321	9451	276818	29.29	14	58
NODE_7560_length_9317_cov_26.145325	9317	298919	32.08	8	137
NODE_7681_length_9158_cov_25.507635	9158	268897	29.36	0	61
NODE_7693_length_9146_cov_20.333957	9146	206339	22.56	9	48
NODE_7755_length_9070_cov_24.739434	9070	269754	29.74	11	164
NODE_7824_length_8986_cov_13.843691	8986	162255	18.06	1	128
NODE_8084_length_8660_cov_23.218826	8660	235542	27.20	8	54
NODE_8157_length_8577_cov_24.289955	8577	262424	30.60	9	100
NODE_8466_length_8215_cov_18.190074	8215	188938	23.00	9	52
NODE_8852_length_7792_cov_30.350136	7792	1387919	178.12	4	1191
NODE_9226_length_7438_cov_23.216579	7438	210383	28.28	7	75
NODE_9421_length_7261_cov_24.971551	7261	207067	28.52	13	53
NODE_9501_length_7177_cov_25.990733	7177	207935	28.97	5	46
NODE_9743_length_6982_cov_24.373033	6982	211509	30.29	13	63
NODE_9920_length_6841_cov_28.082523	6841	221733	32.41	7	65
NODE_9992_length_6788_cov_22.928709	6788	196126	28.89	4	61
NODE_10207_length_6630_cov_22.379316	6630	176597	26.64	15	45
NODE_10239_length_6599_cov_24.764670	6599	185792	28.15	6	44
NODE_10364_length_6510_cov_23.969016	6510	317697	48.80	13	489
NODE_10619_length_6354_cov_24.524210	6354	174663	27.49	7	58
NODE_10700_length_6294_cov_16.505369	6294	159582	25.35	8	159
NODE_10796_length_6222_cov_23.913410	6222	171999	27.64	7	158
NODE_10858_length_6176_cov_24.786636	6176	183651	29.74	14	55
NODE_10870_length_6166_cov_22.907380	6166	160480	26.03	15	62
NODE_11008_length_6069_cov_25.246924	6069	184422	30.39	9	54
NODE_11038_length_6049_cov_22.282115	6049	151520	25.05	9	64
NODE_11145_length_5980_cov_26.228186	5980	193258	32.32	16	98
NODE_11355_length_5847_cov_22.543336	5847	162455	27.78	15	49
NODE_11371_length_5837_cov_20.445175	5837	140938	24.15	0	53
NODE_11626_length_5684_cov_20.138923	5684	144300	25.39	10	50
NODE_11692_length_5648_cov_6.463079	5648	337226	59.71	1	341
NODE_11730_length_5625_cov_20.991562	5625	128931	22.92	5	76
NODE_11848_length_5559_cov_24.507086	5559	159079	28.62	8	43
NODE_12028_length_5465_cov_24.288909	5465	187799	34.36	16	89
NODE_12106_length_5429_cov_15.205806	5429	95485	17.59	4	36
NODE_12288_length_5321_cov_26.113559	5321	148806	27.97	8	48
NODE_12371_length_5281_cov_23.869690	5281	138188	26.17	8	45
NODE_12462_length_5235_cov_20.986100	5235	128745	24.59	13	40
NODE_12940_length_5031_cov_17.446543	5031	136548	27.14	7	82
NODE_12950_length_5028_cov_24.288960	5028	138013	27.45	12	74
NODE_13505_length_4795_cov_26.740295	4795	144113	30.05	16	62
NODE_13662_length_4732_cov_22.031430	4732	125700	26.56	13	75
NODE_14101_length_4562_cov_23.787664	4562	334490	73.32	16	935
NODE_14392_length_4451_cov_42.691310	4451	229069	51.46	28	235
NODE_14422_length_4441_cov_24.268126	4441	124155	27.96	16	83
NODE_14423_length_4441_cov_23.545600	4441	120265	27.08	14	41
NODE_15206_length_4181_cov_21.836888	4181	106720	25.52	0	72
NODE_15282_length_4159_cov_24.493665	4159	143205	34.43	9	58
NODE_15371_length_4141_cov_28.462800	4141	127688	30.84	14	45
NODE_15697_length_4048_cov_21.503130	4048	93777	23.17	8	39
NODE_15806_length_4024_cov_14.684303	4024	56033	13.92	5	41
NODE_16536_length_3836_cov_20.845015	3836	95865	24.99	4	54
NODE_16743_length_3781_cov_15.864466	3781	68195	18.04	8	30
NODE_16806_length_3768_cov_26.539456	3768	107455	28.52	14	46
NODE_17075_length_3713_cov_22.799344	3713	110231	29.69	15	97
NODE_17148_length_3695_cov_19.756593	3695	97859	26.48	0	112
NODE_17444_length_3629_cov_23.905428	3629	96273	26.53	6	42
NODE_18173_length_3479_cov_25.184287	3479	108690	31.24	7	44
NODE_18469_length_3421_cov_17.057338	3421	106873	31.24	11	319
NODE_18660_length_3387_cov_26.349040	3387	97623	28.82	14	44
NODE_19142_length_3306_cov_26.873885	3306	123660	37.40	9	98
NODE_19529_length_3239_cov_19.871231	3239	80694	24.91	12	56
NODE_20345_length_3118_cov_19.214169	3118	87267	27.99	15	65
NODE_20611_length_3080_cov_25.409917	3080	88545	28.75	7	52
NODE_21211_length_2996_cov_17.047263	2996	66459	22.18	6	74
NODE_21266_length_2988_cov_27.972724	2988	97101	32.50	16	56
NODE_21667_length_2938_cov_22.231009	2938	95869	32.63	10	166
NODE_21898_length_2911_cov_24.987745	2911	74888	25.73	15	45
NODE_22775_length_2813_cov_35.217549	2813	112644	40.04	9	60
NODE_23697_length_2709_cov_20.174830	2709	51996	19.19	5	29
NODE_24615_length_2616_cov_14.805545	2616	43808	16.75	7	35
NODE_24781_length_2599_cov_15.670597	2599	50330	19.37	1	71
NODE_25846_length_2501_cov_22.708095	2501	66960	26.77	6	41
NODE_25967_length_2492_cov_22.227739	2492	81183	32.58	14	140
NODE_26323_length_2459_cov_18.965474	2459	58790	23.91	11	117
NODE_27038_length_2396_cov_24.836822	2396	69094	28.84	15	45
NODE_29910_length_2183_cov_24.430921	2183	76115	34.87	7	65
NODE_30032_length_2175_cov_34.859434	2175	82544	37.95	22	53
NODE_31970_length_2058_cov_16.416375	2058	23145	11.25	1	24
NODE_33413_length_1977_cov_25.113424	1977	57692	29.18	9	52
NODE_33675_length_1963_cov_109.851677	1963	231063	117.71	42	141
NODE_33694_length_1962_cov_25.837441	1962	66155	33.72	6	76
NODE_33821_length_1955_cov_27.041579	1955	58766	30.06	12	38
NODE_35709_length_1862_cov_12.241837	1862	29589	15.89	7	24
NODE_36130_length_1841_cov_36.739642	1841	75467	40.99	22	60
NODE_36815_length_1812_cov_58.879340	1812	135856	74.98	16	123
NODE_38377_length_1747_cov_19.966312	1747	38935	22.29	9	49
NODE_39505_length_1703_cov_24.522451	1703	52475	30.81	13	72
NODE_40740_length_1656_cov_19.301686	1656	41060	24.79	13	48
NODE_41057_length_1645_cov_26.848428	1645	53202	32.34	17	55
NODE_42041_length_1610_cov_25.374277	1610	54413	33.80	12	71
NODE_43453_length_1563_cov_23.965517	1563	46464	29.73	6	61
NODE_44232_length_1539_cov_26.019542	1539	46948	30.51	5	48
NODE_44264_length_1538_cov_27.127444	1538	47989	31.20	17	113
NODE_45465_length_1503_cov_23.729282	1503	43327	28.83	14	42
NODE_1330_length_38218_cov_8.986269	38218	386805	10.12	1	36
NODE_1372_length_37465_cov_7.730687	37465	347468	9.27	1	25
NODE_1390_length_37106_cov_8.190332	37106	358482	9.66	1	28
NODE_1453_length_35857_cov_6.511173	35857	280198	7.81	1	122
NODE_1538_length_34479_cov_7.059435	34479	309581	8.98	0	211
NODE_1675_length_33021_cov_8.187072	33021	332146	10.06	0	42
NODE_1817_length_31170_cov_6.133890	31170	216970	6.96	1	20
NODE_1951_length_29509_cov_6.103517	29509	200780	6.80	1	21
NODE_2392_length_25450_cov_5.603426	25450	178295	7.01	1	24
NODE_2594_length_23967_cov_6.108397	23967	233221	9.73	0	32
NODE_2690_length_23356_cov_5.564568	23356	147886	6.33	1	15
NODE_2712_length_23225_cov_6.054467	23225	161715	6.96	0	18
NODE_2961_length_21805_cov_7.121517	21805	190009	8.71	0	27
NODE_2980_length_21667_cov_8.713631	21667	216375	9.99	1	45
NODE_3006_length_21553_cov_6.394409	21553	173560	8.05	1	23
NODE_3018_length_21484_cov_5.738719	21484	142472	6.63	1	16
NODE_3054_length_21251_cov_5.826571	21251	170794	8.04	0	25
NODE_3224_length_20151_cov_6.079170	20151	150493	7.47	1	21
NODE_3242_length_20066_cov_5.165259	20066	125532	6.26	1	19
NODE_3245_length_20055_cov_5.714450	20055	137757	6.87	1	21
NODE_3253_length_20007_cov_6.081947	20007	176228	8.81	1	32
NODE_3308_length_19732_cov_5.929918	19732	132456	6.71	1	17
NODE_3329_length_19649_cov_6.331938	19649	143898	7.32	1	44
NODE_3394_length_19387_cov_6.906011	19387	179788	9.27	2	27
NODE_3395_length_19380_cov_5.494748	19380	118190	6.10	1	15
NODE_3433_length_19177_cov_5.987554	19177	149597	7.80	1	27
NODE_3556_length_18707_cov_6.057527	18707	130253	6.96	1	17
NODE_3583_length_18585_cov_6.175553	18585	132174	7.11	1	29
NODE_3734_length_18001_cov_6.280898	18001	136934	7.61	1	21
NODE_3739_length_17983_cov_6.440596	17983	159270	8.86	1	31
NODE_3814_length_17684_cov_5.612400	17684	119233	6.74	1	17
NODE_3925_length_17202_cov_6.798799	17202	162301	9.44	2	20
NODE_4092_length_16696_cov_5.786071	16696	142025	8.51	1	25
NODE_4099_length_16661_cov_6.217211	16661	154170	9.25	0	26
NODE_4112_length_16604_cov_5.745000	16604	136529	8.22	1	33
NODE_4117_length_16595_cov_6.128658	16595	143013	8.62	0	22
NODE_4138_length_16519_cov_6.259840	16519	168620	10.21	0	39
NODE_4162_length_16445_cov_6.248627	16445	132726	8.07	1	26
NODE_4177_length_16387_cov_7.657421	16387	187789	11.46	0	51
NODE_4217_length_16233_cov_6.205341	16233	133438	8.22	1	17
NODE_4313_length_15886_cov_5.749289	15886	132486	8.34	0	31
NODE_4342_length_15764_cov_6.369979	15764	147029	9.33	0	30
NODE_4345_length_15762_cov_6.520087	15762	148956	9.45	1	29
NODE_4427_length_15520_cov_6.240802	15520	145124	9.35	0	25
NODE_4481_length_15366_cov_6.804324	15366	158908	10.34	1	29
NODE_4559_length_15181_cov_5.994314	15181	112221	7.39	1	18
NODE_4622_length_15021_cov_6.699385	15021	123644	8.23	1	29
NODE_4675_length_14854_cov_6.606527	14854	124863	8.41	1	36
NODE_4785_length_14538_cov_6.022302	14538	96067	6.61	0	19
NODE_4818_length_14431_cov_6.252435	14431	114015	7.90	1	17
NODE_4835_length_14375_cov_6.664804	14375	121084	8.42	0	20
NODE_4869_length_14295_cov_5.585534	14295	128396	8.98	2	21
NODE_4924_length_14139_cov_5.689577	14139	97439	6.89	1	21
NODE_4983_length_13999_cov_6.521730	13999	168779	12.06	0	35
NODE_5013_length_13940_cov_6.226287	13940	123795	8.88	2	37
NODE_5014_length_13931_cov_5.664168	13931	92074	6.61	0	21
NODE_5099_length_13743_cov_6.540912	13743	127187	9.25	0	158
NODE_5125_length_13670_cov_7.188689	13670	119197	8.72	1	23
NODE_5177_length_13546_cov_7.202950	13546	105158	7.76	1	31
NODE_5180_length_13542_cov_4.932305	13542	78656	5.81	0	16
NODE_5201_length_13506_cov_6.266746	13506	116444	8.62	1	27
NODE_5218_length_13461_cov_5.620692	13461	95775	7.11	1	16
NODE_5253_length_13395_cov_6.749100	13395	109730	8.19	1	23
NODE_5259_length_13376_cov_6.886795	13376	148927	11.13	1	30
NODE_5296_length_13295_cov_6.349169	13295	112152	8.44	1	32
NODE_5320_length_13228_cov_5.795415	13228	111758	8.45	1	22
NODE_5322_length_13210_cov_6.948081	13210	167408	12.67	2	31
NODE_5337_length_13176_cov_6.382059	13176	122889	9.33	0	64
NODE_5412_length_13021_cov_5.828012	13021	114244	8.77	1	27
NODE_5469_length_12882_cov_5.616122	12882	84152	6.53	1	24
NODE_5514_length_12792_cov_5.920232	12792	85197	6.66	1	17
NODE_5548_length_12723_cov_6.277076	12723	120805	9.50	0	57
NODE_5630_length_12598_cov_5.735629	12598	116928	9.28	1	111
NODE_5642_length_12575_cov_5.936901	12575	91258	7.26	1	20
NODE_5650_length_12560_cov_6.370412	12560	103459	8.24	0	16
NODE_5683_length_12484_cov_6.399228	12484	107816	8.64	1	27
NODE_5692_length_12465_cov_5.956567	12465	121380	9.74	0	122
NODE_5709_length_12430_cov_6.170828	12430	86858	6.99	1	15
NODE_5740_length_12380_cov_5.329655	12380	105000	8.48	1	113
NODE_5771_length_12291_cov_5.300262	12291	75803	6.17	0	15
NODE_5778_length_12283_cov_7.266438	12283	227142	18.49	2	1950
NODE_5803_length_12236_cov_6.649700	12236	109555	8.95	0	27
NODE_5814_length_12217_cov_6.415557	12217	124649	10.20	1	31
NODE_5893_length_12045_cov_6.373561	12045	111954	9.29	1	26
NODE_5915_length_12002_cov_5.618231	12002	79212	6.60	1	21
NODE_5917_length_11998_cov_6.667420	11998	100515	8.38	0	32
NODE_5925_length_11981_cov_7.286852	11981	132865	11.09	1	31
NODE_5975_length_11900_cov_6.401688	11900	111514	9.37	1	22
NODE_6042_length_11764_cov_6.720215	11764	116007	9.86	1	23
NODE_6075_length_11679_cov_6.071232	11679	85121	7.29	0	22
NODE_6125_length_11605_cov_8.952208	11605	118681	10.23	1	33
NODE_6156_length_11539_cov_6.389586	11539	91496	7.93	1	21
NODE_6229_length_11408_cov_10.147362	11408	130358	11.43	1	47
NODE_6271_length_11311_cov_5.770167	11311	88388	7.81	1	20
NODE_6319_length_11226_cov_6.078417	11226	91974	8.19	1	27
NODE_6332_length_11209_cov_6.515779	11209	102009	9.10	2	19
NODE_6414_length_11072_cov_6.985386	11072	143600	12.97	0	919
NODE_6437_length_11021_cov_5.422488	11021	70349	6.38	1	18
NODE_6444_length_11013_cov_6.682606	11013	112622	10.23	0	41
NODE_6455_length_10993_cov_6.450539	10993	83258	7.57	0	21
NODE_6536_length_10838_cov_6.774274	10838	118507	10.93	2	57
NODE_6537_length_10838_cov_5.211722	10838	69406	6.40	1	31
NODE_6588_length_10758_cov_6.264879	10758	106216	9.87	0	25
NODE_6622_length_10708_cov_6.164461	10708	95058	8.88	2	23
NODE_6628_length_10701_cov_7.035037	10701	104600	9.77	2	25
NODE_6629_length_10701_cov_5.311103	10701	87107	8.14	1	62
NODE_6657_length_10660_cov_6.139651	10660	78672	7.38	0	58
NODE_6689_length_10605_cov_4.866919	10605	89768	8.46	0	22
NODE_6712_length_10551_cov_6.251143	10551	85294	8.08	1	25
NODE_6728_length_10528_cov_6.178268	10528	99072	9.41	1	24
NODE_6748_length_10497_cov_7.848496	10497	108421	10.33	2	164
NODE_6773_length_10474_cov_7.140417	10474	112940	10.78	0	28
NODE_6780_length_10470_cov_6.467403	10470	78572	7.50	1	18
NODE_6787_length_10458_cov_5.997308	10458	73829	7.06	0	18
NODE_6821_length_10410_cov_5.688460	10410	78567	7.55	1	28
NODE_6844_length_10361_cov_6.329614	10361	96594	9.32	1	31
NODE_6858_length_10346_cov_6.975415	10346	83777	8.10	0	30
NODE_6878_length_10308_cov_6.483761	10308	81826	7.94	1	20
NODE_6936_length_10215_cov_6.722146	10215	76493	7.49	1	37
NODE_6943_length_10195_cov_7.022189	10195	121790	11.95	1	29
NODE_6978_length_10139_cov_6.867414	10139	101655	10.03	1	21
NODE_7031_length_10065_cov_6.840160	10065	79199	7.87	1	21
NODE_7040_length_10049_cov_6.710326	10049	91265	9.08	2	25
NODE_7063_length_10018_cov_5.866908	10018	67887	6.78	0	17
NODE_7076_length_9988_cov_5.976039	9988	93795	9.39	0	29
NODE_7092_length_9966_cov_6.536676	9966	112804	11.32	1	27
NODE_7104_length_9950_cov_5.542799	9950	63198	6.35	1	15
NODE_7125_length_9926_cov_5.882079	9926	67514	6.80	0	31
NODE_7149_length_9907_cov_6.186358	9907	107409	10.84	1	52
NODE_7151_length_9903_cov_7.028940	9903	83785	8.46	1	25
NODE_7161_length_9883_cov_5.612230	9883	78444	7.94	0	22
NODE_7184_length_9855_cov_5.304694	9855	60980	6.19	0	16
NODE_7191_length_9843_cov_6.883224	9843	99455	10.10	1	24
NODE_7254_length_9743_cov_6.019199	9743	115138	11.82	0	60
NODE_7262_length_9734_cov_6.152185	9734	76567	7.87	1	21
NODE_7284_length_9706_cov_6.573412	9706	83512	8.60	1	38
NODE_7288_length_9699_cov_5.974388	9699	65532	6.76	0	15
NODE_7291_length_9696_cov_6.546520	9696	71151	7.34	1	17
NODE_7334_length_9639_cov_5.416006	9639	84427	8.76	1	21
NODE_7399_length_9556_cov_6.754657	9556	89913	9.41	0	22
NODE_7406_length_9538_cov_6.181377	9538	66723	7.00	1	49
NODE_7413_length_9531_cov_5.886450	9531	77530	8.13	1	19
NODE_7422_length_9521_cov_6.798437	9521	93036	9.77	0	29
NODE_7425_length_9519_cov_6.311813	9519	86970	9.14	0	32
NODE_7472_length_9452_cov_5.618921	9452	82043	8.68	1	24
NODE_7507_length_9394_cov_6.863369	9394	69758	7.43	1	16
NODE_7511_length_9390_cov_6.483771	9390	84032	8.95	1	22
NODE_7540_length_9344_cov_6.279901	9344	102256	10.94	2	32
NODE_7556_length_9319_cov_7.384607	9319	77596	8.33	1	36
NODE_7617_length_9242_cov_6.279961	9242	92375	10.00	1	31
NODE_7619_length_9240_cov_6.310615	9240	84071	9.10	0	31
NODE_7628_length_9226_cov_5.170974	9226	52892	5.73	0	12
NODE_7655_length_9194_cov_6.675019	9194	112654	12.25	1	35
NODE_7656_length_9194_cov_5.816172	9194	81852	8.90	3	27
NODE_7692_length_9147_cov_6.120436	9147	68484	7.49	1	23
NODE_7729_length_9090_cov_6.709574	9090	107472	11.82	1	30
NODE_7753_length_9072_cov_6.849950	9072	99498	10.97	1	34
NODE_7756_length_9069_cov_6.773796	9069	72068	7.95	1	17
NODE_7762_length_9063_cov_5.791963	9063	75001	8.28	0	24
NODE_7796_length_9016_cov_7.534204	9016	115476	12.81	1	43
NODE_7804_length_9009_cov_5.351798	9009	73776	8.19	0	18
NODE_7808_length_9006_cov_6.530332	9006	105407	11.70	3	30
NODE_7871_length_8929_cov_7.141537	8929	107132	12.00	1	29
NODE_7873_length_8926_cov_6.995491	8926	111880	12.53	1	33
NODE_7947_length_8827_cov_7.131441	8827	111072	12.58	2	36
NODE_7950_length_8823_cov_6.552578	8823	88498	10.03	1	27
NODE_7957_length_8816_cov_6.051022	8816	92430	10.48	1	30
NODE_7958_length_8816_cov_5.986303	8816	71685	8.13	0	19
NODE_8021_length_8735_cov_6.636290	8735	80268	9.19	0	19
NODE_8055_length_8688_cov_6.657014	8688	80371	9.25	1	28
NODE_8059_length_8686_cov_6.542811	8686	66886	7.70	1	18
NODE_8090_length_8657_cov_5.536387	8657	49296	5.69	1	13
NODE_8112_length_8628_cov_5.873906	8628	96906	11.23	1	63
NODE_8137_length_8599_cov_5.788390	8599	61555	7.16	1	19
NODE_8180_length_8542_cov_7.535525	8542	93278	10.92	0	31
NODE_8201_length_8520_cov_6.227171	8520	56754	6.66	1	14
NODE_8234_length_8484_cov_6.551311	8484	63931	7.54	1	17
NODE_8249_length_8469_cov_6.471714	8469	68538	8.09	1	22
NODE_8254_length_8462_cov_6.090282	8462	73885	8.73	2	20
NODE_8322_length_8388_cov_6.616465	8388	64728	7.72	0	21
NODE_8377_length_8322_cov_6.183501	8322	87444	10.51	1	28
NODE_8400_length_8299_cov_7.276807	8299	92103	11.10	2	23
NODE_8416_length_8283_cov_6.436801	8283	79174	9.56	1	23
NODE_8426_length_8270_cov_5.669385	8270	59801	7.23	0	20
NODE_8448_length_8240_cov_7.553451	8240	94189	11.43	1	33
NODE_8467_length_8215_cov_6.714338	8215	100253	12.20	2	26
NODE_8496_length_8183_cov_6.239911	8183	56457	6.90	1	18
NODE_8509_length_8170_cov_5.246827	8170	70544	8.63	0	26
NODE_8514_length_8166_cov_5.780668	8166	55352	6.78	1	16
NODE_8524_length_8152_cov_7.561813	8152	84012	10.31	0	31
NODE_8525_length_8152_cov_6.667778	8152	82729	10.15	0	27
NODE_8577_length_8101_cov_5.625901	8101	66351	8.19	0	37
NODE_8596_length_8075_cov_5.631671	8075	56489	7.00	1	17
NODE_8597_length_8074_cov_7.585734	8074	78452	9.72	0	29
NODE_8707_length_7952_cov_6.101558	7952	75230	9.46	0	32
NODE_8718_length_7939_cov_4.772070	7939	44018	5.54	1	25
NODE_8763_length_7888_cov_5.521001	7888	54716	6.94	1	23
NODE_8777_length_7869_cov_7.173151	7869	73113	9.29	1	28
NODE_8797_length_7847_cov_6.010139	7847	69637	8.87	1	50
NODE_8805_length_7843_cov_6.144068	7843	66878	8.53	1	24
NODE_8865_length_7787_cov_5.340662	7787	56363	7.24	1	32
NODE_8866_length_7787_cov_4.790740	7787	52613	6.76	1	69
NODE_8874_length_7782_cov_7.017730	7782	88449	11.37	1	29
NODE_8920_length_7727_cov_6.936392	7727	77435	10.02	1	32
NODE_8936_length_7711_cov_5.245951	7711	51931	6.73	1	25
NODE_8938_length_7708_cov_6.643669	7708	61731	8.01	1	16
NODE_8950_length_7696_cov_5.527156	7696	61792	8.03	1	16
NODE_8956_length_7689_cov_6.244433	7689	79755	10.37	1	22
NODE_8961_length_7682_cov_5.548577	7682	58696	7.64	1	22
NODE_8987_length_7658_cov_5.034460	7658	70188	9.17	0	25
NODE_9027_length_7615_cov_5.987963	7615	53341	7.00	1	15
NODE_9048_length_7594_cov_6.784189	7594	62246	8.20	1	20
NODE_9059_length_7578_cov_5.547388	7578	48137	6.35	0	14
NODE_9067_length_7568_cov_6.729535	7568	73681	9.74	1	17
NODE_9071_length_7565_cov_5.914647	7565	61818	8.17	2	24
NODE_9084_length_7555_cov_6.744400	7555	62858	8.32	1	25
NODE_9172_length_7479_cov_6.412177	7479	73643	9.85	0	27
NODE_9175_length_7477_cov_5.687955	7477	55529	7.43	1	19
NODE_9178_length_7475_cov_5.840431	7475	62056	8.30	0	25
NODE_9181_length_7474_cov_6.092870	7474	60866	8.14	1	27
NODE_9187_length_7469_cov_6.753305	7469	65458	8.76	0	20
NODE_9189_length_7467_cov_6.566379	7467	66407	8.89	2	20
NODE_9220_length_7441_cov_6.367046	7441	63901	8.59	1	23
NODE_9230_length_7438_cov_5.494514	7438	44222	5.95	1	16
NODE_9237_length_7430_cov_6.156881	7430	76907	10.35	1	27
NODE_9248_length_7421_cov_6.988460	7421	69804	9.41	0	24
NODE_9284_length_7385_cov_5.821828	7385	61016	8.26	0	27
NODE_9313_length_7360_cov_6.820671	7360	78162	10.62	0	23
NODE_9317_length_7350_cov_5.983413	7350	58543	7.97	1	31
NODE_9327_length_7340_cov_14.184351	7340	119974	16.35	4	26
NODE_9341_length_7330_cov_6.077388	7330	68048	9.28	2	31
NODE_9355_length_7313_cov_4.912373	7313	90210	12.34	1	71
NODE_9387_length_7290_cov_5.747063	7290	50501	6.93	1	71
NODE_9389_length_7288_cov_6.475321	7288	61670	8.46	2	20
NODE_9403_length_7280_cov_6.376886	7280	84134	11.56	1	28
NODE_9420_length_7262_cov_5.704315	7262	53302	7.34	1	24
NODE_9434_length_7249_cov_6.139005	7249	58873	8.12	1	24
NODE_9438_length_7245_cov_5.943950	7245	65188	9.00	2	23
NODE_9472_length_7213_cov_6.983794	7213	71654	9.93	0	39
NODE_9478_length_7205_cov_6.868112	7205	81438	11.30	1	28
NODE_9500_length_7178_cov_7.266882	7178	76451	10.65	0	26
NODE_9519_length_7168_cov_6.169408	7168	58701	8.19	1	22
NODE_9534_length_7155_cov_7.066056	7155	89841	12.56	0	29
NODE_9551_length_7138_cov_6.241423	7138	59654	8.36	0	22
NODE_9573_length_7114_cov_7.358408	7114	78810	11.08	3	30
NODE_9579_length_7110_cov_5.901205	7110	60082	8.45	2	28
NODE_9605_length_7091_cov_5.964895	7091	60669	8.56	0	22
NODE_9624_length_7074_cov_5.752671	7074	56092	7.93	1	53
NODE_9645_length_7058_cov_7.437812	7058	81189	11.50	2	33
NODE_9652_length_7053_cov_5.274936	7053	65914	9.35	1	23
NODE_9679_length_7035_cov_5.786819	7035	48378	6.88	0	13
NODE_9680_length_7034_cov_4.795816	7034	36368	5.17	1	12
NODE_9686_length_7031_cov_6.195528	7031	74789	10.64	1	26
NODE_9688_length_7030_cov_5.758996	7030	60607	8.62	1	23
NODE_9692_length_7027_cov_7.860011	7027	69190	9.85	1	19
NODE_9711_length_7008_cov_6.577592	7008	70029	9.99	1	37
NODE_9764_length_6968_cov_5.815999	6968	46956	6.74	0	26
NODE_9787_length_6943_cov_6.588269	6943	59310	8.54	1	19
NODE_9812_length_6921_cov_6.544713	6921	58847	8.50	1	95
NODE_9818_length_6919_cov_6.991696	6919	71090	10.27	1	31
NODE_9852_length_6895_cov_6.338889	6895	56446	8.19	1	28
NODE_9858_length_6890_cov_6.634382	6890	79883	11.59	2	28
NODE_9863_length_6889_cov_5.370939	6889	47748	6.93	0	18
NODE_9866_length_6887_cov_5.083285	6887	60267	8.75	0	25
NODE_9868_length_6885_cov_5.563543	6885	55124	8.01	1	31
NODE_9881_length_6873_cov_6.832942	6873	51756	7.53	1	18
NODE_9964_length_6807_cov_6.485486	6807	61292	9.00	0	19
NODE_9966_length_6806_cov_7.520812	6806	78112	11.48	3	45
NODE_9990_length_6789_cov_6.959905	6789	69163	10.19	0	74
NODE_9993_length_6788_cov_6.458191	6788	70455	10.38	0	26
NODE_10009_length_6768_cov_7.040965	6768	78279	11.57	1	26
NODE_10030_length_6757_cov_6.316025	6757	92326	13.66	0	179
NODE_10067_length_6726_cov_6.025633	6726	58234	8.66	0	30
NODE_10094_length_6711_cov_6.201322	6711	58417	8.70	0	23
NODE_10100_length_6707_cov_5.610643	6707	50682	7.56	2	18
NODE_10127_length_6689_cov_6.845644	6689	58529	8.75	2	23
NODE_10180_length_6656_cov_7.255567	6656	54582	8.20	2	20
NODE_10187_length_6652_cov_6.926482	6652	58597	8.81	3	16
NODE_10233_length_6609_cov_8.267165	6609	92788	14.04	1	33
NODE_10236_length_6603_cov_7.111637	6603	63947	9.68	0	23
NODE_10271_length_6577_cov_6.749923	6577	52226	7.94	1	31
NODE_10322_length_6541_cov_5.896546	6541	61957	9.47	1	28
NODE_10379_length_6503_cov_6.605769	6503	46335	7.13	1	14
NODE_10389_length_6493_cov_7.856632	6493	85487	13.17	1	29
NODE_10397_length_6491_cov_6.224363	6491	82972	12.78	3	30
NODE_10411_length_6483_cov_5.855943	6483	42008	6.48	1	15
NODE_10418_length_6481_cov_6.763305	6481	50697	7.82	1	16
NODE_10433_length_6473_cov_6.146931	6473	56434	8.72	2	16
NODE_10461_length_6458_cov_6.356395	6458	76518	11.85	1	26
NODE_10465_length_6455_cov_6.077813	6455	65237	10.11	2	28
NODE_10467_length_6454_cov_6.657603	6454	68184	10.56	1	22
NODE_10476_length_6450_cov_5.805160	6450	44783	6.94	1	17
NODE_10580_length_6381_cov_6.255612	6381	57379	8.99	1	24
NODE_10604_length_6360_cov_6.483267	6360	57200	8.99	1	20
NODE_10607_length_6359_cov_7.314245	6359	66519	10.46	1	26
NODE_10641_length_6339_cov_6.096435	6339	53104	8.38	1	19
NODE_10667_length_6317_cov_5.665762	6317	67810	10.73	1	30
NODE_10672_length_6312_cov_6.977305	6312	58613	9.29	0	31
NODE_10677_length_6311_cov_4.547315	6311	38764	6.14	1	15
NODE_10693_length_6299_cov_5.352338	6299	57210	9.08	1	30
NODE_10706_length_6287_cov_6.040918	6287	53605	8.53	1	28
NODE_10711_length_6285_cov_5.707384	6285	53813	8.56	1	21
NODE_10731_length_6267_cov_5.635544	6267	53880	8.60	1	23
NODE_10743_length_6261_cov_6.286819	6261	59943	9.57	0	29
NODE_10754_length_6253_cov_5.726686	6253	60875	9.74	4	19
NODE_10774_length_6239_cov_5.199386	6239	39562	6.34	0	15
NODE_10777_length_6238_cov_6.066958	6238	50604	8.11	1	27
NODE_10801_length_6219_cov_5.970798	6219	67963	10.93	1	34
NODE_10807_length_6216_cov_6.523129	6216	42610	6.85	1	14
NODE_10834_length_6193_cov_5.332682	6193	51637	8.34	0	28
NODE_10841_length_6190_cov_6.795436	6190	59529	9.62	1	94
NODE_10945_length_6107_cov_5.772141	6107	40035	6.56	1	16
NODE_10948_length_6105_cov_6.728099	6105	64283	10.53	2	31
NODE_10956_length_6103_cov_6.558532	6103	62812	10.29	1	32
NODE_10974_length_6094_cov_6.425567	6094	56377	9.25	1	33
NODE_11027_length_6055_cov_5.148333	6055	38351	6.33	1	29
NODE_11028_length_6054_cov_8.061344	6054	79435	13.12	1	35
NODE_11047_length_6046_cov_6.039893	6046	53351	8.82	2	21
NODE_11116_length_6004_cov_6.197512	6004	54764	9.12	0	28
NODE_11126_length_5996_cov_7.105033	5996	47282	7.89	1	21
NODE_11159_length_5975_cov_6.495439	5975	66776	11.18	1	24
NODE_11162_length_5972_cov_6.585770	5972	56982	9.54	1	26
NODE_11164_length_5971_cov_6.202333	5971	44420	7.44	1	16
NODE_11181_length_5962_cov_7.205519	5962	58625	9.83	2	19
NODE_11249_length_5918_cov_5.134914	5918	37992	6.42	1	14
NODE_11257_length_5909_cov_5.687564	5909	38939	6.59	1	14
NODE_11260_length_5908_cov_5.950624	5908	52788	8.94	1	22
NODE_11279_length_5896_cov_8.028933	5896	87521	14.84	1	32
NODE_11300_length_5885_cov_5.947170	5885	59878	10.17	1	30
NODE_11320_length_5872_cov_6.508338	5872	55704	9.49	2	24
NODE_11330_length_5865_cov_6.369707	5865	54795	9.34	1	24
NODE_11345_length_5854_cov_5.704949	5854	46828	8.00	1	32
NODE_11346_length_5854_cov_5.642352	5854	53864	9.20	0	28
NODE_11350_length_5852_cov_6.237019	5852	51113	8.73	3	17
NODE_11379_length_5833_cov_6.313430	5833	42782	7.33	1	14
NODE_11410_length_5815_cov_5.640799	5815	55342	9.52	1	24
NODE_11425_length_5801_cov_6.497738	5801	54833	9.45	0	28
NODE_11432_length_5798_cov_6.715654	5798	53840	9.29	1	24
NODE_11503_length_5758_cov_5.934070	5758	49743	8.64	2	27
NODE_11507_length_5757_cov_6.314451	5757	62167	10.80	0	27
NODE_11529_length_5738_cov_6.969206	5738	61238	10.67	1	27
NODE_11547_length_5730_cov_7.409339	5730	60939	10.64	1	32
NODE_11569_length_5718_cov_7.280417	5718	59769	10.45	1	28
NODE_11575_length_5715_cov_6.420318	5715	72015	12.60	2	32
NODE_11580_length_5710_cov_6.739523	5710	70044	12.27	1	32
NODE_11610_length_5692_cov_5.996807	5692	42585	7.48	0	16
NODE_11628_length_5683_cov_6.977257	5683	51352	9.04	1	38
NODE_11643_length_5678_cov_6.890272	5678	68400	12.05	0	30
NODE_11660_length_5669_cov_7.533131	5669	50539	8.91	1	18
NODE_11722_length_5631_cov_4.553802	5631	32465	5.77	1	25
NODE_11733_length_5624_cov_6.138265	5624	61407	10.92	0	29
NODE_11742_length_5620_cov_6.472417	5620	58250	10.36	2	26
NODE_11766_length_5608_cov_5.159373	5608	30475	5.43	1	11
NODE_11779_length_5597_cov_5.676651	5597	62665	11.20	1	25
NODE_11821_length_5576_cov_6.095273	5576	72928	13.08	0	36
NODE_11833_length_5570_cov_5.012149	5570	44572	8.00	2	27
NODE_11846_length_5562_cov_5.242237	5562	45968	8.26	1	17
NODE_11870_length_5552_cov_4.511006	5552	34353	6.19	1	20
NODE_11893_length_5538_cov_6.767281	5538	65299	11.79	0	30
NODE_11915_length_5525_cov_7.533638	5525	60248	10.90	2	26
NODE_11920_length_5522_cov_5.707884	5522	50555	9.16	1	22
NODE_11926_length_5517_cov_6.125412	5517	64402	11.67	2	33
NODE_11929_length_5515_cov_5.670696	5515	38165	6.92	1	23
NODE_11948_length_5507_cov_5.167828	5507	36505	6.63	1	14
NODE_11972_length_5493_cov_5.794410	5493	48774	8.88	0	18
NODE_11982_length_5488_cov_6.923615	5488	50671	9.23	2	22
NODE_12002_length_5478_cov_6.902637	5478	70815	12.93	1	32
NODE_12007_length_5475_cov_5.730996	5475	55966	10.22	3	29
NODE_12015_length_5472_cov_5.749862	5472	68934	12.60	0	32
NODE_12050_length_5455_cov_5.944444	5455	46993	8.61	0	21
NODE_12058_length_5450_cov_7.759778	5450	60793	11.15	1	42
NODE_12096_length_5434_cov_6.977505	5434	46550	8.57	1	21
NODE_12138_length_5410_cov_5.094491	5410	32612	6.03	1	13
NODE_12156_length_5402_cov_5.929680	5402	45743	8.47	1	16
NODE_12202_length_5375_cov_6.019925	5375	36323	6.76	1	17
NODE_12220_length_5364_cov_5.990394	5364	50271	9.37	0	21
NODE_12239_length_5355_cov_5.718679	5355	40068	7.48	2	15
NODE_12256_length_5337_cov_7.151268	5337	48355	9.06	0	23
NODE_12278_length_5327_cov_6.886381	5327	58420	10.97	0	28
NODE_12282_length_5326_cov_5.985771	5326	132638	24.90	0	133
NODE_12304_length_5315_cov_6.645437	5315	52087	9.80	2	25
NODE_12305_length_5315_cov_5.586312	5315	33106	6.23	0	13
NODE_12430_length_5254_cov_6.879208	5254	63579	12.10	3	30
NODE_12451_length_5245_cov_5.316763	5245	32186	6.14	1	14
NODE_12485_length_5226_cov_5.281184	5226	40545	7.76	2	14
NODE_12492_length_5221_cov_6.715254	5221	51702	9.90	1	24
NODE_12499_length_5216_cov_8.093393	5216	62749	12.03	1	29
NODE_12505_length_5214_cov_6.318860	5214	55367	10.62	0	23
NODE_12518_length_5208_cov_7.376868	5208	74019	14.21	2	28
NODE_12519_length_5208_cov_7.063652	5208	55487	10.65	2	28
NODE_12530_length_5204_cov_5.271703	5204	31077	5.97	1	15
NODE_12531_length_5203_cov_6.885781	5203	48330	9.29	1	18
NODE_12537_length_5202_cov_6.033806	5202	44619	8.58	0	22
NODE_12575_length_5187_cov_5.420694	5187	34321	6.62	1	18
NODE_12576_length_5186_cov_6.590918	5186	60733	11.71	0	36
NODE_12619_length_5167_cov_6.298318	5167	48464	9.38	0	19
NODE_12625_length_5166_cov_6.824496	5166	51680	10.00	0	27
NODE_12629_length_5164_cov_5.415737	5164	45220	8.76	2	18
NODE_12690_length_5139_cov_6.067467	5139	45751	8.90	2	23
NODE_12702_length_5135_cov_7.642323	5135	54785	10.67	4	22
NODE_12762_length_5114_cov_7.265863	5114	60680	11.87	2	42
NODE_12767_length_5111_cov_5.959059	5111	42111	8.24	1	20
NODE_12779_length_5107_cov_6.847981	5107	55749	10.92	1	23
NODE_12788_length_5103_cov_7.637282	5103	68776	13.48	3	35
NODE_12795_length_5099_cov_6.221848	5099	71456	14.01	1	55
NODE_12825_length_5086_cov_6.086464	5086	50414	9.91	2	24
NODE_12841_length_5078_cov_6.438782	5078	48730	9.60	3	31
NODE_12846_length_5076_cov_6.502490	5076	64526	12.71	2	382
NODE_12857_length_5070_cov_7.123430	5070	54747	10.80	2	25
NODE_12862_length_5067_cov_6.788707	5067	41206	8.13	0	25
NODE_12868_length_5064_cov_6.316830	5064	50969	10.06	1	22
NODE_12872_length_5062_cov_5.672259	5062	32939	6.51	1	13
NODE_12878_length_5060_cov_6.156843	5060	42428	8.38	1	33
NODE_12904_length_5048_cov_6.129982	5048	42335	8.39	1	21
NODE_12956_length_5025_cov_5.780282	5025	40328	8.03	0	20
NODE_12959_length_5023_cov_6.848229	5023	47237	9.40	2	21
NODE_12973_length_5019_cov_5.226027	5019	49084	9.78	0	22
NODE_12997_length_5010_cov_6.871645	5010	45728	9.13	0	22
NODE_13012_length_5003_cov_6.800121	5003	48248	9.64	1	20
NODE_13027_length_4994_cov_6.893703	4994	47836	9.58	1	20
NODE_13029_length_4993_cov_5.330903	4993	40960	8.20	1	32
NODE_13102_length_4962_cov_6.462604	4962	42679	8.60	2	24
NODE_13119_length_4954_cov_6.296795	4954	49426	9.98	1	82
NODE_13133_length_4948_cov_6.966074	4948	60167	12.16	1	27
NODE_13144_length_4943_cov_6.791530	4943	55033	11.13	1	31
NODE_13156_length_4939_cov_6.027027	4939	50846	10.29	2	24
NODE_13157_length_4939_cov_5.763923	4939	46325	9.38	2	21
NODE_13160_length_4938_cov_7.216875	4938	72763	14.74	3	29
NODE_13162_length_4937_cov_4.587259	4937	39920	8.09	0	19
NODE_13186_length_4929_cov_8.046779	4929	63994	12.98	1	33
NODE_13193_length_4927_cov_6.017447	4927	39739	8.07	1	17
NODE_13208_length_4921_cov_7.213728	4921	64131	13.03	3	32
NODE_13212_length_4920_cov_6.221788	4920	47599	9.67	1	30
NODE_13231_length_4914_cov_7.104137	4914	46733	9.51	0	22
NODE_13245_length_4908_cov_5.630950	4908	39414	8.03	2	16
NODE_13259_length_4900_cov_7.625181	4900	66313	13.53	2	30
NODE_13276_length_4891_cov_7.641439	4891	44858	9.17	2	18
NODE_13289_length_4888_cov_5.344507	4888	33809	6.92	1	15
NODE_13299_length_4884_cov_5.608822	4884	51979	10.64	0	26
NODE_13349_length_4867_cov_6.158978	4867	43438	8.93	0	26
NODE_13372_length_4854_cov_4.883726	4854	39385	8.11	0	27
NODE_13386_length_4849_cov_8.056320	4849	62646	12.92	2	26
NODE_13387_length_4848_cov_5.323597	4848	37842	7.81	1	28
NODE_13404_length_4839_cov_4.755644	4839	28930	5.98	0	24
NODE_13411_length_4834_cov_3.883030	4834	22161	4.58	1	11
NODE_13414_length_4833_cov_6.266011	4833	46166	9.55	2	21
NODE_13454_length_4815_cov_5.856933	4815	43161	8.96	1	26
NODE_13473_length_4806_cov_6.780888	4806	46580	9.69	0	23
NODE_13479_length_4804_cov_5.831543	4804	43431	9.04	1	24
NODE_13489_length_4801_cov_6.450274	4801	59174	12.33	1	29
NODE_13499_length_4798_cov_6.629981	4798	52757	11.00	1	30
NODE_13519_length_4788_cov_5.552926	4788	39031	8.15	1	16
NODE_13537_length_4780_cov_5.874074	4780	52416	10.97	1	36
NODE_13553_length_4776_cov_6.556662	4776	42228	8.84	0	16
NODE_13579_length_4765_cov_7.333970	4765	63020	13.23	3	35
NODE_13583_length_4764_cov_5.236568	4764	38908	8.17	1	27
NODE_13606_length_4755_cov_6.310000	4755	54364	11.43	3	24
NODE_13612_length_4752_cov_6.707686	4752	45724	9.62	1	20
NODE_13625_length_4747_cov_6.856564	4747	60733	12.79	1	35
NODE_13638_length_4742_cov_5.097290	4742	26856	5.66	1	14
NODE_13669_length_4729_cov_4.959350	4729	32039	6.78	1	155
NODE_13744_length_4698_cov_6.145165	4698	49856	10.61	3	23
NODE_13759_length_4691_cov_7.111734	4691	43241	9.22	0	18
NODE_13768_length_4688_cov_5.438809	4688	40578	8.66	1	21
NODE_13792_length_4680_cov_5.684541	4680	46014	9.83	1	26
NODE_13804_length_4676_cov_6.933997	4676	45638	9.76	1	24
NODE_13825_length_4669_cov_5.303208	4669	28962	6.20	1	23
NODE_13827_length_4668_cov_7.529590	4668	56865	12.18	1	29
NODE_13850_length_4661_cov_6.053626	4661	40246	8.63	1	18
NODE_13864_length_4654_cov_6.126332	4654	44620	9.59	1	24
NODE_13872_length_4650_cov_6.459630	4650	45897	9.87	1	19
NODE_13883_length_4644_cov_5.114622	4644	45074	9.71	0	25
NODE_13888_length_4643_cov_6.558631	4643	51665	11.13	2	28
NODE_13904_length_4637_cov_5.362942	4637	40737	8.79	2	19
NODE_13907_length_4636_cov_6.143418	4636	44940	9.69	0	25
NODE_13910_length_4634_cov_6.521293	4634	43528	9.39	1	26
NODE_13934_length_4623_cov_5.088660	4623	33761	7.30	1	18
NODE_13945_length_4619_cov_16.020158	4619	83164	18.00	3	33
NODE_13962_length_4612_cov_7.428791	4612	59114	12.82	0	29
NODE_13975_length_4609_cov_5.789855	4609	39483	8.57	1	40
NODE_13986_length_4603_cov_7.227792	4603	45300	9.84	2	18
NODE_13988_length_4603_cov_5.094547	4603	49362	10.72	0	32
NODE_13991_length_4602_cov_5.663294	4602	39753	8.64	2	26
NODE_14010_length_4596_cov_6.485135	4596	41653	9.06	2	37
NODE_14118_length_4556_cov_6.201733	4556	41713	9.16	2	22
NODE_14135_length_4546_cov_7.092184	4546	49457	10.88	3	29
NODE_14169_length_4534_cov_7.070328	4534	44110	9.73	2	28
NODE_14190_length_4525_cov_6.904698	4525	42055	9.29	0	21
NODE_14218_length_4513_cov_6.600269	4513	40854	9.05	1	19
NODE_14226_length_4512_cov_4.602648	4512	38248	8.48	2	31
NODE_14241_length_4505_cov_5.857303	4505	38099	8.46	2	20
NODE_14267_length_4497_cov_6.314048	4497	32717	7.28	1	16
NODE_14274_length_4494_cov_11.263122	4494	75399	16.78	2	44
NODE_14279_length_4493_cov_6.779180	4493	45854	10.21	2	17
NODE_14281_length_4492_cov_6.875592	4492	43798	9.75	3	21
NODE_14336_length_4471_cov_5.099864	4471	28400	6.35	1	15
NODE_14340_length_4469_cov_4.957635	4469	31178	6.98	1	23
NODE_14382_length_4454_cov_6.238009	4454	40645	9.13	1	28
NODE_14383_length_4454_cov_5.222323	4454	28372	6.37	1	15
NODE_14402_length_4449_cov_7.413746	4449	45888	10.31	4	27
NODE_14478_length_4422_cov_5.923288	4422	59684	13.50	2	26
NODE_14527_length_4402_cov_7.020014	4402	37795	8.59	1	17
NODE_14528_length_4402_cov_6.399816	4402	29033	6.60	1	18
NODE_14537_length_4399_cov_6.463168	4399	56337	12.81	1	29
NODE_14551_length_4396_cov_6.037779	4396	30621	6.97	1	16
NODE_14595_length_4381_cov_5.780860	4381	49175	11.22	1	25
NODE_14604_length_4378_cov_6.186445	4378	48653	11.11	0	43
NODE_14623_length_4371_cov_5.625348	4371	41004	9.38	1	42
NODE_14636_length_4366_cov_5.839944	4366	44888	10.28	0	24
NODE_14640_length_4364_cov_7.682525	4364	50880	11.66	0	30
NODE_14662_length_4356_cov_6.291560	4356	32784	7.53	2	13
NODE_14668_length_4353_cov_7.083527	4353	53122	12.20	1	27
NODE_14678_length_4350_cov_6.464726	4350	37567	8.64	2	16
NODE_14699_length_4343_cov_6.718050	4343	45343	10.44	0	44
NODE_14716_length_4338_cov_7.473967	4338	46628	10.75	1	36
NODE_14721_length_4337_cov_5.703176	4337	34305	7.91	1	15
NODE_14752_length_4326_cov_5.783657	4326	40958	9.47	3	23
NODE_14775_length_4319_cov_5.859287	4319	28849	6.68	1	14
NODE_14787_length_4315_cov_5.974413	4315	40450	9.37	0	23
NODE_14791_length_4314_cov_6.767786	4314	38054	8.82	3	18
NODE_14811_length_4307_cov_5.681562	4307	35989	8.36	0	17
NODE_14904_length_4277_cov_6.505211	4277	46558	10.89	3	28
NODE_14931_length_4270_cov_7.237960	4270	51745	12.12	0	32
NODE_14935_length_4269_cov_6.222591	4269	39683	9.30	1	18
NODE_14947_length_4264_cov_7.326206	4264	45154	10.59	1	30
NODE_14977_length_4255_cov_4.876905	4255	28445	6.69	1	18
NODE_14990_length_4249_cov_6.105866	4249	70414	16.57	0	636
NODE_15057_length_4231_cov_5.149665	4231	27510	6.50	1	19
NODE_15087_length_4222_cov_9.124310	4222	99507	23.57	4	593
NODE_15119_length_4212_cov_5.680779	4212	29785	7.07	1	18
NODE_15154_length_4199_cov_5.777751	4199	34606	8.24	2	18
NODE_15160_length_4196_cov_7.003381	4196	36294	8.65	1	18
NODE_15174_length_4193_cov_3.741663	4193	17230	4.11	1	9
NODE_15219_length_4176_cov_5.633584	4176	42566	10.19	1	31
NODE_15234_length_4173_cov_6.058281	4173	40482	9.70	0	32
NODE_15305_length_4155_cov_6.860732	4155	40317	9.70	4	26
NODE_15321_length_4152_cov_5.991945	4152	29059	7.00	1	17
NODE_15391_length_4137_cov_2.926017	4137	13450	3.25	1	8
NODE_15392_length_4136_cov_6.416810	4136	44505	10.76	1	26
NODE_15402_length_4133_cov_6.660373	4133	38604	9.34	2	22
NODE_15404_length_4133_cov_6.291810	4133	39301	9.51	3	20
NODE_15442_length_4125_cov_6.129975	4125	43495	10.54	1	37
NODE_15459_length_4121_cov_4.850221	4121	30991	7.52	1	18
NODE_15471_length_4119_cov_6.048967	4119	43708	10.61	2	48
NODE_15487_length_4112_cov_7.288144	4112	39724	9.66	1	30
NODE_15567_length_4086_cov_6.389730	4086	33595	8.22	1	15
NODE_15599_length_4077_cov_6.145947	4077	54508	13.37	3	33
NODE_15627_length_4068_cov_5.139297	4068	28039	6.89	1	14
NODE_15634_length_4066_cov_5.661182	4066	27320	6.72	1	30
NODE_15657_length_4059_cov_6.126623	4059	43441	10.70	3	31
NODE_15685_length_4051_cov_7.131381	4051	40994	10.12	0	22
NODE_15710_length_4045_cov_6.908271	4045	48125	11.90	0	30
NODE_15734_length_4039_cov_5.792671	4039	36858	9.13	2	17
NODE_15763_length_4034_cov_6.793667	4034	40819	10.12	3	27
NODE_15764_length_4034_cov_5.126665	4034	26327	6.53	0	22
NODE_15775_length_4031_cov_6.432596	4031	37989	9.42	1	22
NODE_15795_length_4027_cov_5.526435	4027	24327	6.04	1	25
NODE_15808_length_4024_cov_5.971025	4024	42737	10.62	0	26
NODE_15833_length_4017_cov_6.592378	4017	40326	10.04	1	24
NODE_15855_length_4011_cov_5.029828	4011	38970	9.72	2	22
NODE_16023_length_3967_cov_7.205777	3967	41006	10.34	0	24
NODE_16041_length_3964_cov_6.031722	3964	30204	7.62	1	16
NODE_16048_length_3963_cov_7.997441	3963	50330	12.70	2	30
NODE_16113_length_3942_cov_5.512992	3942	32504	8.25	1	16
NODE_16191_length_3922_cov_5.592708	3922	27197	6.93	2	14
NODE_16192_length_3922_cov_4.575899	3922	25435	6.49	0	13
NODE_16200_length_3919_cov_6.055642	3919	40494	10.33	4	28
NODE_16214_length_3915_cov_5.708290	3915	41603	10.63	3	28
NODE_16281_length_3899_cov_3.553590	3899	13063	3.35	1	9
NODE_16296_length_3896_cov_7.239261	3896	42915	11.02	3	22
NODE_16439_length_3862_cov_7.307591	3862	43001	11.13	0	20
NODE_16448_length_3859_cov_7.651945	3859	47080	12.20	1	34
NODE_16508_length_3844_cov_5.650040	3844	30515	7.94	1	18
NODE_16523_length_3839_cov_6.792548	3839	37670	9.81	3	19
NODE_16568_length_3830_cov_5.246358	3830	25438	6.64	1	15
NODE_16573_length_3829_cov_6.448066	3829	33406	8.72	1	18
NODE_16659_length_3805_cov_5.869067	3805	36926	9.70	1	22
NODE_16712_length_3789_cov_5.471077	3789	29635	7.82	1	22
NODE_16724_length_3786_cov_3.936478	3786	29660	7.83	0	39
NODE_16750_length_3779_cov_5.868958	3779	34345	9.09	2	19
NODE_16761_length_3777_cov_6.270553	3777	40015	10.59	0	23
NODE_16814_length_3767_cov_3.976024	3767	17104	4.54	1	10
NODE_16823_length_3765_cov_6.875202	3765	35484	9.42	2	23
NODE_16824_length_3765_cov_6.120216	3765	32889	8.74	0	23
NODE_16852_length_3760_cov_8.001889	3760	38820	10.32	1	29
NODE_16892_length_3749_cov_6.668110	3749	35681	9.52	1	20
NODE_16908_length_3745_cov_8.755556	3745	39435	10.53	0	32
NODE_16917_length_3743_cov_6.532809	3743	40183	10.74	1	32
NODE_16930_length_3741_cov_7.086272	3741	37184	9.94	2	43
NODE_17018_length_3726_cov_5.857260	3726	36620	9.83	0	22
NODE_17069_length_3715_cov_7.134153	3715	33171	8.93	0	16
NODE_17105_length_3706_cov_5.092030	3706	31441	8.48	2	20
NODE_17121_length_3702_cov_6.600494	3702	41869	11.31	1	32
NODE_17126_length_3700_cov_6.397531	3700	35496	9.59	1	31
NODE_17130_length_3699_cov_6.019759	3699	34430	9.31	2	18
NODE_17173_length_3689_cov_6.610622	3689	33450	9.07	2	21
NODE_17185_length_3687_cov_5.943833	3687	35029	9.50	2	21
NODE_17254_length_3671_cov_6.717091	3671	47189	12.85	4	32
NODE_17279_length_3666_cov_6.364996	3666	31732	8.66	3	15
NODE_17285_length_3665_cov_5.762881	3665	31668	8.64	2	20
NODE_17389_length_3642_cov_5.700307	3642	37165	10.20	1	29
NODE_17395_length_3639_cov_7.696429	3639	38779	10.66	2	25
NODE_17516_length_3612_cov_5.100647	3612	22116	6.12	1	14
NODE_17526_length_3610_cov_6.160056	3610	33288	9.22	1	19
NODE_17568_length_3601_cov_5.646362	3601	23206	6.44	0	19
NODE_17689_length_3573_cov_5.619955	3573	26269	7.35	3	14
NODE_17709_length_3570_cov_7.605405	3570	36148	10.13	3	21
NODE_17738_length_3564_cov_5.835281	3564	34369	9.64	2	29
NODE_17759_length_3560_cov_6.946648	3560	37287	10.47	1	28
NODE_17829_length_3545_cov_6.410888	3545	24664	6.96	1	15
NODE_17830_length_3545_cov_6.163037	3545	26702	7.53	2	17
NODE_17866_length_3536_cov_6.778799	3536	34305	9.70	1	18
NODE_17867_length_3536_cov_6.052858	3536	29283	8.28	1	16
NODE_17897_length_3530_cov_5.798273	3530	33156	9.39	0	37
NODE_17952_length_3520_cov_6.901587	3520	27968	7.95	2	16
NODE_17961_length_3519_cov_6.271940	3519	34200	9.72	3	19
NODE_17967_length_3517_cov_5.205950	3517	36061	10.25	0	20
NODE_17979_length_3515_cov_5.496821	3515	34245	9.74	1	22
NODE_17987_length_3513_cov_8.517929	3513	48577	13.83	1	34
NODE_18011_length_3509_cov_8.824262	3509	53981	15.38	4	27
NODE_18028_length_3507_cov_4.853418	3507	25047	7.14	1	18
NODE_18085_length_3495_cov_6.955523	3495	33922	9.71	2	25
NODE_18092_length_3494_cov_8.334690	3494	36287	10.39	1	25
NODE_18167_length_3481_cov_7.701985	3481	53981	15.51	3	30
NODE_18176_length_3478_cov_6.621969	3478	29969	8.62	1	30
NODE_18193_length_3474_cov_5.998538	3474	28786	8.29	0	21
NODE_18205_length_3472_cov_6.527071	3472	37986	10.94	3	24
NODE_18213_length_3471_cov_5.147541	3471	27349	7.88	1	22
NODE_18216_length_3470_cov_7.020205	3470	35187	10.14	1	20
NODE_18223_length_3469_cov_7.189514	3469	36199	10.43	1	20
NODE_18232_length_3468_cov_6.335189	3468	36599	10.55	0	35
NODE_18311_length_3453_cov_5.373455	3453	29249	8.47	2	21
NODE_18312_length_3453_cov_5.061507	3453	35492	10.28	1	30
NODE_18331_length_3449_cov_5.631703	3449	32309	9.37	3	19
NODE_18344_length_3446_cov_6.176349	3446	28339	8.22	1	18
NODE_18386_length_3436_cov_6.606921	3436	37127	10.81	0	26
NODE_18399_length_3433_cov_5.236827	3433	22134	6.45	1	25
NODE_18460_length_3422_cov_6.194535	3422	34617	10.12	3	25
NODE_18480_length_3419_cov_6.642093	3419	34966	10.23	3	25
NODE_18481_length_3419_cov_6.230083	3419	32353	9.46	1	24
NODE_18485_length_3418_cov_4.088611	3418	35278	10.32	2	24
NODE_18490_length_3417_cov_4.887567	3417	23921	7.00	1	19
NODE_18524_length_3411_cov_3.187723	3411	11609	3.40	1	7
NODE_18564_length_3404_cov_10.393252	3404	39390	11.57	4	25
NODE_18587_length_3400_cov_5.359342	3400	26344	7.75	1	18
NODE_18608_length_3396_cov_6.998503	3396	30712	9.04	1	20
NODE_18619_length_3394_cov_6.745433	3394	29223	8.61	1	18
NODE_18635_length_3391_cov_6.467026	3391	38187	11.26	2	23
NODE_18649_length_3389_cov_6.278644	3389	29963	8.84	1	21
NODE_18723_length_3374_cov_5.962639	3374	36877	10.93	2	41
NODE_18739_length_3373_cov_4.492465	3373	20289	6.02	0	14
NODE_18772_length_3367_cov_6.557971	3367	26366	7.83	1	14
NODE_18803_length_3361_cov_5.688143	3361	30197	8.98	3	17
NODE_18839_length_3355_cov_5.689091	3355	25548	7.61	1	15
NODE_18873_length_3350_cov_5.557511	3350	31828	9.50	2	20
NODE_18894_length_3347_cov_4.228433	3347	22356	6.68	0	22
NODE_18958_length_3336_cov_7.163974	3336	34043	10.20	3	26
NODE_18959_length_3336_cov_4.963731	3336	24152	7.24	1	15
NODE_18988_length_3331_cov_7.218254	3331	30556	9.17	1	19
NODE_19035_length_3324_cov_6.048945	3324	29293	8.81	1	17
NODE_19039_length_3323_cov_5.488066	3323	29755	8.95	2	17
NODE_19091_length_3316_cov_6.618215	3316	30581	9.22	2	22
NODE_19097_length_3315_cov_6.788957	3315	31452	9.49	1	17
NODE_19127_length_3308_cov_4.705503	3308	15971	4.83	0	14
NODE_19151_length_3306_cov_3.203630	3306	16421	4.97	0	19
NODE_19152_length_3305_cov_8.677231	3305	37267	11.28	3	26
NODE_19226_length_3292_cov_7.147668	3292	38670	11.75	1	23
NODE_19266_length_3284_cov_7.550945	3284	38332	11.67	1	24
NODE_19301_length_3280_cov_4.706047	3280	27914	8.51	1	30
NODE_19343_length_3272_cov_5.953373	3272	29487	9.01	1	17
NODE_19377_length_3267_cov_6.194894	3267	29568	9.05	3	16
NODE_19382_length_3266_cov_8.624105	3266	34269	10.49	3	19
NODE_19399_length_3263_cov_5.485037	3263	26556	8.14	1	15
NODE_19404_length_3262_cov_5.599626	3262	24194	7.42	0	16
NODE_19468_length_3251_cov_4.997184	3251	24746	7.61	1	24
NODE_19475_length_3249_cov_7.222292	3249	41017	12.62	3	32
NODE_19476_length_3249_cov_6.686287	3249	29995	9.23	1	17
NODE_19511_length_3242_cov_5.866332	3242	24559	7.58	0	22
NODE_19524_length_3240_cov_7.430769	3240	24231	7.48	3	13
NODE_19532_length_3239_cov_7.978643	3239	40307	12.44	3	50
NODE_19579_length_3233_cov_7.351479	3233	35675	11.03	1	23
NODE_19612_length_3227_cov_7.028373	3227	45014	13.95	1	34
NODE_19643_length_3224_cov_8.148312	3224	50147	15.55	2	33
NODE_19659_length_3223_cov_4.208649	3223	16352	5.07	0	10
NODE_19761_length_3205_cov_6.207937	3205	28972	9.04	1	25
NODE_19782_length_3202_cov_5.077852	3202	18246	5.70	1	13
NODE_19801_length_3198_cov_6.601973	3198	33602	10.51	1	36
NODE_19816_length_3195_cov_9.782166	3195	49424	15.47	2	84
NODE_19841_length_3191_cov_4.720663	3191	38765	12.15	0	32
NODE_19853_length_3190_cov_5.090271	3190	32852	10.30	1	29
NODE_19927_length_3179_cov_6.192702	3179	30848	9.70	1	21
NODE_19994_length_3170_cov_7.402889	3170	30940	9.76	1	20
NODE_20065_length_3157_cov_7.508382	3157	32765	10.38	2	25
NODE_20083_length_3154_cov_6.142627	3154	31481	9.98	1	24
NODE_20105_length_3151_cov_5.368540	3151	27653	8.78	1	18
NODE_20149_length_3145_cov_5.445955	3145	26001	8.27	2	17
NODE_20166_length_3143_cov_6.266516	3143	34552	10.99	0	36
NODE_20218_length_3136_cov_7.099318	3136	38722	12.35	1	28
NODE_20262_length_3130_cov_6.603902	3130	30077	9.61	1	27
NODE_20274_length_3129_cov_7.137280	3129	34982	11.18	2	29
NODE_20275_length_3129_cov_6.218282	3129	27106	8.66	2	19
NODE_20289_length_3126_cov_5.379030	3126	26859	8.59	1	16
NODE_20305_length_3124_cov_4.985663	3124	17149	5.49	1	11
NODE_20493_length_3099_cov_5.747372	3099	24811	8.01	1	15
NODE_20553_length_3089_cov_7.516150	3089	29125	9.43	0	19
NODE_20589_length_3084_cov_6.576098	3084	26367	8.55	1	14
NODE_20595_length_3083_cov_6.035997	3083	23961	7.77	1	17
NODE_20620_length_3078_cov_4.820708	3078	24532	7.97	1	18
NODE_20649_length_3073_cov_3.026176	3073	10837	3.53	1	9
NODE_20662_length_3071_cov_7.479775	3071	27873	9.08	1	17
NODE_20710_length_3065_cov_7.109967	3065	31525	10.29	1	19
NODE_20714_length_3065_cov_4.832226	3065	22744	7.42	0	20
NODE_20751_length_3061_cov_5.821357	3061	30453	9.95	2	25
NODE_20767_length_3059_cov_7.919774	3059	29154	9.53	1	25
NODE_20770_length_3058_cov_6.167832	3058	23577	7.71	1	20
NODE_20771_length_3058_cov_4.325341	3058	17933	5.86	1	20
NODE_20781_length_3057_cov_6.430380	3057	31749	10.39	1	28
NODE_20816_length_3052_cov_7.226226	3052	22481	7.37	1	18
NODE_20831_length_3050_cov_6.663439	3050	30098	9.87	0	20
NODE_20833_length_3050_cov_5.628381	3050	26635	8.73	1	18
NODE_20848_length_3048_cov_6.798530	3048	33138	10.87	1	24
NODE_20885_length_3044_cov_3.192037	3044	10100	3.32	0	13
NODE_20920_length_3040_cov_6.161474	3040	26652	8.77	2	24
NODE_20946_length_3035_cov_5.804698	3035	29690	9.78	1	35
NODE_20981_length_3029_cov_9.606590	3029	30769	10.16	1	22
NODE_21013_length_3025_cov_5.093603	3025	20604	6.81	1	14
NODE_21042_length_3020_cov_5.500506	3020	21981	7.28	1	15
NODE_21085_length_3013_cov_7.807302	3013	33010	10.96	2	30
NODE_21134_length_3007_cov_5.711382	3007	22726	7.56	1	17
NODE_21198_length_2998_cov_4.752973	2998	20737	6.92	1	19
NODE_21223_length_2995_cov_6.724150	2995	29466	9.84	3	31
NODE_21268_length_2988_cov_6.142175	2988	22923	7.67	1	15
NODE_21329_length_2982_cov_7.235736	2982	39635	13.29	2	27
NODE_21331_length_2982_cov_5.387086	2982	24156	8.10	1	15
NODE_21364_length_2977_cov_4.626626	2977	25649	8.62	1	21
NODE_21369_length_2976_cov_7.233824	2976	28719	9.65	1	19
NODE_21378_length_2975_cov_4.738356	2975	21520	7.23	0	14
NODE_21432_length_2967_cov_6.820398	2967	26573	8.96	1	17
NODE_21443_length_2966_cov_6.991412	2966	23273	7.85	1	18
NODE_21446_length_2966_cov_5.947441	2966	23253	7.84	1	16
NODE_21454_length_2964_cov_5.488828	2964	31593	10.66	3	28
NODE_21479_length_2961_cov_5.253269	2961	28890	9.76	1	24
NODE_21488_length_2960_cov_8.230981	2960	30558	10.32	1	21
NODE_21490_length_2960_cov_6.494320	2960	25238	8.53	3	14
NODE_21525_length_2956_cov_6.215788	2956	33340	11.28	1	28
NODE_21573_length_2949_cov_6.316517	2949	27586	9.35	2	21
NODE_21587_length_2947_cov_5.649723	2947	17831	6.05	1	15
NODE_21588_length_2947_cov_5.006916	2947	37344	12.67	1	33
NODE_21595_length_2946_cov_5.521273	2946	24544	8.33	1	20
NODE_21604_length_2945_cov_7.896540	2945	34618	11.75	4	22
NODE_21614_length_2944_cov_5.238491	2944	24920	8.46	0	31
NODE_21651_length_2940_cov_5.473484	2940	18008	6.13	1	16
NODE_21653_length_2940_cov_4.639861	2940	32323	10.99	0	90
NODE_21659_length_2939_cov_7.088419	2939	26508	9.02	1	19
NODE_21660_length_2939_cov_6.830791	2939	29174	9.93	2	21
NODE_21702_length_2934_cov_5.996874	2934	27821	9.48	1	24
NODE_21719_length_2932_cov_4.469586	2932	20693	7.06	0	16
NODE_21780_length_2925_cov_3.693728	2925	11884	4.06	1	9
NODE_21791_length_2923_cov_5.654812	2923	26608	9.10	1	16
NODE_21801_length_2922_cov_6.911754	2922	32772	11.22	2	23
NODE_21836_length_2918_cov_7.598673	2918	27611	9.46	1	21
NODE_21871_length_2914_cov_7.721581	2914	25319	8.69	2	15
NODE_21899_length_2911_cov_7.207983	2911	29943	10.29	2	41
NODE_21923_length_2908_cov_5.305643	2908	23302	8.01	1	20
NODE_21982_length_2901_cov_5.236824	2901	24570	8.47	1	19
NODE_22035_length_2895_cov_5.473239	2895	26052	9.00	3	17
NODE_22101_length_2888_cov_3.456407	2888	17585	6.09	1	19
NODE_22125_length_2885_cov_8.447703	2885	31494	10.92	1	28
NODE_22134_length_2884_cov_9.682573	2884	38460	13.34	1	26
NODE_22166_length_2880_cov_6.473982	2880	21424	7.44	1	17
NODE_22204_length_2876_cov_5.454449	2876	20110	6.99	0	21
NODE_22231_length_2873_cov_5.877573	2873	25546	8.89	3	16
NODE_22269_length_2869_cov_6.194385	2869	23510	8.19	0	18
NODE_22281_length_2868_cov_5.747956	2868	24203	8.44	1	20
NODE_22282_length_2868_cov_5.571276	2868	17121	5.97	0	15
NODE_22309_length_2866_cov_2.577019	2866	8226	2.87	1	6
NODE_22338_length_2863_cov_6.424858	2863	33250	11.61	3	31
NODE_22339_length_2863_cov_5.237536	2863	24261	8.47	1	16
NODE_22350_length_2861_cov_5.813257	2861	25990	9.08	1	20
NODE_22356_length_2860_cov_6.184314	2860	29982	10.48	1	23
NODE_22367_length_2859_cov_6.728959	2859	25134	8.79	3	15
NODE_22410_length_2854_cov_7.967131	2854	30123	10.55	0	26
NODE_22411_length_2854_cov_5.770275	2854	26767	9.38	1	23
NODE_22480_length_2848_cov_5.871822	2848	21479	7.54	1	17
NODE_22593_length_2834_cov_7.389709	2834	30724	10.84	1	23
NODE_22603_length_2833_cov_7.416487	2833	25720	9.08	1	16
NODE_22612_length_2832_cov_8.311847	2832	30593	10.80	5	17
NODE_22625_length_2831_cov_7.399135	2831	30034	10.61	1	22
NODE_22676_length_2825_cov_2.942960	2825	10526	3.73	0	11
NODE_22691_length_2823_cov_6.658237	2823	28484	10.09	2	20
NODE_22699_length_2821_cov_6.603037	2821	30018	10.64	3	32
NODE_22714_length_2820_cov_4.814467	2820	29276	10.38	1	25
NODE_22750_length_2816_cov_5.902934	2816	24719	8.78	0	34
NODE_22876_length_2800_cov_5.742441	2800	22876	8.17	1	18
NODE_22883_length_2799_cov_5.794461	2799	24244	8.66	1	20
NODE_22897_length_2798_cov_3.559242	2798	10231	3.66	1	14
NODE_22944_length_2793_cov_7.295836	2793	31207	11.17	1	27
NODE_23016_length_2785_cov_6.979487	2785	28181	10.12	1	22
NODE_23031_length_2783_cov_7.535191	2783	30507	10.96	2	33
NODE_23087_length_2776_cov_3.141125	2776	10099	3.64	0	13
NODE_23095_length_2774_cov_6.240162	2774	16976	6.12	0	12
NODE_23103_length_2773_cov_6.306843	2773	27472	9.91	1	27
NODE_23144_length_2769_cov_4.150332	2769	15910	5.75	1	17
NODE_23160_length_2767_cov_5.908186	2767	26975	9.75	1	21
NODE_23171_length_2765_cov_6.589299	2765	28008	10.13	1	16
NODE_23219_length_2761_cov_5.878049	2761	34894	12.64	4	28
NODE_23250_length_2758_cov_7.242693	2758	24942	9.04	1	18
NODE_23337_length_2748_cov_5.559970	2748	20320	7.39	1	13
NODE_23347_length_2747_cov_6.542348	2747	27464	10.00	3	34
NODE_23365_length_2745_cov_3.119703	2745	9813	3.57	1	9
NODE_23405_length_2740_cov_6.462942	2740	25328	9.24	0	18
NODE_23419_length_2739_cov_5.980626	2739	40162	14.66	3	29
NODE_23432_length_2737_cov_8.044370	2737	37244	13.61	0	29
NODE_23438_length_2736_cov_8.977247	2736	51229	18.72	6	36
NODE_23456_length_2735_cov_3.796642	2735	12792	4.68	0	14
NODE_23472_length_2733_cov_5.091486	2733	18773	6.87	1	13
NODE_23481_length_2732_cov_6.423235	2732	22327	8.17	2	15
NODE_23562_length_2723_cov_8.136807	2723	39595	14.54	2	30
NODE_23573_length_2722_cov_6.576678	2722	27829	10.22	2	26
NODE_23574_length_2722_cov_6.231721	2722	24909	9.15	2	25
NODE_23589_length_2720_cov_4.819137	2720	22581	8.30	0	20
NODE_23624_length_2717_cov_6.520661	2717	22487	8.28	1	24
NODE_23739_length_2705_cov_6.546792	2705	24385	9.01	3	16
NODE_23768_length_2702_cov_5.984889	2702	32897	12.18	1	30
NODE_23780_length_2701_cov_6.411565	2701	33858	12.54	2	27
NODE_23820_length_2697_cov_5.406889	2697	28083	10.41	2	21
NODE_23833_length_2696_cov_4.993184	2696	21689	8.04	1	21
NODE_23988_length_2679_cov_9.033155	2679	29870	11.15	2	28
NODE_24008_length_2677_cov_6.053776	2677	28114	10.50	1	24
NODE_24018_length_2676_cov_6.237314	2676	37607	14.05	1	28
NODE_24020_length_2676_cov_5.983976	2676	26773	10.00	2	22
NODE_24029_length_2675_cov_5.403435	2675	28764	10.75	2	100
NODE_24034_length_2675_cov_3.402672	2675	8609	3.22	1	7
NODE_24108_length_2668_cov_5.154229	2668	21710	8.14	1	21
NODE_24115_length_2668_cov_3.140452	2668	10189	3.82	0	8
NODE_24118_length_2668_cov_2.889016	2668	8598	3.22	1	17
NODE_24121_length_2667_cov_5.512634	2667	34049	12.77	0	30
NODE_24162_length_2663_cov_5.026840	2663	12575	4.72	1	11
NODE_24206_length_2659_cov_6.832181	2659	26576	9.99	2	17
NODE_24218_length_2658_cov_14.470995	2658	42067	15.83	2	24
NODE_24262_length_2654_cov_5.689111	2654	24005	9.04	1	20
NODE_24272_length_2653_cov_9.235181	2653	31250	11.78	0	34
NODE_24302_length_2649_cov_5.661141	2649	24011	9.06	1	29
NODE_24307_length_2649_cov_2.860447	2649	9247	3.49	1	8
NODE_24310_length_2648_cov_5.244890	2648	20155	7.61	2	24
NODE_24321_length_2647_cov_4.409722	2647	12266	4.63	0	11
NODE_24324_length_2647_cov_3.293596	2647	11013	4.16	1	13
NODE_24328_length_2646_cov_5.886144	2646	26972	10.19	4	48
NODE_24365_length_2641_cov_6.226991	2641	36264	13.73	3	25
NODE_24406_length_2637_cov_5.153369	2637	24222	9.19	1	18
NODE_24440_length_2633_cov_6.302172	2633	37152	14.11	1	334
NODE_24492_length_2628_cov_7.101049	2628	16477	6.27	1	14
NODE_24503_length_2627_cov_5.717729	2627	19111	7.27	2	16
NODE_24524_length_2625_cov_4.896498	2625	21670	8.26	1	16
NODE_24630_length_2615_cov_6.367188	2615	25762	9.85	3	19
NODE_24656_length_2613_cov_6.559030	2613	23732	9.08	0	20
NODE_24658_length_2613_cov_5.744332	2613	16607	6.36	1	12
NODE_24680_length_2611_cov_6.039515	2611	22807	8.73	2	17
NODE_24725_length_2606_cov_5.784398	2606	24565	9.43	1	15
NODE_24728_length_2606_cov_4.493140	2606	22068	8.47	2	16
NODE_24807_length_2596_cov_9.050374	2596	27582	10.62	2	34
NODE_24949_length_2584_cov_6.396204	2584	19298	7.47	1	14
NODE_24962_length_2583_cov_6.251187	2583	29565	11.45	5	27
NODE_25002_length_2579_cov_7.458796	2579	22540	8.74	2	17
NODE_25053_length_2575_cov_2.432540	2575	8501	3.30	0	7
NODE_25071_length_2573_cov_6.788324	2573	29141	11.33	2	25
NODE_25217_length_2558_cov_6.259289	2558	24260	9.48	1	34
NODE_25219_length_2558_cov_3.607671	2558	10147	3.97	1	12
NODE_25250_length_2556_cov_2.660536	2556	9411	3.68	1	12
NODE_25305_length_2550_cov_5.713427	2550	23180	9.09	2	34
NODE_25334_length_2547_cov_3.555778	2547	9735	3.82	1	9
NODE_25377_length_2543_cov_2.863344	2543	9408	3.70	1	8
NODE_25378_length_2543_cov_2.588023	2543	8294	3.26	1	10
NODE_25395_length_2541_cov_6.152454	2541	29491	11.61	4	19
NODE_25399_length_2541_cov_3.535800	2541	9195	3.62	1	7
NODE_25494_length_2533_cov_3.394270	2533	11257	4.44	1	28
NODE_25563_length_2526_cov_8.700526	2526	27099	10.73	4	26
NODE_25572_length_2525_cov_6.322267	2525	24666	9.77	2	22
NODE_25597_length_2523_cov_5.455024	2523	27011	10.71	2	31
NODE_25667_length_2517_cov_5.031682	2517	22146	8.80	1	20
NODE_25689_length_2515_cov_5.432520	2515	26234	10.43	0	24
NODE_25746_length_2511_cov_5.838762	2511	19456	7.75	1	74
NODE_25755_length_2510_cov_5.170672	2510	24713	9.85	0	23
NODE_25771_length_2509_cov_5.187449	2509	27751	11.06	3	23
NODE_25779_length_2508_cov_6.367305	2508	30243	12.06	3	25
NODE_25787_length_2508_cov_3.091317	2508	10249	4.09	0	10
NODE_25798_length_2506_cov_6.683395	2506	30224	12.06	4	26
NODE_25891_length_2498_cov_5.847319	2498	32850	13.15	1	31
NODE_25980_length_2491_cov_5.853859	2491	27153	10.90	3	27
NODE_25988_length_2490_cov_6.292813	2490	27134	10.90	2	47
NODE_26097_length_2480_cov_4.713402	2480	19548	7.88	0	20
NODE_26231_length_2468_cov_6.298384	2468	33473	13.56	3	29
NODE_26338_length_2458_cov_7.719101	2458	25918	10.54	3	22
NODE_26445_length_2447_cov_5.413043	2447	23638	9.66	1	23
NODE_26457_length_2446_cov_7.713509	2446	31348	12.82	2	23
NODE_26485_length_2444_cov_7.938887	2444	24543	10.04	4	18
NODE_26518_length_2440_cov_6.304403	2440	23143	9.48	2	17
NODE_26558_length_2435_cov_7.267647	2435	38115	15.65	4	29
NODE_26580_length_2433_cov_6.071909	2433	22518	9.26	2	18
NODE_26613_length_2431_cov_3.671717	2431	11462	4.71	0	25
NODE_26669_length_2425_cov_7.384810	2425	25348	10.45	3	26
NODE_26670_length_2425_cov_7.323207	2425	28047	11.57	3	26
NODE_26730_length_2420_cov_5.474419	2420	32675	13.50	1	28
NODE_26890_length_2406_cov_6.980434	2406	27659	11.50	3	23
NODE_26891_length_2406_cov_6.003828	2406	22735	9.45	1	17
NODE_26961_length_2402_cov_3.697912	2402	9792	4.08	1	14
NODE_26973_length_2401_cov_3.951833	2401	52398	21.82	1	448
NODE_27040_length_2396_cov_7.847074	2396	28637	11.95	1	22
NODE_27051_length_2395_cov_6.446581	2395	24610	10.28	4	21
NODE_27056_length_2395_cov_3.231624	2395	9154	3.82	1	30
NODE_27106_length_2390_cov_7.837259	2390	24937	10.43	2	18
NODE_27113_length_2390_cov_3.326338	2390	11378	4.76	1	10
NODE_27136_length_2388_cov_3.465066	2388	10907	4.57	1	19
NODE_27149_length_2387_cov_3.957976	2387	13928	5.83	1	17
NODE_27156_length_2386_cov_4.510082	2386	18756	7.86	1	32
NODE_27171_length_2385_cov_5.913734	2385	19833	8.32	3	19
NODE_27218_length_2381_cov_6.027085	2381	20357	8.55	1	18
NODE_27223_length_2380_cov_7.323011	2380	23278	9.78	2	21
NODE_27276_length_2375_cov_5.481466	2375	20715	8.72	2	17
NODE_27342_length_2370_cov_3.895032	2370	10211	4.31	0	9
NODE_27357_length_2369_cov_4.718669	2369	20032	8.46	1	21
NODE_27405_length_2365_cov_5.708225	2365	22572	9.54	1	17
NODE_27425_length_2364_cov_4.128627	2364	10277	4.35	1	9
NODE_27449_length_2362_cov_7.160381	2362	26848	11.37	1	56
NODE_27482_length_2360_cov_3.120174	2360	8369	3.55	1	13
NODE_27607_length_2351_cov_5.648955	2351	18345	7.80	1	14
NODE_27695_length_2344_cov_5.640017	2344	19696	8.40	2	15
NODE_27714_length_2342_cov_6.064714	2342	14625	6.24	1	14
NODE_27756_length_2339_cov_3.865587	2339	20161	8.62	1	32
NODE_27833_length_2334_cov_3.280386	2334	9879	4.23	1	14
NODE_27891_length_2328_cov_5.158381	2328	18002	7.73	1	17
NODE_27892_length_2328_cov_4.724153	2328	23279	10.00	0	26
NODE_27915_length_2326_cov_4.190225	2326	11600	4.99	1	10
NODE_27926_length_2325_cov_5.311454	2325	14920	6.42	1	17
NODE_27930_length_2325_cov_4.704405	2325	13238	5.69	0	13
NODE_27984_length_2320_cov_6.877263	2320	28826	12.43	1	36
NODE_28084_length_2312_cov_8.382809	2312	22377	9.68	2	17
NODE_28110_length_2310_cov_4.471397	2310	17004	7.36	1	25
NODE_28138_length_2309_cov_4.986690	2309	19561	8.47	1	14
NODE_28144_length_2309_cov_4.003993	2309	9947	4.31	1	12
NODE_28147_length_2309_cov_3.380657	2309	7969	3.45	0	7
NODE_28292_length_2299_cov_6.019608	2299	21408	9.31	1	19
NODE_28310_length_2298_cov_6.192599	2298	22159	9.64	2	21
NODE_28335_length_2296_cov_7.336457	2296	24466	10.66	2	23
NODE_28345_length_2295_cov_7.018304	2295	21562	9.40	3	19
NODE_28356_length_2295_cov_3.111161	2295	8014	3.49	1	7
NODE_28444_length_2288_cov_2.989252	2288	7393	3.23	1	9
NODE_28492_length_2283_cov_5.075853	2283	22988	10.07	3	24
NODE_28507_length_2282_cov_8.466996	2282	21755	9.53	1	21
NODE_28509_length_2282_cov_6.171980	2282	26012	11.40	4	26
NODE_28547_length_2279_cov_6.214029	2279	28619	12.56	3	29
NODE_28587_length_2276_cov_7.788384	2276	28588	12.56	3	21
NODE_28615_length_2273_cov_6.895852	2273	29744	13.09	0	27
NODE_28708_length_2267_cov_5.899186	2267	26305	11.60	4	29
NODE_28727_length_2266_cov_3.909995	2266	10472	4.62	1	8
NODE_28777_length_2262_cov_7.333484	2262	23302	10.30	3	19
NODE_28802_length_2260_cov_5.160091	2260	18569	8.22	1	17
NODE_28832_length_2258_cov_5.773945	2258	21193	9.39	3	25
NODE_28940_length_2250_cov_5.376310	2250	23071	10.25	2	22
NODE_28988_length_2247_cov_5.280566	2247	19901	8.86	2	18
NODE_29035_length_2243_cov_7.456124	2243	32565	14.52	3	30
NODE_29065_length_2241_cov_3.409881	2241	6957	3.10	0	8
NODE_29095_length_2239_cov_2.933150	2239	7006	3.13	0	7
NODE_29121_length_2237_cov_5.689734	2237	16164	7.23	1	19
NODE_29177_length_2234_cov_2.360257	2234	8202	3.67	1	13
NODE_29179_length_2233_cov_5.915519	2233	25691	11.51	1	25
NODE_29234_length_2229_cov_4.859706	2229	16143	7.24	1	16
NODE_29259_length_2228_cov_3.233778	2228	8575	3.85	1	7
NODE_29314_length_2224_cov_5.613647	2224	12888	5.79	1	14
NODE_29377_length_2219_cov_4.886322	2219	26519	11.95	1	32
NODE_29418_length_2216_cov_5.944933	2216	22264	10.05	2	35
NODE_29509_length_2210_cov_3.640835	2210	11559	5.23	1	15
NODE_29522_length_2209_cov_6.609099	2209	23288	10.54	2	19
NODE_29586_length_2205_cov_4.122326	2205	8907	4.04	0	12
NODE_29610_length_2203_cov_6.304004	2203	23372	10.61	2	21
NODE_29698_length_2197_cov_7.270308	2197	25757	11.72	2	25
NODE_29699_length_2197_cov_5.503735	2197	15684	7.14	1	21
NODE_29749_length_2193_cov_5.091207	2193	22413	10.22	1	24
NODE_29768_length_2192_cov_7.952270	2192	19485	8.89	2	22
NODE_29801_length_2190_cov_3.426230	2190	8494	3.88	1	9
NODE_29811_length_2189_cov_6.096532	2189	18904	8.64	0	19
NODE_29814_length_2189_cov_4.544049	2189	12122	5.54	1	10
NODE_29816_length_2189_cov_4.286317	2189	9574	4.37	1	12
NODE_29870_length_2186_cov_3.134679	2186	8560	3.92	1	17
NODE_29917_length_2183_cov_6.052162	2183	20092	9.20	1	23
NODE_29979_length_2178_cov_4.982101	2178	16846	7.73	1	16
NODE_29994_length_2177_cov_7.415646	2177	22787	10.47	1	22
NODE_30043_length_2175_cov_3.793868	2175	9497	4.37	1	13
NODE_30068_length_2173_cov_4.305949	2173	9534	4.39	1	8
NODE_30171_length_2168_cov_4.029815	2168	22566	10.41	0	21
NODE_30174_length_2168_cov_3.365831	2168	10887	5.02	1	17
NODE_30188_length_2167_cov_6.054451	2167	28028	12.93	2	29
NODE_30220_length_2165_cov_5.966825	2165	17191	7.94	2	15
NODE_30246_length_2164_cov_2.540066	2164	6831	3.16	1	7
NODE_30253_length_2163_cov_5.415085	2163	18325	8.47	1	18
NODE_30262_length_2163_cov_2.778937	2163	6826	3.16	1	7
NODE_30322_length_2159_cov_4.338403	2159	11081	5.13	1	10
NODE_30357_length_2157_cov_3.542341	2157	9481	4.40	1	11
NODE_30384_length_2155_cov_5.160476	2155	18204	8.45	1	33
NODE_30402_length_2154_cov_5.819438	2154	14719	6.83	0	12
NODE_30406_length_2154_cov_3.575036	2154	8748	4.06	0	8
NODE_30433_length_2153_cov_2.037178	2153	5429	2.52	1	5
NODE_30541_length_2146_cov_6.453372	2146	18874	8.79	2	18
NODE_30557_length_2145_cov_4.585646	2145	21133	9.85	2	21
NODE_30652_length_2139_cov_3.372361	2139	8483	3.97	1	8
NODE_30767_length_2131_cov_6.599711	2131	24678	11.58	1	27
NODE_30787_length_2130_cov_5.485783	2130	14588	6.85	2	19
NODE_30815_length_2129_cov_5.006268	2129	16956	7.96	1	20
NODE_30844_length_2127_cov_5.969112	2127	19692	9.26	1	20
NODE_30857_length_2126_cov_5.913085	2126	17243	8.11	1	16
NODE_30874_length_2125_cov_6.925121	2125	25554	12.03	1	27
NODE_30880_length_2125_cov_3.841063	2125	9835	4.63	1	10
NODE_30942_length_2121_cov_3.464182	2121	11343	5.35	1	16
NODE_30949_length_2121_cov_2.941433	2121	7232	3.41	1	8
NODE_30982_length_2118_cov_4.680562	2118	18835	8.89	2	18
NODE_31004_length_2116_cov_7.139738	2116	24014	11.35	4	24
NODE_31017_length_2115_cov_5.642233	2115	16788	7.94	2	23
NODE_31086_length_2110_cov_4.416058	2110	11559	5.48	1	14
NODE_31108_length_2109_cov_3.153846	2109	8365	3.97	1	7
NODE_31115_length_2108_cov_5.993668	2108	18147	8.61	1	19
NODE_31216_length_2102_cov_4.686859	2102	11927	5.67	0	12
NODE_31227_length_2101_cov_9.208211	2101	25025	11.91	3	24
NODE_31261_length_2099_cov_7.432485	2099	19353	9.22	0	18
NODE_31338_length_2094_cov_5.819029	2094	16559	7.91	3	21
NODE_31345_length_2094_cov_3.261403	2094	7167	3.42	1	7
NODE_31354_length_2093_cov_7.190873	2093	21975	10.50	1	22
NODE_31385_length_2091_cov_4.438605	2091	18726	8.96	1	20
NODE_31421_length_2089_cov_4.777286	2089	18710	8.96	1	23
NODE_31436_length_2088_cov_5.654206	2088	12480	5.98	1	12
NODE_31459_length_2087_cov_6.656004	2087	22201	10.64	1	35
NODE_31460_length_2087_cov_6.426673	2087	20385	9.77	5	16
NODE_31500_length_2085_cov_7.393103	2085	19773	9.48	1	17
NODE_31502_length_2085_cov_4.918227	2085	11852	5.68	2	10
NODE_31525_length_2084_cov_6.069000	2084	14582	7.00	1	14
NODE_31581_length_2081_cov_4.352419	2081	16524	7.94	1	17
NODE_31597_length_2080_cov_6.013827	2080	16504	7.93	0	17
NODE_31600_length_2080_cov_3.981235	2080	8171	3.93	1	7
NODE_31612_length_2079_cov_7.575099	2079	20088	9.66	4	20
NODE_31629_length_2078_cov_5.047949	2078	16382	7.88	3	25
NODE_31739_length_2071_cov_4.342758	2071	13381	6.46	1	15
NODE_31844_length_2065_cov_7.041791	2065	22391	10.84	3	23
NODE_31859_length_2064_cov_5.911896	2064	19160	9.28	2	23
NODE_31892_length_2062_cov_6.108122	2062	16800	8.15	1	23
NODE_31893_length_2062_cov_5.798705	2062	19369	9.39	4	15
NODE_32000_length_2057_cov_3.283217	2057	8652	4.21	1	17
NODE_32036_length_2055_cov_5.868500	2055	18704	9.10	2	20
NODE_32038_length_2055_cov_5.495500	2055	24488	11.92	1	27
NODE_32157_length_2049_cov_2.915747	2049	7821	3.82	1	9
NODE_32229_length_2045_cov_6.113568	2045	19470	9.52	1	22
NODE_32299_length_2041_cov_5.853474	2041	19711	9.66	2	16
NODE_32304_length_2041_cov_3.870594	2041	9794	4.80	1	15
NODE_32409_length_2034_cov_6.725619	2034	19005	9.34	1	18
NODE_32414_length_2034_cov_4.287519	2034	10569	5.20	1	9
NODE_32455_length_2031_cov_5.597166	2031	17057	8.40	1	21
NODE_32494_length_2029_cov_4.725937	2029	18942	9.34	2	27
NODE_32509_length_2029_cov_2.315603	2029	6865	3.38	0	7
NODE_32681_length_2019_cov_6.624236	2019	22621	11.20	1	30
NODE_32692_length_2019_cov_2.520876	2019	8551	4.24	1	33
NODE_32736_length_2016_cov_3.252932	2016	8710	4.32	1	13
NODE_32744_length_2015_cov_6.736224	2015	17543	8.71	0	21
NODE_32806_length_2012_cov_5.320388	2012	24098	11.98	3	29
NODE_32961_length_2003_cov_3.496407	2003	7307	3.65	1	9
NODE_33029_length_1999_cov_5.241770	1999	16868	8.44	1	16
NODE_33095_length_1995_cov_7.341753	1995	22767	11.41	2	26
NODE_33115_length_1994_cov_4.598247	1994	11335	5.68	1	12
NODE_33132_length_1993_cov_6.380805	1993	30553	15.33	4	31
NODE_33251_length_1986_cov_5.183325	1986	19740	9.94	1	27
NODE_33260_length_1986_cov_3.464526	1986	7838	3.95	1	9
NODE_33408_length_1978_cov_2.623505	1978	6171	3.12	1	13
NODE_33466_length_1974_cov_3.492965	1974	8384	4.25	1	9
NODE_33471_length_1974_cov_3.078687	1974	6503	3.29	1	7
NODE_33487_length_1973_cov_3.279979	1973	6586	3.34	1	7
NODE_33521_length_1971_cov_6.146660	1971	22088	11.21	2	23
NODE_33600_length_1967_cov_4.367155	1967	6840	3.48	1	8
NODE_33656_length_1964_cov_5.395495	1964	13542	6.90	1	15
NODE_33677_length_1963_cov_5.436059	1963	19361	9.86	1	26
NODE_33719_length_1961_cov_5.805352	1961	17654	9.00	1	23
NODE_33720_length_1961_cov_4.930745	1961	17945	9.15	1	20
NODE_33741_length_1960_cov_5.919160	1960	19915	10.16	2	26
NODE_33752_length_1959_cov_11.384454	1959	35123	17.93	6	32
NODE_33754_length_1959_cov_5.129727	1959	19717	10.06	1	21
NODE_33854_length_1953_cov_6.564805	1953	15297	7.83	0	22
NODE_33931_length_1949_cov_4.993136	1949	8785	4.51	0	8
NODE_33948_length_1948_cov_7.497095	1948	21318	10.94	4	18
NODE_33950_length_1948_cov_7.072900	1948	26682	13.70	4	25
NODE_34013_length_1944_cov_6.156697	1944	22544	11.60	3	20
NODE_34098_length_1940_cov_7.283820	1940	30982	15.97	3	29
NODE_34118_length_1939_cov_7.385881	1939	18356	9.47	2	24
NODE_34159_length_1937_cov_2.391073	1937	6289	3.25	1	6
NODE_34163_length_1936_cov_7.348219	1936	21550	11.13	3	27
NODE_34166_length_1936_cov_5.442318	1936	28619	14.78	1	264
NODE_34183_length_1935_cov_6.221809	1935	18018	9.31	3	22
NODE_34273_length_1931_cov_3.904051	1931	7621	3.95	1	10
NODE_34351_length_1928_cov_3.427656	1928	7215	3.74	0	7
NODE_34399_length_1925_cov_4.748663	1925	14922	7.75	1	17
NODE_34415_length_1924_cov_6.292670	1924	18624	9.68	1	19
NODE_34477_length_1922_cov_2.952866	1922	7435	3.87	1	47
NODE_34487_length_1921_cov_5.799571	1921	18359	9.56	1	20
NODE_34544_length_1919_cov_5.312232	1919	11173	5.82	1	9
NODE_34604_length_1916_cov_4.288017	1916	10792	5.63	1	13
NODE_34607_length_1916_cov_3.764105	1916	11959	6.24	1	26
NODE_34619_length_1916_cov_2.211714	1916	4494	2.35	1	5
NODE_34651_length_1914_cov_5.618074	1914	18595	9.72	1	19
NODE_34676_length_1913_cov_6.197524	1913	17690	9.25	1	19
NODE_34694_length_1912_cov_6.108778	1912	23351	12.21	0	26
NODE_34719_length_1911_cov_8.293103	1911	20469	10.71	4	26
NODE_34782_length_1908_cov_5.289800	1908	18181	9.53	1	22
NODE_34917_length_1901_cov_4.978332	1901	16054	8.45	1	22
NODE_34957_length_1899_cov_5.367679	1899	10813	5.69	2	10
NODE_34959_length_1899_cov_4.065076	1899	16242	8.55	1	28
NODE_34963_length_1899_cov_3.742408	1899	7638	4.02	0	9
NODE_35027_length_1896_cov_3.069527	1896	7056	3.72	1	6
NODE_35029_length_1896_cov_2.705052	1896	7303	3.85	1	9
NODE_35129_length_1890_cov_7.159673	1890	18076	9.56	0	29
NODE_35150_length_1889_cov_4.488550	1889	13612	7.21	1	17
NODE_35207_length_1886_cov_3.898962	1886	8299	4.40	1	9
NODE_35247_length_1883_cov_10.408643	1883	26059	13.84	1	49
NODE_35289_length_1881_cov_5.351588	1881	21725	11.55	5	21
NODE_35363_length_1878_cov_4.570488	1878	9711	5.17	0	12
NODE_35370_length_1878_cov_3.501920	1878	7629	4.06	0	14
NODE_35422_length_1875_cov_7.369780	1875	20972	11.19	2	18
NODE_35505_length_1871_cov_5.297907	1871	11535	6.17	1	11
NODE_35539_length_1870_cov_3.423691	1870	6966	3.73	1	13
NODE_35583_length_1868_cov_6.498069	1868	20015	10.71	3	20
NODE_35602_length_1867_cov_7.363135	1867	17926	9.60	1	22
NODE_35644_length_1865_cov_6.745304	1865	17117	9.18	1	25
NODE_35729_length_1861_cov_5.146733	1861	16316	8.77	3	23
NODE_35766_length_1859_cov_5.411308	1859	17542	9.44	1	17
NODE_35796_length_1858_cov_2.924016	1858	4962	2.67	1	6
NODE_35811_length_1857_cov_3.741953	1857	7251	3.90	0	10
NODE_35812_length_1857_cov_3.699778	1857	8778	4.73	1	14
NODE_35874_length_1854_cov_5.572540	1854	20567	11.09	1	22
NODE_35886_length_1854_cov_2.941078	1854	6524	3.52	1	7
NODE_35972_length_1849_cov_4.017280	1849	8341	4.51	1	9
NODE_36133_length_1841_cov_10.533595	1841	24097	13.09	4	21
NODE_36144_length_1841_cov_3.475364	1841	6677	3.63	1	7
NODE_36220_length_1837_cov_5.563412	1837	13897	7.57	1	16
NODE_36221_length_1837_cov_4.842312	1837	11623	6.33	1	11
NODE_36222_length_1837_cov_4.537598	1837	12036	6.55	1	13
NODE_36227_length_1837_cov_3.871493	1837	8716	4.74	1	11
NODE_36235_length_1837_cov_2.936027	1837	6822	3.71	1	9
NODE_36265_length_1836_cov_2.609208	1836	7152	3.90	1	13
NODE_36273_length_1835_cov_5.153371	1835	17129	9.33	1	21
NODE_36356_length_1832_cov_3.332583	1832	6522	3.56	1	19
NODE_36386_length_1831_cov_3.260698	1831	6716	3.67	1	9
NODE_36552_length_1823_cov_9.110294	1823	18800	10.31	3	18
NODE_36571_length_1822_cov_4.480475	1822	12925	7.09	1	16
NODE_36590_length_1821_cov_4.456965	1821	17238	9.47	1	22
NODE_36612_length_1820_cov_6.048725	1820	15133	8.31	2	16
NODE_36665_length_1818_cov_5.449801	1818	15388	8.46	2	13
NODE_36721_length_1816_cov_6.277683	1816	16482	9.08	4	16
NODE_36886_length_1809_cov_5.804447	1809	15743	8.70	1	20
NODE_36892_length_1809_cov_4.003991	1809	15074	8.33	1	17
NODE_36940_length_1807_cov_6.372717	1807	16072	8.89	1	32
NODE_36980_length_1805_cov_5.046286	1805	14835	8.22	2	18
NODE_37042_length_1803_cov_3.262014	1803	8725	4.84	1	20
NODE_37167_length_1797_cov_5.231917	1797	18158	10.10	2	26
NODE_37222_length_1794_cov_10.520989	1794	20662	11.52	3	21
NODE_37256_length_1793_cov_5.981013	1793	19110	10.66	2	20
NODE_37257_length_1793_cov_5.020138	1793	7934	4.42	1	11
NODE_37277_length_1792_cov_6.509499	1792	17864	9.97	2	23
NODE_37362_length_1788_cov_6.518177	1788	13416	7.50	0	14
NODE_37366_length_1788_cov_4.256780	1788	7046	3.94	0	15
NODE_37374_length_1788_cov_2.698211	1788	6509	3.64	1	8
NODE_37421_length_1786_cov_3.175043	1786	6495	3.64	0	9
NODE_37464_length_1784_cov_4.617698	1784	13595	7.62	1	13
NODE_37532_length_1782_cov_5.248987	1782	15471	8.68	1	22
NODE_37640_length_1777_cov_4.549942	1777	15152	8.53	1	15
NODE_37659_length_1776_cov_4.785590	1776	17099	9.63	1	21
NODE_37682_length_1775_cov_6.189535	1775	9123	5.14	0	10
NODE_37756_length_1773_cov_2.642026	1773	6376	3.60	1	8
NODE_37771_length_1772_cov_2.849738	1772	5690	3.21	0	11
NODE_37798_length_1771_cov_2.636946	1771	5918	3.34	1	13
NODE_37888_length_1767_cov_7.189836	1767	18194	10.30	0	21
NODE_37891_length_1767_cov_4.983645	1767	25256	14.29	1	34
NODE_37908_length_1767_cov_2.949766	1767	7470	4.23	0	41
NODE_37918_length_1766_cov_6.141438	1766	17732	10.04	4	19
NODE_37924_length_1766_cov_3.637054	1766	7360	4.17	1	12
NODE_37958_length_1764_cov_5.940901	1764	15404	8.73	1	19
NODE_38029_length_1762_cov_3.036321	1762	6257	3.55	1	7
NODE_38068_length_1760_cov_7.223460	1760	21972	12.48	2	26
NODE_38140_length_1757_cov_3.237368	1757	5928	3.37	1	6
NODE_38157_length_1756_cov_5.585538	1756	17878	10.18	0	22
NODE_38160_length_1756_cov_4.474427	1756	14394	8.20	1	16
NODE_38171_length_1756_cov_3.486185	1756	6353	3.62	0	8
NODE_38192_length_1755_cov_7.185294	1755	21172	12.06	4	20
NODE_38306_length_1751_cov_3.099646	1751	6202	3.54	1	12
NODE_38338_length_1749_cov_5.089138	1749	11460	6.55	1	12
NODE_38341_length_1749_cov_3.978158	1749	11890	6.80	1	15
NODE_38419_length_1746_cov_3.342401	1746	6410	3.67	1	8
NODE_38420_length_1746_cov_3.308693	1746	5914	3.39	1	6
NODE_38439_length_1745_cov_4.463314	1745	7924	4.54	1	8
NODE_38457_length_1744_cov_5.232090	1744	10479	6.01	1	11
NODE_38503_length_1743_cov_1.843602	1743	4808	2.76	1	19
NODE_38510_length_1742_cov_5.831061	1742	13744	7.89	1	13
NODE_38547_length_1741_cov_3.264531	1741	6322	3.63	1	13
NODE_38696_length_1735_cov_1.907738	1735	5515	3.18	0	8
NODE_38769_length_1732_cov_3.189624	1732	6058	3.50	1	8
NODE_38811_length_1730_cov_6.488955	1730	22756	13.15	2	33
NODE_38821_length_1730_cov_3.696119	1730	7601	4.39	1	9
NODE_38831_length_1730_cov_2.826269	1730	7901	4.57	1	12
NODE_38889_length_1727_cov_7.511962	1727	18712	10.83	1	26
NODE_38959_length_1724_cov_5.685440	1724	20750	12.04	1	23
NODE_38995_length_1723_cov_2.363309	1723	6601	3.83	0	9
NODE_39195_length_1715_cov_2.936747	1715	6144	3.58	1	7
NODE_39202_length_1715_cov_2.316867	1715	3907	2.28	1	5
NODE_39219_length_1714_cov_3.731163	1714	9556	5.58	1	11
NODE_39260_length_1712_cov_7.192517	1712	20803	12.15	2	24
NODE_39330_length_1709_cov_6.354293	1709	14073	8.23	1	24
NODE_39367_length_1708_cov_4.255898	1708	7613	4.46	1	8
NODE_39413_length_1706_cov_8.000606	1706	23975	14.05	4	27
NODE_39479_length_1704_cov_6.494239	1704	11953	7.01	1	12
NODE_39509_length_1703_cov_5.019417	1703	13193	7.75	1	35
NODE_39582_length_1700_cov_6.546505	1700	17885	10.52	1	19
NODE_39618_length_1699_cov_3.190998	1699	5785	3.40	1	6
NODE_39665_length_1697_cov_5.789890	1697	21724	12.80	2	25
NODE_39698_length_1696_cov_3.306520	1696	6359	3.75	1	10
NODE_39793_length_1692_cov_5.110568	1692	13382	7.91	1	15
NODE_39813_length_1691_cov_3.440098	1691	7321	4.33	1	13
NODE_39894_length_1688_cov_3.662584	1688	6666	3.95	0	8
NODE_39915_length_1687_cov_5.362132	1687	10876	6.45	1	14
NODE_39937_length_1686_cov_5.360515	1686	11710	6.95	1	12
NODE_40047_length_1682_cov_6.655194	1682	14872	8.84	1	68
NODE_40050_length_1682_cov_5.652120	1682	18002	10.70	2	24
NODE_40062_length_1682_cov_2.998156	1682	16087	9.56	1	20
NODE_40067_length_1682_cov_2.598648	1682	6496	3.86	1	22
NODE_40103_length_1681_cov_2.623001	1681	5297	3.15	1	11
NODE_40111_length_1680_cov_5.574154	1680	18226	10.85	4	26
NODE_40126_length_1680_cov_2.931077	1680	5963	3.55	1	11
NODE_40197_length_1677_cov_6.647965	1677	19696	11.74	1	42
NODE_40218_length_1677_cov_3.024661	1677	7966	4.75	1	10
NODE_40224_length_1676_cov_6.008637	1676	22581	13.47	1	26
NODE_40308_length_1673_cov_6.296663	1673	17384	10.39	1	19
NODE_40327_length_1672_cov_6.905999	1672	18109	10.83	4	20
NODE_40407_length_1669_cov_9.301115	1669	20844	12.49	1	24
NODE_40442_length_1668_cov_4.214507	1668	6823	4.09	1	8
NODE_40480_length_1666_cov_5.988827	1666	15627	9.38	3	19
NODE_40485_length_1666_cov_3.882061	1666	11321	6.80	1	16
NODE_40536_length_1664_cov_2.605966	1664	5290	3.18	1	7
NODE_40551_length_1663_cov_5.205224	1663	18836	11.33	4	26
NODE_40589_length_1662_cov_3.334785	1662	5634	3.39	1	7
NODE_40604_length_1661_cov_5.655044	1661	16355	9.85	3	27
NODE_40651_length_1659_cov_7.239401	1659	18329	11.05	1	23
NODE_40656_length_1659_cov_4.125312	1659	6866	4.14	1	10
NODE_40663_length_1659_cov_3.341022	1659	8975	5.41	1	15
NODE_40688_length_1658_cov_4.524641	1658	12886	7.77	1	17
NODE_40694_length_1658_cov_3.880848	1658	6384	3.85	1	8
NODE_40768_length_1655_cov_6.982500	1655	14710	8.89	1	22
NODE_40907_length_1650_cov_8.850157	1650	24446	14.82	1	36
NODE_40995_length_1647_cov_7.297111	1647	15231	9.25	1	21
NODE_41032_length_1646_cov_3.978001	1646	8797	5.34	1	12
NODE_41102_length_1644_cov_3.415985	1644	7331	4.46	1	10
NODE_41156_length_1642_cov_6.247637	1642	27594	16.81	7	32
NODE_41239_length_1640_cov_2.707886	1640	6428	3.92	0	10
NODE_41278_length_1638_cov_6.140240	1638	13950	8.52	1	17
NODE_41309_length_1637_cov_5.100506	1637	13410	8.19	3	19
NODE_41417_length_1634_cov_2.864471	1634	7154	4.38	1	13
NODE_41466_length_1632_cov_6.107166	1632	16359	10.02	1	31
NODE_41485_length_1631_cov_5.816624	1631	12520	7.68	1	15
NODE_41494_length_1631_cov_3.223350	1631	6968	4.27	1	17
NODE_41515_length_1630_cov_5.029841	1630	15156	9.30	1	17
NODE_41583_length_1628_cov_4.329943	1628	13655	8.39	1	36
NODE_41597_length_1628_cov_2.526383	1628	4793	2.94	1	10
NODE_41605_length_1627_cov_4.938295	1627	16162	9.93	1	22
NODE_41616_length_1627_cov_3.097328	1627	12647	7.77	1	20
NODE_41640_length_1625_cov_7.633758	1625	14284	8.79	3	18
NODE_41641_length_1625_cov_5.591720	1625	14735	9.07	1	19
NODE_41672_length_1624_cov_4.541746	1624	19777	12.18	3	26
NODE_41684_length_1624_cov_3.123646	1624	6379	3.93	1	9
NODE_41756_length_1621_cov_3.745849	1621	6674	4.12	1	8
NODE_41770_length_1620_cov_7.267093	1620	15728	9.71	1	20
NODE_41785_length_1620_cov_3.626837	1620	6884	4.25	1	27
NODE_41965_length_1613_cov_4.289474	1613	8405	5.21	1	18
NODE_41979_length_1613_cov_2.824134	1613	4938	3.06	1	8
NODE_42011_length_1612_cov_2.710983	1612	5703	3.54	1	9
NODE_42111_length_1608_cov_3.879588	1608	6417	3.99	1	10
NODE_42132_length_1607_cov_5.902706	1607	13058	8.13	1	16
NODE_42157_length_1607_cov_2.460052	1607	5569	3.47	0	8
NODE_42291_length_1602_cov_7.248222	1602	15825	9.88	1	23
NODE_42319_length_1602_cov_2.851972	1602	5572	3.48	1	14
NODE_42338_length_1601_cov_3.142950	1601	5445	3.40	1	21
NODE_42442_length_1597_cov_6.277562	1597	13803	8.64	2	18
NODE_42464_length_1597_cov_2.459144	1597	4956	3.10	1	9
NODE_42472_length_1596_cov_5.410123	1596	14377	9.01	0	18
NODE_42477_length_1596_cov_4.079169	1596	8310	5.21	1	12
NODE_42490_length_1596_cov_2.306295	1596	4509	2.83	1	6
NODE_42500_length_1595_cov_4.203247	1595	5453	3.42	1	7
NODE_42506_length_1595_cov_3.821429	1595	7122	4.47	1	10
NODE_42507_length_1595_cov_3.762987	1595	9569	6.00	1	20
NODE_42567_length_1593_cov_6.115085	1593	14512	9.11	2	22
NODE_42629_length_1591_cov_2.884766	1591	5825	3.66	1	8
NODE_42656_length_1590_cov_3.219544	1590	5343	3.36	1	7
NODE_42711_length_1588_cov_2.457273	1588	4954	3.12	1	7
NODE_42741_length_1587_cov_2.909269	1587	6587	4.15	1	20
NODE_42836_length_1583_cov_4.752618	1583	12396	7.83	1	13
NODE_42864_length_1582_cov_7.932547	1582	19679	12.44	3	33
NODE_42868_length_1582_cov_4.804191	1582	11458	7.24	1	15
NODE_42958_length_1579_cov_8.104331	1579	15725	9.96	3	16
NODE_43288_length_1569_cov_2.867900	1569	5579	3.56	1	10
NODE_43289_length_1569_cov_2.760898	1569	5947	3.79	1	9
NODE_43373_length_1566_cov_3.724686	1566	6617	4.23	1	20
NODE_43415_length_1565_cov_2.809272	1565	4752	3.04	1	6
NODE_43519_length_1562_cov_2.899801	1562	4622	2.96	1	6
NODE_43608_length_1559_cov_6.195479	1559	14781	9.48	2	14
NODE_43666_length_1558_cov_2.438456	1558	5300	3.40	1	7
NODE_43696_length_1557_cov_2.753662	1557	16166	10.38	1	42
NODE_43773_length_1554_cov_3.220814	1554	5764	3.71	1	9
NODE_43844_length_1552_cov_3.501670	1552	5734	3.69	1	8
NODE_43860_length_1552_cov_2.505678	1552	4688	3.02	1	8
NODE_43863_length_1552_cov_2.110220	1552	3706	2.39	0	7
NODE_43905_length_1551_cov_2.233289	1551	4854	3.13	1	11
NODE_43909_length_1550_cov_7.488963	1550	13128	8.47	3	14
NODE_43970_length_1548_cov_6.592766	1548	17713	11.44	4	22
NODE_43999_length_1547_cov_5.236595	1547	12424	8.03	2	16
NODE_44064_length_1545_cov_4.379195	1545	7559	4.89	1	8
NODE_44134_length_1543_cov_3.777554	1543	7912	5.13	1	10
NODE_44145_length_1543_cov_2.772849	1543	6547	4.24	1	10
NODE_44180_length_1541_cov_6.239569	1541	14769	9.58	3	17
NODE_44189_length_1541_cov_3.742261	1541	6564	4.26	1	9
NODE_44214_length_1540_cov_4.511785	1540	10907	7.08	1	12
NODE_44240_length_1539_cov_4.463612	1539	8365	5.44	1	18
NODE_44295_length_1537_cov_6.532389	1537	13932	9.06	3	16
NODE_44300_length_1537_cov_4.740216	1537	11285	7.34	1	17
NODE_44329_length_1536_cov_7.429440	1536	12404	8.08	1	12
NODE_44330_length_1536_cov_6.884537	1536	13827	9.00	1	15
NODE_44331_length_1536_cov_6.742741	1536	18765	12.22	1	28
NODE_44332_length_1536_cov_6.347063	1536	15371	10.01	3	16
NODE_44336_length_1536_cov_5.106685	1536	5987	3.90	1	14
NODE_44348_length_1536_cov_3.427414	1536	5054	3.29	1	7
NODE_44366_length_1535_cov_6.258108	1535	18933	12.33	3	28
NODE_44367_length_1535_cov_5.562162	1535	17715	11.54	2	24
NODE_44370_length_1535_cov_4.585811	1535	10807	7.04	1	13
NODE_44401_length_1535_cov_2.242568	1535	4813	3.14	1	10
NODE_44421_length_1534_cov_3.198783	1534	5682	3.70	1	7
NODE_44523_length_1531_cov_2.748645	1531	5039	3.29	0	7
NODE_44536_length_1530_cov_6.211525	1530	15785	10.32	1	29
NODE_44573_length_1529_cov_6.053596	1529	9456	6.18	0	11
NODE_44644_length_1527_cov_4.996603	1527	12138	7.95	1	17
NODE_44763_length_1524_cov_3.609939	1524	6354	4.17	1	9
NODE_44807_length_1523_cov_2.810627	1523	5734	3.76	1	15
NODE_44823_length_1522_cov_7.862986	1522	16705	10.98	3	25
NODE_44846_length_1522_cov_3.128153	1522	5503	3.62	1	9
NODE_44981_length_1518_cov_3.691729	1518	5483	3.61	1	8
NODE_44985_length_1518_cov_3.415584	1518	4373	2.88	1	6
NODE_45017_length_1517_cov_4.064979	1517	7215	4.76	1	10
NODE_45049_length_1516_cov_4.305270	1516	6273	4.14	1	8
NODE_45124_length_1514_cov_3.808773	1514	6339	4.19	1	22
NODE_45185_length_1512_cov_5.559369	1512	11566	7.65	4	14
NODE_45233_length_1511_cov_1.907280	1511	4834	3.20	1	7
NODE_45365_length_1506_cov_5.107512	1506	11168	7.42	1	13
NODE_45423_length_1505_cov_2.488276	1505	4536	3.01	0	6
NODE_45434_length_1504_cov_7.955141	1504	15841	10.53	3	20
NODE_45437_length_1504_cov_5.933747	1504	16610	11.04	1	29
NODE_45539_length_1501_cov_5.550484	1501	12963	8.64	0	14
NODE_45557_length_1501_cov_2.471646	1501	6740	4.49	1	16
NODE_45574_length_1500_cov_5.374394	1500	14055	9.37	3	21
NODE_17_length_242416_cov_12.294342	242416	8861499	36.55	0	989
NODE_31_length_198450_cov_12.733985	198450	9462472	47.68	1	1000
NODE_58_length_162612_cov_12.435207	162612	3232623	19.88	3	744
NODE_113_length_129517_cov_13.133375	129517	6104937	47.14	2	957
NODE_119_length_126809_cov_12.356864	126809	4591899	36.21	0	1035
NODE_168_length_112477_cov_12.613794	112477	3250591	28.90	2	1057
NODE_216_length_100816_cov_13.326178	100816	3835033	38.04	3	871
NODE_250_length_94576_cov_12.413485	94576	4115993	43.52	3	796
NODE_294_length_87183_cov_12.372464	87183	3319303	38.07	2	989
NODE_303_length_85908_cov_13.017320	85908	3424211	39.86	2	1046
NODE_334_length_82640_cov_12.587116	82640	2191394	26.52	1	1049
NODE_366_length_79619_cov_12.340694	79619	2471247	31.04	4	932
NODE_401_length_75659_cov_12.616727	75659	4226220	55.86	3	1044
NODE_455_length_71536_cov_12.520628	71536	4585340	64.10	4	1161
NODE_458_length_71355_cov_12.777223	71355	5347680	74.94	1	1029
NODE_509_length_67354_cov_12.476604	67354	2370972	35.20	2	927
NODE_531_length_66258_cov_12.391251	66258	3848837	58.09	3	1500
NODE_565_length_64481_cov_13.319188	64481	4264431	66.13	2	1006
NODE_613_length_61682_cov_12.990345	61682	1156555	18.75	3	366
NODE_628_length_61127_cov_12.845183	61127	1118085	18.29	0	689
NODE_643_length_60553_cov_12.536695	60553	1896810	31.32	3	877
NODE_650_length_60196_cov_12.074392	60196	1981466	32.92	0	892
NODE_652_length_60146_cov_12.107254	60146	2699191	44.88	3	871
NODE_722_length_56699_cov_12.086276	56699	817029	14.41	0	230
NODE_759_length_55557_cov_12.933083	55557	4984855	89.73	3	1128
NODE_781_length_54350_cov_12.424993	54350	1679955	30.91	4	873
NODE_879_length_49988_cov_12.690125	49988	1116089	22.33	3	599
NODE_916_length_48791_cov_12.515163	48791	1129983	23.16	3	629
NODE_1008_length_46169_cov_13.088043	46169	2209875	47.86	2	782
NODE_1084_length_43975_cov_12.663684	43975	676288	15.38	3	277
NODE_1161_length_41908_cov_12.273577	41908	959931	22.91	1	477
NODE_1469_length_35577_cov_12.704606	35577	1444437	40.60	3	736
NODE_1597_length_33778_cov_11.947484	33778	895287	26.51	3	691
NODE_1730_length_32262_cov_13.086317	32262	558808	17.32	5	183
NODE_1950_length_29520_cov_12.296148	29520	418392	14.17	2	52
NODE_1979_length_29153_cov_12.351193	29153	1083439	37.16	4	926
NODE_2013_length_28722_cov_12.062616	28722	1987223	69.19	5	787
NODE_2127_length_27777_cov_12.265601	27777	1757823	63.28	4	1344
NODE_2128_length_27770_cov_13.493487	27770	681576	24.54	2	599
NODE_2148_length_27604_cov_12.446768	27604	981140	35.54	3	798
NODE_2182_length_27248_cov_12.328540	27248	2229600	81.83	4	762
NODE_2490_length_24697_cov_12.237684	24697	1033990	41.87	2	951
NODE_2989_length_21638_cov_12.813650	21638	366586	16.94	5	524
NODE_3080_length_21077_cov_11.713538	21077	323064	15.33	2	287
NODE_3085_length_21019_cov_12.255438	21019	529244	25.18	1	704
NODE_3116_length_20844_cov_12.370244	20844	1512102	72.54	3	986
NODE_3526_length_18826_cov_12.053860	18826	879189	46.70	0	912
NODE_3580_length_18599_cov_12.369661	18599	261942	14.08	2	53
NODE_3622_length_18453_cov_13.271225	18453	1487653	80.62	4	1035
NODE_3720_length_18037_cov_12.011178	18037	406538	22.54	4	454
NODE_3835_length_17602_cov_12.459224	17602	311992	17.72	3	181
NODE_4293_length_15962_cov_11.864902	15962	219491	13.75	3	28
NODE_4421_length_15534_cov_11.494153	15534	203559	13.10	1	34
NODE_4578_length_15142_cov_12.978193	15142	290508	19.19	6	973
NODE_4657_length_14898_cov_12.513036	14898	223196	14.98	3	35
NODE_4764_length_14581_cov_12.672036	14581	316430	21.70	2	364
NODE_4828_length_14406_cov_11.591527	14406	199068	13.82	0	56
NODE_5381_length_13092_cov_13.184628	13092	210758	16.10	3	71
NODE_6238_length_11389_cov_12.305894	11389	390696	34.30	4	609
NODE_7215_length_9801_cov_13.154422	9801	244802	24.98	5	296
NODE_7403_length_9548_cov_12.162857	9548	861101	90.19	4	781
NODE_8686_length_7970_cov_10.978648	7970	324377	40.70	4	672
NODE_14003_length_4598_cov_12.256879	4598	71955	15.65	3	43
NODE_18507_length_3414_cov_12.525156	3414	115158	33.73	4	462
NODE_20640_length_3074_cov_12.250414	3074	169654	55.19	3	687
NODE_43997_length_1547_cov_14.951743	1547	32341	20.91	8	41
NODE_20_length_226534_cov_28.780337	226534	4344641	19.18	0	139
NODE_22_length_223203_cov_25.679199	223203	5921312	26.53	0	162
NODE_30_length_200082_cov_26.422103	200082	5913896	29.56	0	86
NODE_69_length_155043_cov_26.129823	155043	4498575	29.02	0	133
NODE_94_length_140405_cov_29.010324	140405	3097810	22.06	0	77
NODE_141_length_120050_cov_25.176999	120050	3601307	30.00	0	1550
NODE_163_length_113574_cov_25.416935	113574	2612028	23.00	0	63
NODE_171_length_112244_cov_29.015723	112244	2378479	21.19	0	148
NODE_175_length_111784_cov_26.478264	111784	3293865	29.47	0	66
NODE_196_length_105511_cov_28.412011	105511	3345051	31.70	0	83
NODE_247_length_95045_cov_24.895105	95045	2672769	28.12	0	124
NODE_265_length_91600_cov_25.143460	91600	2547630	27.81	8	101
NODE_318_length_84232_cov_23.286729	84232	2300406	27.31	0	265
NODE_350_length_81120_cov_26.534546	81120	2457292	30.29	0	90
NODE_413_length_75003_cov_28.887335	75003	2445523	32.61	0	72
NODE_507_length_67431_cov_26.821405	67431	1998715	29.64	11	52
NODE_520_length_66591_cov_25.209526	66591	1459607	21.92	0	67
NODE_540_length_65618_cov_25.976679	65618	1284263	19.57	0	98
NODE_548_length_65198_cov_24.687748	65198	1787262	27.41	0	90
NODE_636_length_60835_cov_28.944406	60835	2029102	33.35	2	191
NODE_677_length_59104_cov_26.007892	59104	1704044	28.83	0	60
NODE_710_length_57303_cov_27.789722	57303	1770852	30.90	0	59
NODE_832_length_51822_cov_27.790677	51822	1630353	31.46	0	102
NODE_850_length_51016_cov_28.480289	51016	1602319	31.41	0	102
NODE_970_length_47155_cov_25.229554	47155	1263840	26.80	0	165
NODE_1002_length_46306_cov_28.328858	46306	1471242	31.77	15	140
NODE_1037_length_45036_cov_27.934839	45036	1756858	39.01	9	537
NODE_1049_length_44818_cov_28.473583	44818	1414857	31.57	15	56
NODE_1106_length_43425_cov_27.423104	43425	1343764	30.94	12	507
NODE_1289_length_39255_cov_27.767781	39255	1252076	31.90	11	200
NODE_1344_length_38006_cov_25.200653	38006	1064588	28.01	9	49
NODE_1395_length_37078_cov_27.197337	37078	1287783	34.73	7	525
NODE_1466_length_35617_cov_19.055846	35617	1131347	31.76	5	364
NODE_1794_length_31403_cov_28.831983	31403	1052376	33.51	15	466
NODE_1846_length_30797_cov_24.644363	30797	856653	27.82	4	54
NODE_1961_length_29368_cov_26.733088	29368	878406	29.91	0	195
NODE_2003_length_28882_cov_35.643320	28882	1485936	51.45	3	307
NODE_2042_length_28476_cov_101.056332	28476	4393154	154.28	59	4202
NODE_2094_length_28041_cov_29.347102	28041	931244	33.21	15	261
NODE_2131_length_27766_cov_19.853307	27766	625269	22.52	7	82
NODE_2191_length_27200_cov_8.234076	27200	255013	9.38	0	36
NODE_2208_length_27039_cov_26.061370	27039	790161	29.22	6	50
NODE_2229_length_26816_cov_27.933037	26816	938633	35.00	0	174
NODE_2609_length_23899_cov_27.063622	23899	725423	30.35	15	49
NODE_2725_length_23145_cov_28.800433	23145	409847	17.71	0	30
NODE_3297_length_19789_cov_25.937924	19789	572249	28.92	12	55
NODE_3511_length_18886_cov_29.128565	18886	639139	33.84	16	185
NODE_3567_length_18648_cov_28.937396	18648	613795	32.91	0	137
NODE_3652_length_18301_cov_7.163817	18301	160335	8.76	1	33
NODE_3656_length_18291_cov_28.911713	18291	594411	32.50	17	51
NODE_4030_length_16880_cov_26.628351	16880	518289	30.70	0	51
NODE_4294_length_15961_cov_6.176223	15961	117841	7.38	1	21
NODE_4376_length_15676_cov_41.641508	15676	843568	53.81	12	146
NODE_4551_length_15198_cov_11.649409	15198	253244	16.66	2	188
NODE_4615_length_15036_cov_6.368734	15036	131080	8.72	2	24
NODE_4710_length_14731_cov_77.345530	14731	1354551	91.95	62	1444
NODE_5246_length_13404_cov_34.243689	13404	551124	41.12	1	217
NODE_5567_length_12697_cov_18.553710	12697	261644	20.61	9	41
NODE_5594_length_12663_cov_6.098905	12663	90954	7.18	1	22
NODE_5850_length_12139_cov_10.503476	12139	2291180	188.75	5	684
NODE_6006_length_11837_cov_30.528179	11837	394816	33.35	16	53
NODE_6079_length_11673_cov_17.949217	11673	376690	32.27	8	258
NODE_6812_length_10423_cov_177.506173	10423	2506804	240.51	113	1363
NODE_6837_length_10380_cov_22.401162	10380	302832	29.17	0	393
NODE_6931_length_10219_cov_25.628591	10219	288767	28.26	13	42
NODE_7115_length_9937_cov_23.381502	9937	257832	25.95	0	64
NODE_7499_length_9402_cov_30.600834	9402	508624	54.10	10	196
NODE_7627_length_9227_cov_29.043938	9227	308344	33.42	3	365
NODE_7935_length_8840_cov_24.576779	8840	245600	27.78	12	55
NODE_8030_length_8721_cov_191.425571	8721	1935209	221.90	77	1105
NODE_8197_length_8522_cov_158.407228	8522	1886585	221.38	99	1426
NODE_8303_length_8409_cov_5.198468	8409	94119	11.19	1	244
NODE_8436_length_8259_cov_6.278766	8259	61874	7.49	1	17
NODE_8546_length_8137_cov_25.017694	8137	226709	27.86	10	61
NODE_9599_length_7099_cov_25.711386	7099	212023	29.87	13	46
NODE_9989_length_6789_cov_336.634690	6789	2543880	374.71	136	872
NODE_10065_length_6728_cov_83.515810	6728	634977	94.38	22	146
NODE_10070_length_6725_cov_8.805247	6725	926807	137.82	4	1144
NODE_10272_length_6576_cov_124.120687	6576	2050429	311.80	79	1056
NODE_10423_length_6477_cov_27.496730	6477	199862	30.86	0	51
NODE_10937_length_6111_cov_65.942206	6111	567271	92.83	6	410
NODE_11057_length_6038_cov_122.802942	6038	1172588	194.20	29	1078
NODE_11394_length_5823_cov_15.205617	5823	105315	18.09	6	67
NODE_11593_length_5702_cov_26.759872	5702	168061	29.47	5	101
NODE_11992_length_5484_cov_6.272794	5484	40255	7.34	1	16
NODE_12087_length_5439_cov_10.002600	5439	72804	13.39	2	140
NODE_13044_length_4987_cov_371.672749	4987	1853607	371.69	280	460
NODE_13180_length_4932_cov_4.836990	4932	25479	5.17	1	11
NODE_13604_length_4755_cov_10.781702	4755	94186	19.81	5	334
NODE_13731_length_4700_cov_19.361033	4700	306064	65.12	6	193
NODE_14041_length_4583_cov_33.140459	4583	223098	48.68	9	233
NODE_14094_length_4565_cov_27.550776	4565	182070	39.88	8	214
NODE_14397_length_4450_cov_17.848919	4450	110994	24.94	12	60
NODE_14545_length_4397_cov_4.117688	4397	22170	5.04	1	12
NODE_14656_length_4358_cov_20.380200	4358	95764	21.97	8	37
NODE_15369_length_4141_cov_191.732012	4141	916608	221.35	0	563
NODE_15419_length_4130_cov_3.225767	4130	14897	3.61	1	9
NODE_15648_length_4062_cov_5.362116	4062	23278	5.73	1	13
NODE_15919_length_3995_cov_399.806853	3995	1822160	456.11	149	529
NODE_16126_length_3938_cov_3.901107	3938	16798	4.27	1	9
NODE_16134_length_3937_cov_6.279495	3937	50910	12.93	1	31
NODE_16334_length_3888_cov_3.564049	3888	20841	5.36	0	26
NODE_16423_length_3865_cov_6.121260	3865	27794	7.19	0	17
NODE_16453_length_3858_cov_5.397055	3858	23367	6.06	1	14
NODE_16577_length_3828_cov_4.649881	3828	19425	5.07	1	12
NODE_16693_length_3795_cov_21.625134	3795	112921	29.76	6	187
NODE_16949_length_3737_cov_200.996741	3737	2259137	604.53	171	1150
NODE_17046_length_3721_cov_35.322422	3721	139191	37.41	7	79
NODE_17168_length_3690_cov_140.115268	3690	567486	153.79	63	377
NODE_17191_length_3686_cov_4.889838	3686	20612	5.59	1	10
NODE_17298_length_3661_cov_19.002773	3661	147450	40.28	5	336
NODE_17463_length_3625_cov_8.337815	3625	250027	68.97	1	435
NODE_17945_length_3521_cov_634.186382	3521	2452187	696.45	395	851
NODE_18105_length_3492_cov_3.743672	3492	16613	4.76	1	14
NODE_18505_length_3415_cov_3.098810	3415	13103	3.84	1	8
NODE_18529_length_3409_cov_207.584973	3409	1915311	561.84	160	1485
NODE_18570_length_3403_cov_4.755675	3403	18975	5.58	1	12
NODE_18674_length_3384_cov_85.972364	3384	318296	94.06	57	122
NODE_18930_length_3341_cov_50.000913	3341	185458	55.51	12	76
NODE_19255_length_3286_cov_3.687403	3286	11337	3.45	1	8
NODE_19378_length_3267_cov_5.982254	3267	27124	8.30	1	19
NODE_19714_length_3214_cov_4.092751	3214	19082	5.94	1	52
NODE_20101_length_3151_cov_25.703165	3151	189527	60.15	8	181
NODE_20150_length_3145_cov_5.394175	3145	86063	27.37	1	293
NODE_20392_length_3111_cov_28.019634	3111	99678	32.04	10	49
NODE_20565_length_3088_cov_6.287834	3088	36366	11.78	3	38
NODE_20594_length_3083_cov_57.703435	3083	293640	95.24	26	178
NODE_20660_length_3072_cov_3.167716	3072	25632	8.34	0	142
NODE_21108_length_3011_cov_3.774019	3011	11853	3.94	1	9
NODE_21710_length_2933_cov_26.815497	2933	93451	31.86	6	47
NODE_21723_length_2931_cov_188.775730	2931	793744	270.81	80	2896
NODE_21825_length_2919_cov_195.690642	2919	2037732	698.09	192	1144
NODE_22008_length_2898_cov_3.380584	2898	11775	4.06	1	11
NODE_22011_length_2897_cov_33.091485	2897	105923	36.56	0	56
NODE_22670_length_2825_cov_261.821661	2825	2527563	894.71	195	1111
NODE_22808_length_2809_cov_45.044299	2809	143839	51.21	25	72
NODE_22977_length_2789_cov_5.250183	2789	20214	7.25	2	28
NODE_23115_length_2772_cov_21.321310	2772	79008	28.50	8	97
NODE_23249_length_2758_cov_15.245283	2758	104815	38.00	4	312
NODE_23466_length_2733_cov_14.978715	2733	139002	50.86	1	373
NODE_23694_length_2710_cov_3.575518	2710	10400	3.84	1	12
NODE_23736_length_2706_cov_3.698982	2706	10591	3.91	1	8
NODE_24338_length_2646_cov_2.497491	2646	8029	3.03	1	6
NODE_24448_length_2632_cov_142.489717	2632	412844	156.86	52	201
NODE_24654_length_2613_cov_9.580532	2613	29753	11.39	3	22
NODE_25321_length_2548_cov_14.500201	2548	960043	376.78	7	873
NODE_25437_length_2538_cov_3.750705	2538	9641	3.80	0	7
NODE_25442_length_2537_cov_77.265512	2537	609894	240.40	9	980
NODE_25497_length_2533_cov_2.612187	2533	7898	3.12	1	7
NODE_25520_length_2530_cov_4.144242	2530	10608	4.19	1	10
NODE_26025_length_2486_cov_74.384204	2486	138784	55.83	16	127
NODE_26030_length_2486_cov_4.682435	2486	13691	5.51	1	17
NODE_26928_length_2404_cov_3.801618	2404	9200	3.83	1	7
NODE_26978_length_2400_cov_30.399574	2400	83925	34.97	22	100
NODE_27359_length_2369_cov_4.572169	2369	11300	4.77	1	20
NODE_27528_length_2356_cov_5.242938	2356	14175	6.02	1	11
NODE_27825_length_2334_cov_10.549364	2334	51968	22.27	7	184
NODE_27860_length_2332_cov_3.639438	2332	10429	4.47	1	9
NODE_27912_length_2326_cov_22.942316	2326	143760	61.81	13	97
NODE_27966_length_2322_cov_4.259815	2322	11395	4.91	1	9
NODE_28635_length_2272_cov_5.641407	2272	11899	5.24	1	11
NODE_28776_length_2262_cov_26.917988	2262	84166	37.21	17	161
NODE_29038_length_2243_cov_4.207038	2243	9744	4.34	1	7
NODE_29046_length_2242_cov_13.154092	2242	38365	17.11	3	72
NODE_29330_length_2223_cov_105.245849	2223	258171	116.14	92	140
NODE_29517_length_2209_cov_109.788301	2209	269429	121.97	56	722
NODE_29604_length_2204_cov_3.079107	2204	8943	4.06	0	11
NODE_29859_length_2186_cov_24.791647	2186	61067	27.94	12	42
NODE_30033_length_2175_cov_13.839151	2175	49820	22.91	10	107
NODE_30081_length_2173_cov_2.889518	2173	11597	5.34	1	54
NODE_30164_length_2168_cov_16.041174	2168	99156	45.74	4	197
NODE_30622_length_2140_cov_25.802878	2140	75628	35.34	14	69
NODE_30747_length_2133_cov_2.265159	2133	6089	2.85	1	7
NODE_31094_length_2110_cov_3.097324	2110	7487	3.55	1	7
NODE_31266_length_2099_cov_3.857632	2099	9251	4.41	1	9
NODE_31931_length_2060_cov_92.765087	2060	213860	103.82	40	155
NODE_32263_length_2043_cov_26.190644	2043	61067	29.89	16	43
NODE_32364_length_2037_cov_18.373360	2037	40643	19.95	5	30
NODE_32712_length_2017_cov_19.217125	2017	61984	30.73	12	142
NODE_32925_length_2005_cov_4.043590	2005	9052	4.51	1	8
NODE_33059_length_1997_cov_39.268795	1997	111952	56.06	12	381
NODE_33084_length_1996_cov_3.488408	1996	11774	5.90	1	37
NODE_33159_length_1991_cov_29.759814	1991	108689	54.59	19	419
NODE_33701_length_1962_cov_5.958574	1962	17711	9.03	1	33
NODE_33852_length_1953_cov_8.624341	1953	21617	11.07	3	31
NODE_33965_length_1947_cov_9.865222	1947	23574	12.11	1	24
NODE_34002_length_1945_cov_4.722222	1945	9660	4.97	1	12
NODE_34084_length_1941_cov_3.188229	1941	7509	3.87	0	12
NODE_34484_length_1921_cov_64.747588	1921	2524830	1314.33	0	2981
NODE_34716_length_1911_cov_173.565194	1911	370440	193.85	52	255
NODE_34734_length_1910_cov_329.258760	1910	642610	336.45	235	414
NODE_34797_length_1907_cov_199.410367	1907	418459	219.43	44	390
NODE_34869_length_1903_cov_27.372294	1903	51896	27.27	6	52
NODE_35019_length_1896_cov_3.922325	1896	8533	4.50	1	10
NODE_35038_length_1895_cov_4.483152	1895	8772	4.63	1	11
NODE_35270_length_1882_cov_4.834702	1882	18999	10.10	3	125
NODE_35292_length_1881_cov_5.139102	1881	53938	28.68	5	51
NODE_35502_length_1871_cov_191.590308	1871	397603	212.51	67	258
NODE_35948_length_1850_cov_17.089136	1850	49628	26.83	6	80
NODE_35983_length_1848_cov_196.417178	1848	384964	208.31	63	289
NODE_36771_length_1814_cov_182.974417	1814	355375	195.91	77	263
NODE_36857_length_1810_cov_11.613675	1810	24502	13.54	0	21
NODE_36968_length_1806_cov_3.432324	1806	327725	181.46	0	1150
NODE_37249_length_1793_cov_60.216916	1793	129125	72.02	2	265
NODE_37549_length_1782_cov_2.461494	1782	5478	3.07	1	12
NODE_37879_length_1768_cov_2.863981	1768	5168	2.92	0	7
NODE_37938_length_1765_cov_5.663158	1765	12737	7.22	1	18
NODE_37955_length_1765_cov_2.604094	1765	5654	3.20	1	6
NODE_38505_length_1742_cov_10.222288	1742	93198	53.50	7	123
NODE_38525_length_1742_cov_3.096621	1742	6310	3.62	1	7
NODE_38559_length_1740_cov_24.216024	1740	49202	28.28	11	51
NODE_38699_length_1734_cov_10.382966	1734	85376	49.24	4	1459
NODE_38784_length_1731_cov_16.202267	1731	272254	157.28	16	262
NODE_38980_length_1723_cov_60.839928	1723	136327	79.12	53	113
NODE_39410_length_1706_cov_12.897032	1706	609039	357.00	4	1167
NODE_39954_length_1685_cov_10.822699	1685	24210	14.37	6	26
NODE_39981_length_1684_cov_158.534070	1684	475532	282.38	71	431
NODE_40077_length_1681_cov_5.934809	1681	14859	8.84	3	15
NODE_40500_length_1665_cov_6.143478	1665	24438	14.68	1	55
NODE_41083_length_1644_cov_26.480176	1644	46275	28.15	8	37
NODE_41673_length_1624_cov_4.506055	1624	446818	275.13	1	1470
NODE_42613_length_1591_cov_985.468099	1591	1642914	1032.63	428	1214
NODE_42652_length_1590_cov_3.740065	1590	5805	3.65	0	7
NODE_42772_length_1586_cov_2.664272	1586	36546	23.04	1	112
NODE_42803_length_1584_cov_204.250491	1584	387147	244.41	161	958
NODE_43127_length_1573_cov_54.677866	1573	89331	56.79	17	78
NODE_43215_length_1571_cov_3.608179	1571	9029	5.75	1	13
NODE_43435_length_1564_cov_3.581842	1564	5465	3.49	1	7
NODE_43518_length_1562_cov_2.912409	1562	5351	3.43	1	7
NODE_43590_length_1560_cov_3.467110	1560	6587	4.22	1	15
NODE_43620_length_1559_cov_3.783910	1559	5876	3.77	1	7
NODE_43638_length_1558_cov_40.040585	1558	65730	42.19	25	55
NODE_44129_length_1543_cov_4.329973	1543	9114	5.91	1	12
NODE_44234_length_1539_cov_8.874663	1539	18579	12.07	4	23
NODE_44498_length_1531_cov_32.634824	1531	352909	230.51	46	556
NODE_44887_length_1521_cov_2.759891	1521	4437	2.92	1	7
NODE_44977_length_1518_cov_4.371839	1518	6315	4.16	0	8
NODE_45005_length_1517_cov_12.432969	1517	32794	21.62	9	53
NODE_45114_length_1514_cov_16.954078	1514	47709	31.51	10	154
NODE_45216_length_1511_cov_4.157967	1511	8156	5.40	1	10
NODE_45270_length_1509_cov_88.542641	1509	161344	106.92	13	358
NODE_416_length_74856_cov_6.163848	74856	530153	7.08	0	19
NODE_533_length_66150_cov_6.313034	66150	485171	7.33	0	28
NODE_544_length_65436_cov_6.398419	65436	537918	8.22	0	536
NODE_626_length_61160_cov_6.622993	61160	480609	7.86	0	41
NODE_753_length_55832_cov_6.107356	55832	402755	7.21	1	31
NODE_957_length_47485_cov_6.574025	47485	359316	7.57	0	27
NODE_958_length_47484_cov_6.393114	47484	364578	7.68	0	66
NODE_1172_length_41592_cov_6.371861	41592	511653	12.30	0	129
NODE_1196_length_41194_cov_6.424609	41194	312209	7.58	0	32
NODE_1399_length_36971_cov_7.027793	36971	315181	8.53	2	32
NODE_1451_length_35960_cov_6.495168	35960	278469	7.74	1	24
NODE_1536_length_34520_cov_6.399217	34520	265318	7.69	0	54
NODE_1612_length_33668_cov_6.545830	33668	253830	7.54	0	23
NODE_1788_length_31445_cov_6.684549	31445	252589	8.03	1	30
NODE_1833_length_30991_cov_6.535913	30991	237867	7.68	1	41
NODE_1907_length_30002_cov_6.259425	30002	216916	7.23	0	16
NODE_1999_length_28950_cov_6.463852	28950	215596	7.45	1	19
NODE_2041_length_28485_cov_5.788006	28485	406850	14.28	1	585
NODE_2146_length_27614_cov_6.720055	27614	217109	7.86	1	20
NODE_2345_length_25787_cov_6.718794	25787	224072	8.69	1	36
NODE_2447_length_24994_cov_6.619552	24994	193662	7.75	1	22
NODE_2482_length_24762_cov_6.737483	24762	819433	33.09	0	467
NODE_2508_length_24610_cov_7.439462	24610	215151	8.74	1	28
NODE_2538_length_24364_cov_5.869020	24364	221314	9.08	0	425
NODE_2544_length_24332_cov_6.220002	24332	182452	7.50	0	34
NODE_2559_length_24187_cov_7.127258	24187	206242	8.53	1	22
NODE_2570_length_24117_cov_6.574308	24117	187574	7.78	1	50
NODE_2588_length_23995_cov_6.907728	23995	229514	9.57	1	895
NODE_2636_length_23707_cov_6.366354	23707	169368	7.14	0	21
NODE_2759_length_22982_cov_6.648537	22982	182323	7.93	1	19
NODE_2889_length_22210_cov_6.785421	22210	171738	7.73	0	21
NODE_2950_length_21881_cov_6.379456	21881	164896	7.54	1	25
NODE_2971_length_21732_cov_7.443050	21732	197737	9.10	0	40
NODE_3032_length_21409_cov_6.096844	21409	150948	7.05	0	18
NODE_3057_length_21232_cov_6.917222	21232	169014	7.96	1	17
NODE_3079_length_21079_cov_6.517979	21079	160684	7.62	1	20
NODE_3248_length_20024_cov_6.840252	20024	156624	7.82	1	29
NODE_3383_length_19427_cov_6.690481	19427	150461	7.74	0	23
NODE_3587_length_18566_cov_6.878937	18566	223962	12.06	1	326
NODE_3596_length_18540_cov_7.023911	18540	154771	8.35	0	23
NODE_3724_length_18031_cov_6.671340	18031	133768	7.42	1	19
NODE_3798_length_17743_cov_6.199005	17743	129615	7.31	0	23
NODE_3822_length_17645_cov_6.070608	17645	123630	7.01	0	16
NODE_3831_length_17613_cov_5.856931	17613	123954	7.04	1	19
NODE_3850_length_17518_cov_5.693065	17518	118229	6.75	1	20
NODE_3897_length_17308_cov_6.480612	17308	123899	7.16	1	16
NODE_3903_length_17291_cov_6.867255	17291	135647	7.84	0	19
NODE_3914_length_17247_cov_7.373371	17247	144467	8.38	1	43
NODE_3980_length_17042_cov_6.916760	17042	133638	7.84	1	23
NODE_3996_length_16981_cov_6.186931	16981	120695	7.11	0	30
NODE_4076_length_16738_cov_5.935204	16738	144796	8.65	1	63
NODE_4088_length_16713_cov_6.877656	16713	130938	7.83	1	20
NODE_4248_length_16106_cov_7.154570	16106	132184	8.21	1	36
NODE_4264_length_16066_cov_6.528012	16066	125396	7.81	0	37
NODE_4306_length_15908_cov_7.476881	15908	137693	8.66	2	21
NODE_4338_length_15788_cov_7.429924	15788	135041	8.55	0	27
NODE_4360_length_15708_cov_6.877468	15708	130004	8.28	0	22
NODE_4513_length_15275_cov_7.160907	15275	159595	10.45	0	112
NODE_4643_length_14937_cov_7.083053	14937	129578	8.67	2	53
NODE_4701_length_14758_cov_7.355846	14758	121416	8.23	1	31
NODE_4738_length_14656_cov_6.143552	14656	103825	7.08	1	22
NODE_4860_length_14314_cov_349.763237	14314	5627161	393.12	211	642
NODE_4952_length_14067_cov_6.513060	14067	230615	16.39	1	270
NODE_4985_length_13993_cov_6.330248	13993	104418	7.46	1	20
NODE_5039_length_13858_cov_6.669057	13858	113405	8.18	1	29
NODE_5153_length_13602_cov_10.793091	13602	1766409	129.86	5	2896
NODE_5398_length_13055_cov_6.797846	13055	98055	7.51	1	20
NODE_5538_length_12754_cov_6.712025	12754	101073	7.92	1	23
NODE_5599_length_12659_cov_7.056728	12659	102878	8.13	1	21
NODE_5781_length_12279_cov_7.117474	12279	103896	8.46	1	24
NODE_5841_length_12169_cov_7.212812	12169	99258	8.16	1	19
NODE_6108_length_11625_cov_6.611150	11625	92668	7.97	1	23
NODE_6146_length_11557_cov_7.113285	11557	94489	8.18	0	22
NODE_6330_length_11210_cov_5.402062	11210	80148	7.15	1	81
NODE_6349_length_11179_cov_7.054567	11179	91401	8.18	2	22
NODE_6380_length_11118_cov_7.138841	11118	95821	8.62	1	17
NODE_6402_length_11094_cov_5.719993	11094	137038	12.35	2	355
NODE_6487_length_10919_cov_5.815906	10919	73916	6.77	0	31
NODE_6532_length_10849_cov_9.295720	10849	235404	21.70	3	242
NODE_6580_length_10766_cov_7.319391	10766	96556	8.97	1	19
NODE_6620_length_10710_cov_7.836227	10710	262117	24.47	1	1324
NODE_6630_length_10700_cov_6.814091	10700	93441	8.73	1	26
NODE_6682_length_10615_cov_6.869223	10615	86415	8.14	1	22
NODE_6874_length_10321_cov_6.137639	10321	73277	7.10	1	19
NODE_7136_length_9917_cov_6.369905	9917	74388	7.50	1	15
NODE_7157_length_9893_cov_6.585180	9893	198369	20.05	1	482
NODE_7164_length_9878_cov_6.322508	9878	72452	7.33	1	17
NODE_7401_length_9552_cov_5.788670	9552	62864	6.58	1	16
NODE_7409_length_9535_cov_7.017089	9535	79705	8.36	1	21
NODE_7412_length_9531_cov_6.097721	9531	65282	6.85	1	25
NODE_7516_length_9375_cov_7.065558	9375	80157	8.55	1	26
NODE_7751_length_9073_cov_5.886782	9073	72030	7.94	1	37
NODE_7906_length_8882_cov_7.577433	8882	430694	48.49	1	458
NODE_7939_length_8834_cov_6.622736	8834	68587	7.76	1	17
NODE_7952_length_8821_cov_31.125143	8821	322586	36.57	0	74
NODE_7966_length_8806_cov_6.640955	8806	64712	7.35	1	14
NODE_7968_length_8802_cov_6.141077	8802	62540	7.11	0	15
NODE_8046_length_8700_cov_9.670330	8700	194583	22.37	0	477
NODE_8116_length_8624_cov_7.131521	8624	71374	8.28	1	33
NODE_8122_length_8615_cov_6.792407	8615	72895	8.46	1	32
NODE_8143_length_8591_cov_9.044869	8591	87030	10.13	1	32
NODE_8335_length_8375_cov_8.246034	8375	91132	10.88	3	26
NODE_8422_length_8274_cov_6.951941	8274	75252	9.09	2	32
NODE_8634_length_8027_cov_7.523833	8027	69197	8.62	1	26
NODE_8756_length_7903_cov_5.766182	7903	55266	6.99	2	26
NODE_8896_length_7758_cov_6.647800	7758	63894	8.24	1	16
NODE_8922_length_7724_cov_6.077455	7724	66437	8.60	1	33
NODE_8929_length_7720_cov_6.136204	7720	85971	11.14	1	493
NODE_8934_length_7715_cov_6.905875	7715	69453	9.00	1	55
NODE_8984_length_7659_cov_6.893740	7659	63780	8.33	1	67
NODE_8997_length_7644_cov_7.006852	7644	81733	10.69	1	250
NODE_9031_length_7613_cov_5.917571	7613	97919	12.86	1	400
NODE_9211_length_7450_cov_5.211089	7450	52170	7.00	1	25
NODE_9555_length_7133_cov_7.666431	7133	91133	12.78	3	169
NODE_9620_length_7076_cov_6.283008	7076	50897	7.19	1	22
NODE_9922_length_6841_cov_10.984674	6841	722560	105.62	0	434
NODE_9929_length_6835_cov_7.066519	6835	115418	16.89	2	247
NODE_9933_length_6831_cov_4.000000	6831	31777	4.65	1	19
NODE_9984_length_6795_cov_6.613501	6795	51322	7.55	1	16
NODE_10346_length_6524_cov_5.593446	6524	47193	7.23	1	24
NODE_10377_length_6506_cov_6.133933	6506	44102	6.78	1	16
NODE_10477_length_6450_cov_5.431274	6450	40979	6.35	1	15
NODE_10530_length_6416_cov_4.870618	6416	35227	5.49	0	14
NODE_10608_length_6359_cov_5.793623	6359	44154	6.94	0	16
NODE_10815_length_6206_cov_5.090229	6206	39235	6.32	1	21
NODE_10856_length_6178_cov_3.407317	6178	25086	4.06	0	29
NODE_11185_length_5960_cov_7.001355	5960	89389	15.00	3	218
NODE_11192_length_5956_cov_6.870869	5956	47542	7.98	2	44
NODE_11248_length_5918_cov_5.453010	5918	34839	5.89	1	17
NODE_11299_length_5885_cov_8.952487	5885	211582	35.95	5	402
NODE_11356_length_5846_cov_7.489380	5846	49656	8.49	1	20
NODE_11592_length_5703_cov_6.408640	5703	38905	6.82	0	14
NODE_11708_length_5641_cov_9.703008	5641	724507	128.44	4	864
NODE_11710_length_5639_cov_5.229226	5639	30764	5.46	0	12
NODE_11916_length_5525_cov_6.613894	5525	43134	7.81	1	53
NODE_11928_length_5515_cov_6.355495	5515	40835	7.40	1	15
NODE_12054_length_5453_cov_3.907929	5453	25993	4.77	1	13
NODE_12090_length_5436_cov_6.342873	5436	40031	7.36	1	17
NODE_12141_length_5408_cov_34.063142	5408	244070	45.13	1	81
NODE_12228_length_5360_cov_6.773987	5360	41645	7.77	1	16
NODE_12251_length_5342_cov_7.031209	5342	45102	8.44	1	17
NODE_12297_length_5319_cov_4.761398	5319	27838	5.23	1	11
NODE_12323_length_5306_cov_5.782518	5306	38272	7.21	0	18
NODE_12534_length_5203_cov_5.494561	5203	31717	6.10	1	11
NODE_12543_length_5199_cov_6.618196	5199	39326	7.56	1	16
NODE_13605_length_4755_cov_6.619787	4755	34795	7.32	1	17
NODE_13968_length_4611_cov_3.215979	4611	25574	5.55	1	14
NODE_14044_length_4583_cov_7.634717	4583	92627	20.21	1	202
NODE_14111_length_4557_cov_384.795646	4557	1835314	402.75	168	750
NODE_14137_length_4546_cov_5.444222	4546	30525	6.71	1	19
NODE_14159_length_4536_cov_25.392323	4536	135476	29.87	14	165
NODE_14308_length_4480_cov_4.597288	4480	23036	5.14	1	16
NODE_14390_length_4452_cov_6.531044	4452	33240	7.47	1	15
NODE_14424_length_4441_cov_10.805974	4441	691390	155.68	7	375
NODE_14438_length_4435_cov_6.818037	4435	34005	7.67	2	31
NODE_14706_length_4342_cov_6.068813	4342	32258	7.43	1	16
NODE_14717_length_4338_cov_5.684333	4338	26618	6.14	1	12
NODE_14881_length_4283_cov_7.495979	4283	35206	8.22	0	17
NODE_15103_length_4218_cov_6.644487	4218	33692	7.99	1	16
NODE_15129_length_4208_cov_4.721647	4208	21959	5.22	0	12
NODE_15245_length_4171_cov_3.480078	4171	15545	3.73	1	7
NODE_15250_length_4169_cov_5.697375	4169	30042	7.21	1	39
NODE_15283_length_4159_cov_13.337719	4159	68642	16.50	5	84
NODE_15316_length_4154_cov_6.649183	4154	32160	7.74	1	14
NODE_15584_length_4080_cov_7.351056	4080	60644	14.86	1	55
NODE_15588_length_4079_cov_11.045726	4079	96635	23.69	7	64
NODE_15680_length_4053_cov_7.717359	4053	46259	11.41	2	51
NODE_15811_length_4023_cov_9.337702	4023	58845	14.63	3	224
NODE_15928_length_3993_cov_8.232859	3993	672640	168.45	6	581
NODE_15937_length_3991_cov_5.707571	3991	24356	6.10	1	17
NODE_16463_length_3855_cov_20.991316	3855	106019	27.50	0	48
NODE_16643_length_3809_cov_11.066329	3809	59251	15.56	5	120
NODE_16718_length_3788_cov_3.755692	3788	14826	3.91	1	8
NODE_16798_length_3770_cov_8.905787	3770	114090	30.26	0	335
NODE_16889_length_3750_cov_11.437348	3750	46096	12.29	0	27
NODE_16947_length_3738_cov_6.102905	3738	26701	7.14	0	19
NODE_17468_length_3624_cov_5.691790	3624	23310	6.43	0	18
NODE_17502_length_3615_cov_5.963764	3615	22694	6.28	1	13
NODE_17514_length_3612_cov_16.044419	3612	70701	19.57	6	38
NODE_17752_length_3561_cov_10.768397	3561	72525	20.37	1	36
NODE_18051_length_3503_cov_3.791183	3503	25677	7.33	0	19
NODE_18350_length_3445_cov_6.823599	3445	38632	11.21	3	154
NODE_18374_length_3438_cov_7.755542	3438	28244	8.22	1	17
NODE_18552_length_3406_cov_5.292152	3406	54207	15.92	0	40
NODE_18554_length_3406_cov_3.749030	3406	15331	4.50	1	13
NODE_18848_length_3354_cov_4.256138	3354	15618	4.66	1	10
NODE_19189_length_3299_cov_7.309494	3299	26429	8.01	1	16
NODE_19293_length_3281_cov_4.597024	3281	19514	5.95	0	13
NODE_19886_length_3185_cov_3.209585	3185	14772	4.64	1	17
NODE_20388_length_3112_cov_3.355250	3112	16358	5.26	1	12
NODE_20443_length_3105_cov_9.038033	3105	48164	15.51	2	26
NODE_20737_length_3062_cov_7.044230	3062	31080	10.15	2	128
NODE_21086_length_3013_cov_6.555781	3013	22786	7.56	1	16
NODE_21289_length_2987_cov_2.773533	2987	10125	3.39	1	8
NODE_21419_length_2970_cov_6.138937	2970	22859	7.70	1	17
NODE_21538_length_2954_cov_3.341152	2954	16426	5.56	1	18
NODE_21845_length_2917_cov_8.759259	2917	80274	27.52	3	134
NODE_21883_length_2913_cov_5.208188	2913	19304	6.63	1	13
NODE_21911_length_2910_cov_2.818564	2910	12089	4.15	1	35
NODE_22170_length_2880_cov_4.126372	2880	35757	12.42	0	215
NODE_22248_length_2872_cov_3.056088	2872	11642	4.05	1	11
NODE_22413_length_2854_cov_5.088246	2854	17330	6.07	1	68
NODE_22462_length_2850_cov_3.783184	2850	15387	5.40	1	12
NODE_22770_length_2814_cov_7.743023	2814	29403	10.45	1	35
NODE_22940_length_2794_cov_2.939759	2794	8600	3.08	0	6
NODE_23159_length_2767_cov_6.664086	2767	50126	18.12	1	32
NODE_23632_length_2717_cov_2.991360	2717	12726	4.68	0	11
NODE_24089_length_2670_cov_6.477629	2670	18890	7.07	1	15
NODE_24153_length_2664_cov_6.909927	2664	19004	7.13	1	12
NODE_24173_length_2662_cov_3.833142	2662	16624	6.24	1	99
NODE_24600_length_2618_cov_3.326570	2618	10106	3.86	0	10
NODE_24905_length_2588_cov_2.587051	2588	11536	4.46	1	39
NODE_24961_length_2583_cov_6.584256	2583	18705	7.24	1	16
NODE_25519_length_2530_cov_4.211717	2530	11566	4.57	1	10
NODE_25555_length_2527_cov_5.364482	2527	28113	11.13	0	144
NODE_25596_length_2523_cov_5.972853	2523	19222	7.62	1	23
NODE_25996_length_2490_cov_2.823409	2490	8282	3.33	0	8
NODE_26116_length_2478_cov_3.517953	2478	16293	6.58	1	21
NODE_26633_length_2429_cov_3.309183	2429	9370	3.86	1	7
NODE_27068_length_2393_cov_3.896065	2393	36888	15.41	1	189
NODE_27643_length_2349_cov_2.783784	2349	7768	3.31	1	10
NODE_27685_length_2345_cov_4.690830	2345	13929	5.94	1	15
NODE_27696_length_2344_cov_5.003058	2344	64774	27.63	1	268
NODE_27864_length_2332_cov_2.828283	2332	11025	4.73	1	12
NODE_28089_length_2312_cov_4.101462	2312	9723	4.21	1	8
NODE_28722_length_2266_cov_7.182723	2266	19675	8.68	3	19
NODE_28851_length_2257_cov_4.549955	2257	11636	5.16	1	9
NODE_29567_length_2206_cov_3.820549	2206	7852	3.56	1	7
NODE_29813_length_2189_cov_4.992502	2189	234069	106.93	0	2254
NODE_29867_length_2186_cov_3.711872	2186	9448	4.32	1	15
NODE_29961_length_2180_cov_3.462588	2180	7946	3.64	1	9
NODE_30106_length_2171_cov_22.875709	2171	65860	30.34	7	49
NODE_30276_length_2161_cov_511.611111	2161	1680349	777.58	462	1209
NODE_31105_length_2109_cov_3.437683	2109	8243	3.91	1	10
NODE_31298_length_2097_cov_3.628795	2097	8244	3.93	1	9
NODE_31916_length_2061_cov_6.037886	2061	13402	6.50	1	13
NODE_32166_length_2048_cov_6.722027	2048	38300	18.70	5	30
NODE_32521_length_2028_cov_2.084136	2028	6436	3.17	1	9
NODE_32699_length_2018_cov_4.060112	2018	9026	4.47	1	10
NODE_33150_length_1992_cov_3.919979	1992	18107	9.09	1	55
NODE_33291_length_1984_cov_3.752203	1984	8165	4.12	1	9
NODE_33469_length_1974_cov_3.174049	1974	11082	5.61	1	10
NODE_34736_length_1910_cov_12.837197	1910	49574	25.95	2	40
NODE_35492_length_1872_cov_3.078701	1872	6691	3.57	1	8
NODE_35608_length_1867_cov_6.187638	1867	10700	5.73	2	9
NODE_35755_length_1860_cov_3.107479	1860	11127	5.98	1	17
NODE_35900_length_1853_cov_6.088988	1853	11925	6.44	1	10
NODE_35964_length_1849_cov_12.332219	1849	26769	14.48	5	23
NODE_35999_length_1848_cov_3.126046	1848	9719	5.26	1	13
NODE_36032_length_1846_cov_7.335567	1846	55353	29.99	4	222
NODE_36164_length_1840_cov_2.734454	1840	6338	3.44	1	7
NODE_36213_length_1838_cov_2.561413	1838	7161	3.90	1	10
NODE_36217_length_1837_cov_17.322671	1837	26110	14.21	0	25
NODE_36368_length_1831_cov_86.490428	1831	173524	94.77	77	147
NODE_36664_length_1818_cov_7.000000	1818	12266	6.75	1	15
NODE_37103_length_1800_cov_3.687679	1800	7642	4.25	1	8
NODE_38090_length_1759_cov_3.782864	1759	8851	5.03	0	12
NODE_38755_length_1732_cov_6.152654	1732	59796	34.52	3	400
NODE_39049_length_1720_cov_15.358559	1720	44082	25.63	1	51
NODE_39079_length_1719_cov_13.435096	1719	29640	17.24	9	25
NODE_39488_length_1704_cov_3.462098	1704	7735	4.54	1	10
NODE_39581_length_1700_cov_7.443161	1700	28444	16.73	7	32
NODE_40201_length_1677_cov_3.865598	1677	20632	12.30	1	303
NODE_40273_length_1675_cov_2.343827	1675	7369	4.40	1	9
NODE_40349_length_1671_cov_32.305693	1671	95496	57.15	16	94
NODE_40716_length_1657_cov_12.662921	1657	42622	25.72	6	132
NODE_41238_length_1640_cov_2.709148	1640	9782	5.96	0	12
NODE_41287_length_1638_cov_3.480733	1638	7099	4.33	1	10
NODE_41444_length_1633_cov_3.226236	1633	10605	6.49	1	26
NODE_41545_length_1629_cov_6.214104	1629	17305	10.62	2	67
NODE_41557_length_1629_cov_3.088945	1629	15791	9.69	2	131
NODE_41739_length_1622_cov_3.105297	1622	10900	6.72	1	16
NODE_42520_length_1595_cov_2.728571	1595	10730	6.73	1	17
NODE_42675_length_1589_cov_4.619948	1589	31534	19.85	2	160
NODE_42730_length_1587_cov_3.489556	1587	6530	4.11	1	7
NODE_42885_length_1582_cov_2.519319	1582	4145	2.62	1	5
NODE_43065_length_1576_cov_2.810651	1576	4844	3.07	1	6
NODE_43166_length_1572_cov_7.752802	1572	33574	21.36	2	47
NODE_43423_length_1564_cov_2888.377734	1564	4780053	3056.30	2308	3425
NODE_44158_length_1542_cov_4.551446	1542	9485	6.15	1	21
NODE_45038_length_1517_cov_2.692202	1517	5352	3.53	1	14
NODE_45092_length_1515_cov_3.789041	1515	8617	5.69	1	14
NODE_68_length_155150_cov_987.295580	155150	173094541	1115.66	344	2224
NODE_128_length_124024_cov_951.866741	124024	134465624	1084.19	0	2025
NODE_137_length_121472_cov_970.082353	121472	134286020	1105.49	0	2567
NODE_139_length_121321_cov_974.813188	121321	134190401	1106.08	414	1327
NODE_211_length_102401_cov_970.595236	102401	112844936	1101.99	501	3868
NODE_227_length_99277_cov_957.651680	99277	107522416	1083.05	275	1400
NODE_249_length_94773_cov_955.318123	94773	103081887	1087.67	567	1389
NODE_259_length_92501_cov_831.602417	92501	88363978	955.28	343	1693
NODE_332_length_82777_cov_934.403665	82777	88002846	1063.13	0	1644
NODE_341_length_81844_cov_957.920539	81844	89028582	1087.78	0	1316
NODE_367_length_79618_cov_977.849302	79618	88739860	1114.57	0	1403
NODE_376_length_78356_cov_962.487516	78356	85640868	1092.97	396	1297
NODE_446_length_72323_cov_980.287140	72323	80268602	1109.86	338	1594
NODE_518_length_66649_cov_940.827582	66649	71193990	1068.19	622	1341
NODE_555_length_64787_cov_957.733223	64787	71113389	1097.65	0	1712
NODE_567_length_64393_cov_992.617256	64393	72519938	1126.21	344	1380
NODE_583_length_63660_cov_1004.522962	63660	72354516	1136.58	525	1390
NODE_619_length_61617_cov_978.320750	61617	68015898	1103.85	433	1314
NODE_656_length_59870_cov_949.469581	59870	65363389	1091.76	0	1330
NODE_700_length_57730_cov_1055.919723	57730	64960903	1125.25	406	1346
NODE_833_length_51738_cov_945.784068	51738	55613129	1074.90	0	1294
NODE_1045_length_44926_cov_951.086203	44926	48765329	1085.46	0	3143
NODE_1102_length_43544_cov_963.755248	43544	47882619	1099.64	243	3631
NODE_1130_length_42716_cov_960.150958	42716	46551729	1089.80	0	1276
NODE_1170_length_41665_cov_838.426893	41665	39907689	957.82	408	1428
NODE_1300_length_39119_cov_991.857541	39119	43905763	1122.36	499	1440
NODE_1383_length_37297_cov_965.633505	37297	40931094	1097.44	0	2151
NODE_1441_length_36276_cov_985.774330	36276	40525085	1117.13	203	1334
NODE_1459_length_35748_cov_940.109825	35748	38373946	1073.46	0	1789
NODE_1473_length_35484_cov_962.674617	35484	38904571	1096.40	222	1285
NODE_1633_length_33468_cov_947.945201	33468	36163343	1080.53	593	1278
NODE_1674_length_33030_cov_1024.026475	33030	37752253	1142.97	0	2337
NODE_1700_length_32600_cov_991.238316	32600	36724268	1126.51	350	1313
NODE_1704_length_32548_cov_784.841935	32548	28900524	887.94	0	1095
NODE_1754_length_32001_cov_882.235084	32001	35623462	1113.20	429	3263
NODE_2002_length_28914_cov_505.070134	28914	17029267	588.96	0	1171
NODE_2196_length_27132_cov_987.522473	27132	30371302	1119.39	0	1300
NODE_2442_length_25078_cov_446.316189	25078	13215725	526.98	306	1643
NODE_2709_length_23235_cov_835.937360	23235	21932587	943.95	10	1130
NODE_2797_length_22816_cov_969.218707	22816	25022866	1096.72	452	1249
NODE_3201_length_20267_cov_984.778844	20267	22515979	1110.97	383	1287
NODE_3290_length_19822_cov_343.504528	19822	7660629	386.47	224	518
NODE_3476_length_19013_cov_982.213947	19013	21086202	1109.04	648	1296
NODE_3482_length_18991_cov_970.490970	18991	20901782	1100.62	747	1299
NODE_3631_length_18405_cov_547.567466	18405	11870952	644.99	254	3477
NODE_3655_length_18292_cov_995.267698	18292	20778828	1135.95	795	1385
NODE_3715_length_18055_cov_975.300111	18055	20485539	1134.62	438	1688
NODE_4168_length_16415_cov_980.774511	16415	18351455	1117.97	592	1297
NODE_4552_length_15195_cov_379.528269	15195	6945613	457.10	268	2020
NODE_5015_length_13926_cov_965.018456	13926	15392269	1105.29	846	1301
NODE_5148_length_13613_cov_385.737572	13613	6137114	450.83	295	1630
NODE_5150_length_13609_cov_970.624760	13609	15032237	1104.58	497	1308
NODE_5254_length_13390_cov_962.912711	13390	14624937	1092.23	596	1299
NODE_5420_length_13008_cov_975.445920	13008	14402152	1107.18	699	1724
NODE_5653_length_12543_cov_923.914958	12543	13616917	1085.62	569	8329
NODE_5746_length_12366_cov_804.536106	12366	11364584	919.02	512	1480
NODE_6155_length_11540_cov_529.884893	11540	6095414	528.20	178	1318
NODE_7783_length_9035_cov_1004.988753	9035	10105294	1118.46	577	1381
NODE_8081_length_8665_cov_546.982114	8665	5779669	667.01	184	1343
NODE_9326_length_7342_cov_944.742555	7342	7847261	1068.82	585	1277
NODE_9848_length_6898_cov_749.512348	6898	5933279	860.14	284	1244
NODE_10175_length_6660_cov_931.946556	6660	7005172	1051.83	545	1222
NODE_10327_length_6535_cov_958.884722	6535	7147009	1093.65	0	1277
NODE_10333_length_6533_cov_943.467891	6533	6936946	1061.83	286	1521
NODE_11062_length_6035_cov_264.433278	6035	1857144	307.73	182	456
NODE_11359_length_5845_cov_944.869775	5845	6143693	1051.10	387	1194
NODE_12093_length_5434_cov_963.468303	5434	6042623	1112.00	824	1294
NODE_12419_length_5259_cov_952.603766	5259	5602025	1065.23	354	1277
NODE_12704_length_5134_cov_911.886789	5134	5167708	1006.57	352	1160
NODE_13057_length_4981_cov_1304.592976	4981	7262957	1458.13	642	1647
NODE_13124_length_4952_cov_991.346743	4952	5541960	1119.14	335	1343
NODE_13234_length_4912_cov_528.269920	4912	2928028	596.10	355	810
NODE_13509_length_4792_cov_417.389276	4792	2339368	488.18	139	885
NODE_13565_length_4772_cov_576.442230	4772	3064876	642.26	337	735
NODE_14712_length_4340_cov_1270.434539	4340	7388638	1702.45	869	3876
NODE_15140_length_4203_cov_1189.609209	4203	5555279	1321.74	571	2399
NODE_15192_length_4186_cov_442.215444	4186	2143474	512.06	244	1656
NODE_15264_length_4164_cov_991.943052	4164	4594902	1103.48	467	1229
NODE_15850_length_4012_cov_1005.457670	4012	4467450	1113.52	604	1550
NODE_16768_length_3775_cov_980.646237	3775	4264138	1129.57	310	1496
NODE_18617_length_3394_cov_935.063792	3394	3503447	1032.25	427	1179
NODE_18744_length_3372_cov_938.775399	3372	3551089	1053.11	336	1241
NODE_19207_length_3295_cov_305.722222	3295	1295545	393.19	108	544
NODE_24818_length_2595_cov_600.929921	2595	2041870	786.85	79	995
NODE_36006_length_1847_cov_1400.473772	1847	2882797	1560.80	682	1878
NODE_41541_length_1629_cov_1463.560356	1629	3015323	1851.03	186	2622
NODE_14_length_244418_cov_9.624931	244418	2648873	10.84	0	43
NODE_54_length_165825_cov_9.645436	165825	1798184	10.84	0	108
NODE_67_length_155504_cov_10.606379	155504	1865675	12.00	0	109
NODE_187_length_107923_cov_9.825657	107923	1180706	10.94	1	36
NODE_232_length_98806_cov_9.949226	98806	1094057	11.07	1	32
NODE_258_length_92590_cov_9.604420	92590	1003601	10.84	0	202
NODE_281_length_89284_cov_9.476213	89284	974417	10.91	1	101
NODE_298_length_86613_cov_10.172023	86613	985531	11.38	0	30
NODE_301_length_86087_cov_10.319184	86087	1022851	11.88	0	112
NODE_305_length_85606_cov_9.743627	85606	956043	11.17	0	35
NODE_328_length_83075_cov_9.868441	83075	908469	10.94	1	33
NODE_386_length_77450_cov_10.114633	77450	876683	11.32	0	27
NODE_392_length_76546_cov_10.577284	76546	972725	12.71	1	132
NODE_418_length_74494_cov_10.312175	74494	861380	11.56	2	36
NODE_434_length_73823_cov_10.049168	73823	849463	11.51	0	159
NODE_495_length_68107_cov_10.196467	68107	795940	11.69	0	254
NODE_534_length_66020_cov_10.261624	66020	765687	11.60	0	32
NODE_539_length_65725_cov_9.861581	65725	728536	11.08	0	30
NODE_563_length_64505_cov_10.422188	64505	739398	11.46	2	74
NODE_568_length_64283_cov_10.488619	64283	764438	11.89	1	133
NODE_618_length_61619_cov_9.806315	61619	691940	11.23	2	37
NODE_681_length_58788_cov_9.275842	58788	631682	10.75	1	35
NODE_726_length_56641_cov_9.920811	56641	647566	11.43	0	57
NODE_756_length_55792_cov_10.306493	55792	702894	12.60	2	206
NODE_809_length_52748_cov_8.976411	52748	536258	10.17	1	35
NODE_853_length_50942_cov_9.954448	50942	569978	11.19	1	33
NODE_1004_length_46260_cov_10.318472	46260	538345	11.64	1	30
NODE_1044_length_44941_cov_9.745934	44941	510584	11.36	1	120
NODE_1137_length_42473_cov_10.386723	42473	495368	11.66	2	30
NODE_1177_length_41523_cov_9.812675	41523	456614	11.00	2	65
NODE_1197_length_41192_cov_10.060943	41192	463420	11.25	0	37
NODE_1217_length_40670_cov_9.203349	40670	441193	10.85	1	39
NODE_1225_length_40518_cov_9.472901	40518	435921	10.76	1	24
NODE_1349_length_37964_cov_9.583186	37964	412182	10.86	1	26
NODE_1371_length_37469_cov_10.107928	37469	432661	11.55	2	55
NODE_1381_length_37344_cov_10.430985	37344	429217	11.49	2	26
NODE_1506_length_34897_cov_10.345703	34897	390569	11.19	0	49
NODE_1593_length_33795_cov_10.254653	33795	416541	12.33	2	83
NODE_1594_length_33794_cov_10.131480	33794	387698	11.47	2	24
NODE_1710_length_32485_cov_9.605242	32485	356578	10.98	2	29
NODE_2024_length_28609_cov_10.508545	28609	340901	11.92	0	33
NODE_2200_length_27101_cov_9.656252	27101	295133	10.89	1	25
NODE_2400_length_25404_cov_10.042053	25404	294846	11.61	2	61
NODE_2418_length_25278_cov_9.834595	25278	272750	10.79	0	29
NODE_2422_length_25245_cov_10.213021	25245	289393	11.46	2	37
NODE_2574_length_24088_cov_10.315941	24088	272113	11.30	1	28
NODE_2981_length_21666_cov_9.942159	21666	259762	11.99	3	35
NODE_3372_length_19469_cov_10.925981	19469	245330	12.60	2	60
NODE_3566_length_18661_cov_10.016393	18661	211176	11.32	3	73
NODE_3654_length_18294_cov_10.177806	18294	234665	12.83	1	129
NODE_3675_length_18211_cov_9.275611	18211	196326	10.78	2	32
NODE_3794_length_17759_cov_10.078174	17759	246438	13.88	0	448
NODE_3810_length_17686_cov_9.254155	17686	196832	11.13	0	26
NODE_3894_length_17318_cov_10.291143	17318	213532	12.33	2	208
NODE_3976_length_17046_cov_8.915073	17046	174757	10.25	1	59
NODE_4010_length_16942_cov_10.855036	16942	200696	11.85	0	29
NODE_4074_length_16739_cov_9.269540	16739	178483	10.66	1	67
NODE_5530_length_12761_cov_9.666850	12761	134524	10.54	0	31
NODE_5675_length_12499_cov_9.015590	12499	131742	10.54	1	26
NODE_6307_length_11248_cov_10.131243	11248	127198	11.31	2	50
NODE_6565_length_10787_cov_9.343832	10787	112470	10.43	0	20
NODE_6753_length_10491_cov_8.697298	10491	101853	9.71	0	19
NODE_6766_length_10479_cov_11.165388	10479	131417	12.54	3	26
NODE_6772_length_10474_cov_10.708897	10474	123930	11.83	1	26
NODE_6910_length_10251_cov_9.356022	10251	143830	14.03	0	27
NODE_7652_length_9195_cov_9.648906	9195	111783	12.16	1	63
NODE_7679_length_9161_cov_12.902482	9161	184653	20.16	0	137
NODE_7996_length_8770_cov_9.588181	8770	91739	10.46	1	20
NODE_8013_length_8748_cov_10.125618	8748	103346	11.81	1	120
NODE_8158_length_8577_cov_11.058085	8577	105721	12.33	3	25
NODE_8315_length_8395_cov_8.888729	8395	99249	11.82	2	85
NODE_8357_length_8349_cov_10.789607	8349	101725	12.18	3	40
NODE_8569_length_8106_cov_10.816048	8106	89057	10.99	0	19
NODE_9186_length_7469_cov_9.673860	7469	75185	10.07	1	20
NODE_9360_length_7310_cov_10.127223	7310	79745	10.91	1	23
NODE_10081_length_6716_cov_10.370365	6716	81937	12.20	4	51
NODE_10205_length_6634_cov_18.123575	6634	132817	20.02	0	36
NODE_10225_length_6619_cov_10.059567	6619	74542	11.26	2	19
NODE_10395_length_6491_cov_9.197172	6491	67505	10.40	0	20
NODE_11403_length_5819_cov_10.303088	5819	67534	11.61	1	44
NODE_12885_length_5058_cov_9.484509	5058	66842	13.22	2	116
NODE_13680_length_4724_cov_11.248447	4724	57924	12.26	4	32
NODE_13699_length_4712_cov_8.602749	4712	48018	10.19	1	23
NODE_14963_length_4259_cov_10.679829	4259	55355	13.00	3	23
NODE_15022_length_4239_cov_12.018403	4239	54445	12.84	5	24
NODE_15934_length_3991_cov_56.497967	3991	390684	97.89	31	304
NODE_17234_length_3676_cov_8.443524	3676	39541	10.76	1	27
NODE_17584_length_3597_cov_5.099379	3597	20864	5.80	1	13
NODE_18180_length_3478_cov_4.067193	3478	16143	4.64	1	10
NODE_18795_length_3362_cov_21.002721	3362	77010	22.91	13	33
NODE_20475_length_3101_cov_10.925476	3101	33063	10.66	4	24
NODE_22797_length_2811_cov_2.340711	2811	8769	3.12	0	5
NODE_22860_length_2803_cov_9.634643	2803	56479	20.15	1	83
NODE_26213_length_2470_cov_3.470393	2470	9580	3.88	1	10
NODE_26337_length_2458_cov_9.450687	2458	25926	10.55	2	17
NODE_26506_length_2441_cov_10.903604	2441	34806	14.26	5	67
NODE_30317_length_2159_cov_9.009506	2159	91330	42.30	3	273
NODE_33803_length_1956_cov_8.751184	1956	20097	10.27	0	20
NODE_33833_length_1955_cov_2.561053	1955	31191	15.95	0	475
NODE_34435_length_1923_cov_19.063169	1923	43120	22.42	11	52
NODE_35089_length_1892_cov_7.913990	1892	17757	9.39	0	18
NODE_35149_length_1889_cov_5.681570	1889	14263	7.55	1	14
NODE_35632_length_1866_cov_7.372722	1866	57008	30.55	5	245
NODE_35960_length_1850_cov_2.422841	1850	5512	2.98	1	5
NODE_37899_length_1767_cov_3.601636	1767	7565	4.28	1	8
NODE_38862_length_1728_cov_5.721458	1728	11611	6.72	1	14
NODE_39323_length_1709_cov_33.577993	1709	106741	62.46	13	169
NODE_39427_length_1706_cov_3.502726	1706	6560	3.85	1	10
NODE_40168_length_1678_cov_26.465188	1678	46160	27.51	14	39
NODE_40350_length_1671_cov_21.830446	1671	99307	59.43	10	197
NODE_40351_length_1671_cov_20.594678	1671	39248	23.49	12	36
NODE_42361_length_1600_cov_3.689320	1600	5912	3.69	1	7
NODE_43031_length_1577_cov_3.693167	1577	7133	4.52	1	9
NODE_44435_length_1533_cov_7.987821	1533	15181	9.90	2	20
NODE_45443_length_1504_cov_4.922015	1504	7678	5.11	1	11
NODE_97_length_139688_cov_327.836665	139688	52831408	378.21	0	2908
NODE_174_length_112040_cov_337.620199	112040	43020292	383.97	0	1280
NODE_390_length_76711_cov_329.388137	76711	28689149	373.99	97	689
NODE_734_length_56417_cov_333.964905	56417	22035909	390.59	0	3923
NODE_824_length_52327_cov_334.920416	52327	19821788	378.81	0	474
NODE_837_length_51585_cov_338.194547	51585	19731602	382.51	292	512
NODE_858_length_50797_cov_334.902113	50797	19487288	383.63	85	1506
NODE_893_length_49401_cov_349.140700	49401	19690219	398.58	86	4970
NODE_902_length_49066_cov_341.038012	49066	19079180	388.85	0	2541
NODE_981_length_46957_cov_342.719799	46957	18109266	385.66	255	692
NODE_1213_length_40749_cov_358.189217	40749	17314754	424.91	296	5399
NODE_1219_length_40624_cov_281.295718	40624	13285164	327.03	3	1161
NODE_1322_length_38515_cov_334.417031	38515	15572815	404.33	0	4044
NODE_1343_length_38033_cov_351.978409	38033	15660717	411.77	251	1613
NODE_1387_length_37174_cov_334.613890	37174	14147930	380.59	250	756
NODE_1481_length_35294_cov_336.016346	35294	14370350	407.16	0	5040
NODE_1539_length_34477_cov_328.829557	34477	12946154	375.50	160	808
NODE_1627_length_33524_cov_334.164481	33524	12806904	382.02	280	2237
NODE_1628_length_33507_cov_329.568695	33507	12493795	372.87	296	463
NODE_1637_length_33453_cov_332.816336	33453	12797801	382.56	17	2032
NODE_1640_length_33412_cov_341.188896	33412	13143879	393.39	222	1207
NODE_1688_length_32752_cov_340.736704	32752	13243429	404.35	0	1900
NODE_1695_length_32665_cov_329.295032	32665	12390287	379.31	192	1334
NODE_1714_length_32437_cov_334.140325	32437	12265222	378.12	263	552
NODE_1840_length_30932_cov_333.856722	30932	11666017	377.15	153	469
NODE_1856_length_30625_cov_336.123781	30625	11682067	381.46	295	471
NODE_1863_length_30553_cov_333.677717	30553	11861048	388.21	277	1919
NODE_1894_length_30218_cov_332.767331	30218	11612874	384.30	0	3499
NODE_1911_length_29969_cov_532.765494	29969	21847785	729.01	129	11190
NODE_1916_length_29895_cov_335.424263	29895	11375958	380.53	203	474
NODE_1968_length_29298_cov_350.208529	29298	12195505	416.26	218	5507
NODE_1987_length_29049_cov_331.674691	29049	10923807	376.05	87	451
NODE_2067_length_28287_cov_334.624787	28287	10788403	381.39	242	1690
NODE_2113_length_27949_cov_341.648204	27949	10806384	386.65	135	923
NODE_2185_length_27244_cov_330.914120	27244	10550050	387.24	268	3594
NODE_2201_length_27098_cov_352.346818	27098	10480717	386.77	55	980
NODE_2219_length_26930_cov_329.742512	26930	9991735	371.03	0	665
NODE_2364_length_25654_cov_331.522559	25654	9704624	378.29	216	1482
NODE_2369_length_25613_cov_334.733782	25613	9666298	377.40	171	451
NODE_2473_length_24833_cov_330.809630	24833	9414074	379.10	241	2003
NODE_2516_length_24549_cov_344.327631	24549	9372984	381.81	233	621
NODE_2520_length_24514_cov_328.657100	24514	9142657	372.96	239	461
NODE_2684_length_23414_cov_331.482253	23414	8857091	378.28	293	475
NODE_2807_length_22760_cov_327.849989	22760	8456157	371.54	0	464
NODE_2966_length_21779_cov_330.473946	21779	8183412	375.75	125	467
NODE_3038_length_21348_cov_331.447847	21348	8109980	379.89	97	3329
NODE_3059_length_21212_cov_338.015550	21212	8120229	382.81	275	861
NODE_3070_length_21128_cov_335.283965	21128	8032706	380.19	127	688
NODE_3096_length_20951_cov_336.035605	20951	7952866	379.59	294	485
NODE_3131_length_20741_cov_328.106304	20741	7816728	376.87	122	930
NODE_3219_length_20168_cov_336.656193	20168	7845008	388.98	238	2816
NODE_3277_length_19893_cov_325.964563	19893	7345758	369.26	148	467
NODE_3402_length_19352_cov_383.342178	19352	10472985	541.18	0	9858
NODE_3545_length_18762_cov_331.694125	18762	7056810	376.12	237	447
NODE_3772_length_17850_cov_341.937398	17850	6926494	388.04	87	480
NODE_3806_length_17716_cov_422.970047	17716	7832613	442.12	91	3482
NODE_3948_length_17124_cov_335.639815	17124	6541399	382.00	261	858
NODE_3986_length_17011_cov_328.725112	17011	6303018	370.53	80	450
NODE_4116_length_16598_cov_331.051200	16598	6244025	376.19	207	1224
NODE_4188_length_16345_cov_334.960160	16345	6664302	407.73	116	5228
NODE_4232_length_16178_cov_360.216771	16178	6937415	428.82	246	1655
NODE_4311_length_15895_cov_334.559154	15895	6006049	377.86	297	466
NODE_4317_length_15870_cov_333.756560	15870	5992876	377.62	0	476
NODE_4411_length_15581_cov_327.782494	15581	5778251	370.85	160	471
NODE_4437_length_15476_cov_333.210427	15476	5855038	378.33	10	1078
NODE_4609_length_15049_cov_326.728158	15049	5669038	376.71	0	462
NODE_4743_length_14642_cov_329.889422	14642	5649792	385.86	98	2544
NODE_4754_length_14608_cov_321.156188	14608	5347024	366.03	134	436
NODE_4831_length_14383_cov_325.963079	14383	5287507	367.62	132	456
NODE_4971_length_14023_cov_250.866767	14023	4083372	291.19	110	455
NODE_5080_length_13773_cov_337.343272	13773	6455734	468.72	140	3471
NODE_5232_length_13429_cov_333.253253	13429	5070275	377.56	247	457
NODE_5270_length_13348_cov_332.068908	13348	5014641	375.68	77	480
NODE_5380_length_13093_cov_325.787928	13093	4772594	364.51	252	469
NODE_5389_length_13072_cov_331.641469	13072	4932602	377.34	221	489
NODE_5553_length_12719_cov_335.302116	12719	4910242	386.06	287	796
NODE_5765_length_12296_cov_327.622335	12296	4599478	374.06	209	1077
NODE_5954_length_11934_cov_337.754693	11934	4566665	382.66	254	954
NODE_5976_length_11897_cov_334.073298	11897	4525076	380.35	161	454
NODE_5984_length_11884_cov_336.829656	11884	4734107	398.36	113	2319
NODE_6049_length_11744_cov_345.903157	11744	4836489	411.83	208	813
NODE_6274_length_11308_cov_329.158269	11308	4318437	381.89	131	1175
NODE_6433_length_11026_cov_332.560569	11026	4271411	387.39	296	2316
NODE_6732_length_10522_cov_334.155536	10522	3949888	375.39	223	512
NODE_7126_length_9925_cov_334.754002	9925	3748207	377.65	161	457
NODE_7287_length_9699_cov_345.021257	9699	3988134	411.19	226	2559
NODE_7298_length_9686_cov_319.741460	9686	3517925	363.20	127	784
NODE_7327_length_9645_cov_339.718457	9645	4452093	461.60	127	1035
NODE_7348_length_9620_cov_333.945949	9620	3643686	378.76	131	463
NODE_7538_length_9347_cov_327.087172	9347	3503348	374.81	207	1442
NODE_8746_length_7910_cov_331.306556	7910	2933106	370.81	166	478
NODE_8868_length_7786_cov_342.670806	7786	2962544	380.50	173	760
NODE_8930_length_7719_cov_343.136482	7719	3017860	390.97	318	463
NODE_8975_length_7669_cov_344.354741	7669	2947746	384.37	267	459
NODE_9302_length_7369_cov_336.138502	7369	2830491	384.11	238	1040
NODE_9445_length_7237_cov_333.625313	7237	2697795	372.78	162	466
NODE_9464_length_7220_cov_331.319609	7220	2739691	379.46	283	827
NODE_9633_length_7064_cov_332.416179	7064	2724701	385.72	218	1330
NODE_10222_length_6621_cov_369.352269	6621	2626292	396.66	116	852
NODE_10235_length_6606_cov_324.235842	6606	2428401	367.61	244	437
NODE_10261_length_6583_cov_332.273284	6583	2483009	377.19	288	469
NODE_10268_length_6578_cov_329.695539	6578	2460649	374.07	210	509
NODE_10280_length_6569_cov_310.089807	6569	2319802	353.14	117	423
NODE_10646_length_6336_cov_332.145041	6336	2399024	378.63	179	674
NODE_10752_length_6253_cov_267.942562	6253	1959860	313.43	98	419
NODE_11031_length_6051_cov_313.038359	6051	2408125	397.97	66	2580
NODE_11187_length_5958_cov_440.771472	5958	2931120	491.96	307	583
NODE_11759_length_5611_cov_328.712563	5611	2096878	373.71	142	454
NODE_11855_length_5557_cov_319.650854	5557	2033621	365.96	116	887
NODE_11904_length_5530_cov_329.279087	5530	2097513	379.30	236	870
NODE_12121_length_5420_cov_325.961230	5420	2060191	380.11	303	968
NODE_12134_length_5412_cov_521.947359	5412	3077718	568.68	234	3831
NODE_12252_length_5341_cov_357.785282	5341	2139740	400.63	22	1007
NODE_12284_length_5323_cov_334.104973	5323	1964554	369.07	92	438
NODE_12391_length_5271_cov_308.673121	5271	1480092	280.80	183	508
NODE_12407_length_5265_cov_336.387140	5265	1985004	377.02	284	446
NODE_12488_length_5224_cov_328.094022	5224	1915834	366.74	159	446
NODE_12542_length_5199_cov_336.235809	5199	1974659	379.82	63	441
NODE_12742_length_5124_cov_445.653581	5124	2688960	524.78	194	3250
NODE_13004_length_5005_cov_348.518384	5005	1930098	385.63	167	458
NODE_13154_length_4939_cov_328.129812	4939	1823330	369.17	261	432
NODE_13310_length_4881_cov_310.803771	4881	1716943	351.76	0	425
NODE_13494_length_4799_cov_343.951307	4799	1897890	395.48	0	1367
NODE_14343_length_4468_cov_328.205529	4468	1645415	368.27	193	431
NODE_14371_length_4458_cov_332.589598	4458	1652145	370.60	129	444
NODE_14769_length_4320_cov_329.328019	4320	1611834	373.11	166	449
NODE_15900_length_4000_cov_252.035234	4000	1885414	471.35	115	933
NODE_16600_length_3821_cov_326.706320	3821	1581255	413.83	199	1790
NODE_16907_length_3745_cov_327.875881	3745	1367856	365.25	194	429
NODE_17172_length_3689_cov_351.958998	3689	1498467	406.20	137	2134
NODE_17213_length_3680_cov_328.204966	3680	1431931	389.11	266	651
NODE_17593_length_3595_cov_343.312712	3595	1384664	385.16	278	512
NODE_17859_length_3537_cov_330.460080	3537	1340452	378.98	244	1042
NODE_18978_length_3332_cov_263.631980	3332	566974	170.16	34	302
NODE_19742_length_3209_cov_334.249841	3209	1205488	375.66	178	443
NODE_21308_length_2984_cov_649.573233	2984	1579860	529.44	39	2668
NODE_22293_length_2867_cov_336.529872	2867	1445688	504.25	249	2650
NODE_22641_length_2829_cov_328.829128	2829	1048479	370.62	250	476
NODE_23052_length_2780_cov_325.689541	2780	1006570	362.08	268	432
NODE_23067_length_2778_cov_320.725303	2778	1017784	366.37	143	431
NODE_23508_length_2729_cov_336.780105	2729	1020558	373.97	295	449
NODE_23579_length_2721_cov_344.500750	2721	1044998	384.05	200	433
NODE_24098_length_2669_cov_335.524101	2669	1000330	374.80	143	541
NODE_24149_length_2664_cov_315.401686	2664	944159	354.41	260	404
NODE_25844_length_2501_cov_349.905969	2501	1115157	445.88	321	2882
NODE_26503_length_2441_cov_336.858340	2441	908659	372.25	119	438
NODE_27839_length_2333_cov_339.795874	2333	882325	378.19	228	569
NODE_31677_length_2075_cov_345.052970	2075	805282	388.09	331	482
NODE_40764_length_1655_cov_320.388750	1655	587086	354.73	151	430
NODE_438_length_73486_cov_8.516757	73486	1353437	18.42	0	709
NODE_875_length_50221_cov_9.074812	50221	657842	13.10	1	656
NODE_1159_length_41931_cov_8.485385	41931	457433	10.91	0	137
NODE_1203_length_40984_cov_63.449095	40984	3921472	95.68	23	754
NODE_1308_length_38883_cov_9.204826	38883	458066	11.78	0	222
NODE_1698_length_32611_cov_9.312631	32611	486072	14.91	2	300
NODE_1768_length_31782_cov_8.928105	31782	526648	16.57	0	357
NODE_1837_length_30967_cov_8.574631	30967	903169	29.17	0	762
NODE_1842_length_30863_cov_9.243411	30863	536445	17.38	2	462
NODE_1930_length_29797_cov_9.403672	29797	341644	11.47	1	65
NODE_1975_length_29223_cov_8.615538	29223	784928	26.86	2	807
NODE_2022_length_28612_cov_8.361663	28612	518287	18.11	1	542
NODE_2137_length_27696_cov_9.317391	27696	705810	25.48	2	511
NODE_2140_length_27670_cov_8.994532	27670	416959	15.07	1	545
NODE_2177_length_27316_cov_8.502806	27316	754130	27.61	2	604
NODE_2252_length_26640_cov_8.702539	26640	606492	22.77	0	554
NODE_2281_length_26405_cov_8.765123	26405	288105	10.91	0	26
NODE_2323_length_26025_cov_8.863766	26025	469500	18.04	0	340
NODE_2324_length_26019_cov_8.484324	26019	279745	10.75	0	29
NODE_2402_length_25388_cov_8.759957	25388	346505	13.65	2	322
NODE_2462_length_24917_cov_8.595125	24917	763374	30.64	2	683
NODE_2468_length_24874_cov_8.432733	24874	672849	27.05	0	1197
NODE_2479_length_24782_cov_8.881789	24782	711218	28.70	1	653
NODE_2481_length_24770_cov_7.989035	24770	288282	11.64	2	233
NODE_2603_length_23932_cov_7.582025	23932	436099	18.22	0	484
NODE_2931_length_22009_cov_8.524187	22009	625428	28.42	0	884
NODE_2938_length_21971_cov_8.445793	21971	276577	12.59	1	236
NODE_2987_length_21648_cov_8.625897	21648	288665	13.33	1	50
NODE_2994_length_21614_cov_8.387263	21614	630263	29.16	0	692
NODE_3044_length_21318_cov_9.234915	21318	261324	12.26	0	104
NODE_3094_length_20959_cov_8.336251	20959	224461	10.71	2	49
NODE_3129_length_20746_cov_8.001692	20746	2259202	108.90	0	3846
NODE_3263_length_19978_cov_7.788586	19978	488009	24.43	0	749
NODE_3306_length_19736_cov_8.868350	19736	217027	11.00	0	65
NODE_3380_length_19430_cov_8.623639	19430	454745	23.40	3	425
NODE_3447_length_19104_cov_8.248727	19104	264353	13.84	0	397
NODE_3456_length_19063_cov_8.884575	19063	353448	18.54	0	401
NODE_3460_length_19053_cov_8.984314	19053	322268	16.91	0	373
NODE_3461_length_19052_cov_9.620203	19052	605825	31.80	2	850
NODE_3634_length_18392_cov_8.790969	18392	320853	17.45	2	922
NODE_3704_length_18086_cov_8.804559	18086	178784	9.89	2	44
NODE_3709_length_18074_cov_8.892003	18074	278072	15.39	2	309
NODE_3752_length_17948_cov_9.393953	17948	340372	18.96	2	608
NODE_3781_length_17808_cov_7.926548	17808	504840	28.35	0	909
NODE_3799_length_17730_cov_8.399038	17730	206310	11.64	1	151
NODE_3826_length_17632_cov_10.781646	17632	414831	23.53	2	686
NODE_3896_length_17309_cov_7.961574	17309	312843	18.07	2	443
NODE_3918_length_17237_cov_8.508148	17237	175615	10.19	1	24
NODE_3952_length_17116_cov_8.819940	17116	366577	21.42	1	399
NODE_4004_length_16966_cov_8.774762	16966	220146	12.98	1	456
NODE_4019_length_16907_cov_8.437159	16907	193413	11.44	2	67
NODE_4081_length_16731_cov_8.134445	16731	160852	9.61	1	29
NODE_4111_length_16607_cov_9.699795	16607	301435	18.15	0	494
NODE_4174_length_16391_cov_9.508570	16391	207508	12.66	2	209
NODE_4261_length_16075_cov_8.800375	16075	434584	27.03	0	687
NODE_4269_length_16058_cov_9.047179	16058	634976	39.54	0	640
NODE_4272_length_16045_cov_8.892433	16045	177440	11.06	2	119
NODE_4315_length_15884_cov_5.678438	15884	135885	8.55	1	390
NODE_4391_length_15637_cov_7.968618	15637	229888	14.70	0	320
NODE_4406_length_15601_cov_9.209700	15601	237351	15.21	1	315
NODE_4415_length_15575_cov_7.800838	15575	154112	9.89	1	25
NODE_4499_length_15314_cov_9.383577	15314	479341	31.30	2	715
NODE_4547_length_15202_cov_8.351753	15202	251590	16.55	3	217
NODE_4620_length_15028_cov_8.980431	15028	456559	30.38	0	465
NODE_4639_length_14944_cov_8.807173	14944	158735	10.62	2	38
NODE_4666_length_14877_cov_8.281676	14877	159650	10.73	1	147
NODE_4728_length_14680_cov_8.902017	14680	375747	25.60	0	540
NODE_4730_length_14678_cov_6.075566	14678	673027	45.85	1	958
NODE_4793_length_14506_cov_8.231333	14506	167123	11.52	2	244
NODE_4996_length_13960_cov_9.179360	13960	154276	11.05	2	27
NODE_5043_length_13848_cov_9.353223	13848	723956	52.28	3	1084
NODE_5061_length_13823_cov_9.285808	13823	152655	11.04	1	26
NODE_5063_length_13812_cov_8.498801	13812	147776	10.70	1	34
NODE_5102_length_13738_cov_9.022290	13738	163644	11.91	1	88
NODE_5156_length_13598_cov_7.332496	13598	135534	9.97	1	28
NODE_5297_length_13294_cov_8.906035	13294	220576	16.59	3	214
NODE_5303_length_13289_cov_8.394287	13289	242462	18.25	3	667
NODE_5312_length_13261_cov_9.377707	13261	347142	26.18	1	498
NODE_5355_length_13143_cov_9.024526	13143	165984	12.63	3	58
NODE_5416_length_13017_cov_8.570822	13017	157581	12.11	2	58
NODE_5563_length_12704_cov_7.746462	12704	128412	10.11	1	32
NODE_5679_length_12489_cov_8.869310	12489	245203	19.63	1	318
NODE_5680_length_12485_cov_8.493966	12485	130346	10.44	1	21
NODE_5684_length_12482_cov_7.788364	12482	231056	18.51	2	641
NODE_5738_length_12381_cov_8.486533	12381	168613	13.62	2	60
NODE_5759_length_12306_cov_9.045547	12306	471220	38.29	4	551
NODE_5762_length_12302_cov_8.564955	12302	735749	59.81	2	715
NODE_5764_length_12299_cov_8.166694	12299	127426	10.36	0	35
NODE_5777_length_12283_cov_8.600671	12283	163395	13.30	1	259
NODE_5923_length_11985_cov_8.270411	11985	135798	11.33	0	137
NODE_5936_length_11965_cov_9.103862	11965	326322	27.27	3	876
NODE_5961_length_11922_cov_7.690992	11922	113583	9.53	1	25
NODE_6000_length_11849_cov_8.708920	11849	251912	21.26	0	717
NODE_6017_length_11817_cov_8.864479	11817	147196	12.46	3	129
NODE_6034_length_11786_cov_8.321371	11786	192079	16.30	0	187
NODE_6121_length_11609_cov_8.318678	11609	323726	27.89	2	467
NODE_6131_length_11591_cov_7.995059	11591	120644	10.41	0	144
NODE_6182_length_11484_cov_8.795958	11484	122908	10.70	3	52
NODE_6187_length_11470_cov_9.606307	11470	284733	24.82	2	513
NODE_6189_length_11469_cov_164.446557	11469	2230711	194.50	112	350
NODE_6247_length_11368_cov_8.133210	11368	444388	39.09	1	621
NODE_6275_length_11306_cov_8.050929	11306	157263	13.91	0	361
NODE_6294_length_11269_cov_8.989567	11269	171494	15.22	3	390
NODE_6323_length_11221_cov_8.089826	11221	189854	16.92	1	408
NODE_6342_length_11184_cov_7.847066	11184	216165	19.33	1	394
NODE_6378_length_11126_cov_6.999819	11126	103979	9.35	1	23
NODE_6395_length_11096_cov_8.316910	11096	427807	38.56	2	531
NODE_6400_length_11094_cov_8.515989	11094	305004	27.49	3	366
NODE_6463_length_10976_cov_7.962641	10976	277273	25.26	1	547
NODE_6566_length_10786_cov_9.430994	10786	129372	11.99	2	72
NODE_6568_length_10781_cov_9.174995	10781	360636	33.45	3	603
NODE_6641_length_10685_cov_7.880056	10685	111371	10.42	1	46
NODE_6698_length_10579_cov_8.016154	10579	164212	15.52	1	417
NODE_6819_length_10413_cov_9.895250	10413	243477	23.38	3	464
NODE_6828_length_10391_cov_9.161184	10391	119749	11.52	1	90
NODE_6891_length_10285_cov_8.386608	10285	139181	13.53	2	131
NODE_6924_length_10227_cov_8.676465	10227	221486	21.66	0	369
NODE_6945_length_10193_cov_8.657428	10193	242234	23.76	1	403
NODE_7053_length_10026_cov_9.127470	10026	407276	40.62	2	723
NODE_7120_length_9933_cov_8.502531	9933	106475	10.72	2	61
NODE_7165_length_9877_cov_9.692323	9877	123913	12.55	3	170
NODE_7166_length_9875_cov_10.430041	9875	278047	28.16	3	354
NODE_7167_length_9875_cov_8.176782	9875	105049	10.64	1	76
NODE_7192_length_9838_cov_34.023408	9838	369971	37.61	23	112
NODE_7278_length_9712_cov_8.862794	9712	152985	15.75	2	162
NODE_7295_length_9691_cov_9.147053	9691	236883	24.44	1	364
NODE_7296_length_9690_cov_7.732330	9690	101314	10.46	1	39
NODE_7361_length_9609_cov_7.966192	9609	96717	10.07	1	21
NODE_7478_length_9438_cov_8.455398	9438	264219	28.00	4	494
NODE_7482_length_9435_cov_9.277292	9435	120904	12.81	3	71
NODE_7555_length_9319_cov_8.227979	9319	117842	12.65	2	492
NODE_7594_length_9271_cov_8.681098	9271	114135	12.31	2	128
NODE_7634_length_9224_cov_8.915258	9224	99769	10.82	2	43
NODE_7682_length_9157_cov_8.621951	9157	109694	11.98	2	207
NODE_7704_length_9126_cov_8.201521	9126	101076	11.08	3	32
NODE_7853_length_8944_cov_7.751828	8944	85781	9.59	0	38
NODE_7887_length_8908_cov_7.939569	8908	93502	10.50	0	38
NODE_7889_length_8904_cov_8.181263	8904	84662	9.51	1	31
NODE_7903_length_8884_cov_8.649904	8884	92666	10.43	2	22
NODE_7940_length_8832_cov_8.671528	8832	175357	19.85	1	424
NODE_7981_length_8787_cov_8.591159	8787	141179	16.07	2	315
NODE_8029_length_8722_cov_7.668282	8722	93044	10.67	0	157
NODE_8031_length_8720_cov_8.035661	8720	198553	22.77	2	223
NODE_8057_length_8686_cov_8.429035	8686	89549	10.31	2	31
NODE_8100_length_8644_cov_8.516358	8644	266721	30.86	1	517
NODE_8212_length_8509_cov_6.558907	8509	73175	8.60	0	28
NODE_8415_length_8286_cov_9.586563	8286	147159	17.76	2	306
NODE_8433_length_8262_cov_7.934568	8262	100548	12.17	1	284
NODE_8469_length_8213_cov_9.251165	8213	250277	30.47	3	292
NODE_8486_length_8197_cov_9.554778	8197	98837	12.06	1	49
NODE_8527_length_8150_cov_8.261272	8150	82629	10.14	2	24
NODE_8554_length_8129_cov_8.452688	8129	88191	10.85	1	105
NODE_8599_length_8073_cov_8.947119	8073	90758	11.24	3	27
NODE_8760_length_7894_cov_8.238934	7894	107457	13.61	1	162
NODE_8802_length_7844_cov_6.196046	7844	78603	10.02	1	65
NODE_8834_length_7811_cov_9.098891	7811	95919	12.28	1	103
NODE_8863_length_7788_cov_7.357688	7788	128668	16.52	1	339
NODE_8911_length_7738_cov_7.833529	7738	185898	24.02	0	619
NODE_8982_length_7661_cov_8.709045	7661	130262	17.00	5	153
NODE_9021_length_7622_cov_6.453813	7622	712194	93.44	1	4552
NODE_9089_length_7552_cov_9.567160	7552	98153	13.00	3	48
NODE_9099_length_7546_cov_9.277533	7546	128780	17.07	0	226
NODE_9163_length_7488_cov_9.448271	7488	83582	11.16	1	19
NODE_9323_length_7344_cov_8.527782	7344	672599	91.58	3	630
NODE_9393_length_7286_cov_8.718296	7286	97510	13.38	3	236
NODE_9407_length_7275_cov_8.405679	7275	108470	14.91	3	182
NODE_9417_length_7267_cov_8.513450	7267	95853	13.19	3	228
NODE_9442_length_7240_cov_7.886291	7240	67006	9.25	1	20
NODE_9471_length_7213_cov_9.279687	7213	78964	10.95	0	23
NODE_9518_length_7168_cov_8.448756	7168	198433	27.68	3	331
NODE_9572_length_7114_cov_8.540586	7114	73225	10.29	3	38
NODE_9604_length_7091_cov_8.004832	7091	81101	11.44	0	92
NODE_9667_length_7044_cov_9.008299	7044	322689	45.81	1	465
NODE_9784_length_6944_cov_7.899550	6944	178295	25.68	3	533
NODE_9944_length_6820_cov_8.779157	6820	111630	16.37	3	291
NODE_9949_length_6818_cov_8.604465	6818	67460	9.89	1	21
NODE_9988_length_6790_cov_9.845137	6790	171969	25.33	3	986
NODE_9999_length_6776_cov_7.945097	6776	177017	26.12	1	436
NODE_10147_length_6678_cov_7.709648	6678	61636	9.23	0	19
NODE_10182_length_6655_cov_8.231970	6655	106389	15.99	1	254
NODE_10197_length_6641_cov_7.327513	6641	77476	11.67	2	114
NODE_10214_length_6626_cov_8.556993	6626	75602	11.41	1	36
NODE_10226_length_6619_cov_5.151584	6619	38741	5.85	1	13
NODE_10234_length_6608_cov_9.664123	6608	262334	39.70	0	522
NODE_10258_length_6587_cov_9.363595	6587	67859	10.30	0	19
NODE_10270_length_6577_cov_7.153481	6577	58156	8.84	2	33
NODE_10426_length_6475_cov_8.305919	6475	143139	22.11	1	469
NODE_10442_length_6469_cov_8.975055	6469	82527	12.76	0	140
NODE_10474_length_6451_cov_7.538305	6451	175704	27.24	2	280
NODE_10612_length_6357_cov_6.322279	6357	54783	8.62	1	21
NODE_10630_length_6349_cov_8.547664	6349	207347	32.66	0	351
NODE_10639_length_6342_cov_7.829808	6342	87860	13.85	1	181
NODE_10669_length_6313_cov_7.844998	6313	85058	13.47	1	267
NODE_10771_length_6241_cov_9.083737	6241	265941	42.61	3	634
NODE_10997_length_6083_cov_6.250166	6083	43916	7.22	1	19
NODE_11203_length_5947_cov_7.736253	5947	57066	9.60	0	21
NODE_11241_length_5921_cov_8.149506	5921	84214	14.22	3	61
NODE_11405_length_5819_cov_9.163949	5819	67267	11.56	2	50
NODE_11449_length_5786_cov_9.700052	5786	70489	12.18	2	173
NODE_11479_length_5770_cov_8.988626	5770	321806	55.77	1	525
NODE_11506_length_5757_cov_7.770607	5757	50535	8.78	1	24
NODE_11509_length_5755_cov_9.077719	5755	64465	11.20	3	30
NODE_11646_length_5676_cov_7.795588	5676	59054	10.40	1	31
NODE_11808_length_5582_cov_10.088475	5582	224527	40.22	2	612
NODE_11854_length_5558_cov_8.560967	5558	103720	18.66	1	38
NODE_11885_length_5543_cov_8.326166	5543	146114	26.36	2	560
NODE_12048_length_5457_cov_8.134024	5457	340357	62.37	0	752
NODE_12073_length_5444_cov_8.830766	5444	118147	21.70	1	305
NODE_12174_length_5390_cov_8.897470	5390	55649	10.32	1	21
NODE_12184_length_5384_cov_10.125352	5384	135745	25.21	3	242
NODE_12399_length_5268_cov_9.294840	5268	111390	21.14	3	213
NODE_12564_length_5192_cov_8.189215	5192	50511	9.73	1	20
NODE_12587_length_5181_cov_9.790480	5181	783593	151.24	2	1071
NODE_12623_length_5166_cov_10.741538	5166	59037	11.43	3	22
NODE_12654_length_5152_cov_9.035511	5152	55803	10.83	3	23
NODE_12743_length_5124_cov_7.693036	5124	536836	104.77	1	1059
NODE_12908_length_5046_cov_8.201563	5046	62807	12.45	3	37
NODE_12945_length_5030_cov_8.722211	5030	61460	12.22	0	43
NODE_12962_length_5022_cov_8.193678	5022	112883	22.48	1	340
NODE_13035_length_4991_cov_8.991896	4991	55804	11.18	1	23
NODE_13045_length_4987_cov_8.321573	4987	54853	11.00	1	34
NODE_13090_length_4967_cov_7.493282	4967	113099	22.77	3	448
NODE_13189_length_4928_cov_7.156782	4928	46462	9.43	2	18
NODE_13251_length_4904_cov_7.589194	4904	43873	8.95	2	19
NODE_13298_length_4884_cov_8.335473	4884	58946	12.07	2	62
NODE_13430_length_4829_cov_8.547340	4829	47029	9.74	2	19
NODE_13446_length_4818_cov_7.262650	4818	182420	37.86	2	230
NODE_13457_length_4813_cov_9.195881	4813	84424	17.54	3	108
NODE_13461_length_4812_cov_8.429052	4812	54414	11.31	0	31
NODE_13871_length_4650_cov_7.791948	4650	50972	10.96	1	60
NODE_13876_length_4648_cov_8.744176	4648	45981	9.89	1	18
NODE_13885_length_4643_cov_8.552964	4643	48154	10.37	2	27
NODE_14051_length_4581_cov_8.134335	4581	47152	10.29	3	22
NODE_14150_length_4540_cov_8.400669	4540	46657	10.28	1	37
NODE_14272_length_4495_cov_7.217117	4495	50683	11.28	3	27
NODE_14296_length_4486_cov_8.911081	4486	94897	21.15	3	172
NODE_14349_length_4466_cov_8.133983	4466	1007143	225.51	4	823
NODE_14404_length_4448_cov_7.868655	4448	253431	56.98	3	901
NODE_14469_length_4424_cov_10.190204	4424	80223	18.13	4	114
NODE_14569_length_4389_cov_7.847946	4389	41224	9.39	1	18
NODE_14655_length_4359_cov_6.827835	4359	35752	8.20	1	18
NODE_14733_length_4333_cov_8.843852	4333	127151	29.34	4	436
NODE_14748_length_4327_cov_9.930009	4327	178619	41.28	2	520
NODE_14778_length_4318_cov_9.691297	4318	186340	43.15	2	445
NODE_14807_length_4307_cov_10.444026	4307	50266	11.67	2	37
NODE_14845_length_4293_cov_8.735017	4293	49239	11.47	3	31
NODE_14888_length_4281_cov_6.572646	4281	32415	7.57	1	24
NODE_15134_length_4206_cov_4.222356	4206	470749	111.92	0	581
NODE_15159_length_4196_cov_8.877807	4196	75687	18.04	4	127
NODE_15173_length_4193_cov_9.000242	4193	44534	10.62	0	29
NODE_15331_length_4149_cov_8.657059	4149	43059	10.38	4	17
NODE_15348_length_4145_cov_7.950856	4145	498744	120.32	3	2670
NODE_15468_length_4119_cov_8.760827	4119	218817	53.12	3	582
NODE_15477_length_4116_cov_9.827136	4116	67907	16.50	3	100
NODE_15479_length_4115_cov_8.065271	4115	39791	9.67	3	20
NODE_15522_length_4103_cov_7.551136	4103	88961	21.68	2	331
NODE_15615_length_4071_cov_7.968625	4071	42583	10.46	3	29
NODE_15674_length_4054_cov_8.549887	4054	47083	11.61	2	55
NODE_15706_length_4046_cov_7.957655	4046	49067	12.13	3	182
NODE_15810_length_4023_cov_9.429688	4023	47992	11.93	0	29
NODE_15887_length_4003_cov_50.592705	4003	243622	60.86	36	331
NODE_16031_length_3965_cov_9.605371	3965	74351	18.75	4	46
NODE_16081_length_3951_cov_7.479209	3951	146506	37.08	2	351
NODE_16112_length_3942_cov_6.655004	3942	42666	10.82	0	86
NODE_16226_length_3912_cov_7.994037	3912	38350	9.80	0	149
NODE_16272_length_3900_cov_6.767490	3900	161375	41.38	3	429
NODE_16292_length_3897_cov_9.396148	3897	42769	10.97	3	22
NODE_16361_length_3881_cov_7.851803	3881	45134	11.63	1	33
NODE_16407_length_3869_cov_7.108285	3869	362984	93.82	2	806
NODE_16486_length_3849_cov_8.855298	3849	254068	66.01	0	599
NODE_16557_length_3832_cov_8.787927	3832	421568	110.01	2	351
NODE_16623_length_3816_cov_9.303643	3816	40901	10.72	1	21
NODE_16770_length_3775_cov_7.674194	3775	139950	37.07	3	426
NODE_16971_length_3734_cov_10.874422	3734	46789	12.53	0	26
NODE_17068_length_3715_cov_11.074044	3715	103223	27.79	2	285
NODE_17092_length_3708_cov_5.932111	3708	31079	8.38	1	19
NODE_17096_length_3707_cov_8.451260	3707	35884	9.68	1	18
NODE_17607_length_3593_cov_4.897400	3593	19711	5.49	1	12
NODE_17882_length_3533_cov_8.728580	3533	40626	11.50	4	28
NODE_18046_length_3504_cov_3.160916	3504	14449	4.12	1	10
NODE_18204_length_3472_cov_11.319579	3472	64981	18.72	3	455
NODE_18393_length_3435_cov_7.901775	3435	46732	13.60	1	111
NODE_18410_length_3431_cov_9.390699	3431	38818	11.31	3	23
NODE_18618_length_3394_cov_8.118598	3394	35554	10.48	4	58
NODE_18682_length_3383_cov_6.823618	3383	35047	10.36	0	24
NODE_18916_length_3343_cov_8.417275	3343	50246	15.03	1	158
NODE_18925_length_3342_cov_8.379982	3342	35160	10.52	3	20
NODE_18948_length_3338_cov_2.664331	3338	13306	3.99	1	10
NODE_18951_length_3337_cov_9.779403	3337	36035	10.80	3	41
NODE_19153_length_3305_cov_8.450462	3305	31929	9.66	2	21
NODE_19177_length_3301_cov_10.102896	3301	46186	13.99	1	86
NODE_19374_length_3267_cov_18.551681	3267	50061	15.32	2	29
NODE_19880_length_3185_cov_9.125240	3185	36506	11.46	4	21
NODE_20051_length_3159_cov_9.403028	3159	40078	12.69	2	39
NODE_20294_length_3125_cov_8.362215	3125	43033	13.77	3	135
NODE_20319_length_3122_cov_10.394522	3122	82456	26.41	2	203
NODE_20474_length_3101_cov_26.473408	3101	109814	35.41	19	49
NODE_20571_length_3087_cov_8.878298	3087	33610	10.89	4	19
NODE_20575_length_3087_cov_4.205805	3087	16057	5.20	1	12
NODE_20627_length_3076_cov_8.335650	3076	159858	51.97	1	560
NODE_20745_length_3062_cov_3.390422	3062	13124	4.29	1	14
NODE_20951_length_3034_cov_9.758980	3034	64614	21.30	4	205
NODE_21004_length_3026_cov_8.001346	3026	38333	12.67	3	99
NODE_21255_length_2990_cov_8.003748	2990	32244	10.78	2	52
NODE_21759_length_2927_cov_2.728412	2927	9374	3.20	1	18
NODE_21762_length_2926_cov_5.794148	2926	22352	7.64	1	32
NODE_21798_length_2922_cov_10.251134	2922	34575	11.83	1	31
NODE_21862_length_2915_cov_9.383916	2915	46805	16.06	3	130
NODE_22004_length_2898_cov_7.509321	2898	35101	12.11	1	39
NODE_22018_length_2896_cov_8.497712	2896	50282	17.36	3	104
NODE_22320_length_2864_cov_8.691705	2864	49030	17.12	4	180
NODE_22446_length_2851_cov_5.041130	2851	98081	34.40	2	189
NODE_22524_length_2843_cov_5.394189	2843	31515	11.09	1	114
NODE_22931_length_2794_cov_6.620664	2794	154711	55.37	4	468
NODE_22932_length_2794_cov_5.795911	2794	20829	7.45	1	16
NODE_23077_length_2777_cov_7.768920	2777	27648	9.96	3	25
NODE_23116_length_2772_cov_7.880751	2772	477047	172.09	1	1179
NODE_23158_length_2767_cov_8.436209	2767	58587	21.17	4	167
NODE_23251_length_2758_cov_6.115427	2758	30346	11.00	2	61
NODE_23311_length_2751_cov_10.054525	2751	37671	13.69	1	25
NODE_23363_length_2745_cov_4.788476	2745	61108	22.26	2	223
NODE_23479_length_2732_cov_12.470303	2732	95988	35.13	1	374
NODE_24273_length_2653_cov_5.148961	2653	34151	12.87	1	38
NODE_24537_length_2623_cov_10.070093	2623	137760	52.52	5	530
NODE_24796_length_2597_cov_7.765539	2597	74656	28.75	1	438
NODE_25117_length_2567_cov_11.044984	2567	110887	43.20	2	532
NODE_25361_length_2544_cov_7.909602	2544	79664	31.31	5	252
NODE_25767_length_2509_cov_16.349226	2509	86209	34.36	11	199
NODE_25956_length_2493_cov_7.677605	2493	57364	23.01	1	55
NODE_26040_length_2485_cov_8.552675	2485	23474	9.45	1	19
NODE_26168_length_2474_cov_3.692021	2474	10437	4.22	1	9
NODE_26535_length_2438_cov_3.500210	2438	20806	8.53	1	19
NODE_26660_length_2426_cov_4.738507	2426	150558	62.06	1	587
NODE_26668_length_2425_cov_10.894515	2425	127698	52.66	3	266
NODE_26773_length_2417_cov_3.888654	2417	14205	5.88	1	48
NODE_27090_length_2391_cov_9.151969	2391	31077	13.00	3	41
NODE_27282_length_2374_cov_9.508409	2374	27847	11.73	1	24
NODE_27381_length_2367_cov_7.834343	2367	33277	14.06	1	100
NODE_27867_length_2331_cov_7.657293	2331	51624	22.15	1	426
NODE_28227_length_2303_cov_163.268238	2303	474679	206.11	78	573
NODE_28534_length_2280_cov_39.930787	2280	115085	50.48	22	112
NODE_29068_length_2241_cov_2.819762	2241	7991	3.57	1	9
NODE_29327_length_2224_cov_2.861226	2224	8724	3.92	1	10
NODE_29438_length_2214_cov_11.210746	2214	60550	27.35	1	290
NODE_29501_length_2210_cov_7.239443	2210	65249	29.52	1	351
NODE_29666_length_2199_cov_10.074627	2199	63105	28.70	6	50
NODE_29741_length_2194_cov_7.496961	2194	21695	9.89	2	20
NODE_30030_length_2176_cov_2.616219	2176	9783	4.50	1	10
NODE_30125_length_2171_cov_2.861059	2171	6679	3.08	1	6
NODE_30381_length_2155_cov_8.554286	2155	21837	10.13	2	17
NODE_30623_length_2140_cov_10.373141	2140	25399	11.87	2	23
NODE_30743_length_2133_cov_3.424928	2133	8114	3.80	1	17
NODE_31397_length_2090_cov_10.022604	2090	22895	10.95	2	37
NODE_31972_length_2058_cov_6.781328	2058	19859	9.65	1	18
NODE_32202_length_2047_cov_3.077309	2047	8821	4.31	1	20
NODE_32565_length_2025_cov_7.311675	2025	27195	13.43	1	34
NODE_32840_length_2010_cov_4.024552	2010	26087	12.98	2	25
NODE_32881_length_2007_cov_10.108607	2007	34402	17.14	5	143
NODE_33609_length_1966_cov_6.274202	1966	50194	25.53	1	247
NODE_33887_length_1951_cov_32.240506	1951	78521	40.25	13	54
NODE_34028_length_1943_cov_5.618644	1943	16593	8.54	3	17
NODE_36106_length_1842_cov_8.172916	1842	21114	11.46	3	20
NODE_36169_length_1839_cov_11.418722	1839	42382	23.05	4	161
NODE_36214_length_1838_cov_2.412227	1838	4937	2.69	1	6
NODE_36239_length_1836_cov_8.242560	1836	19525	10.63	4	21
NODE_36285_length_1835_cov_2.692135	1835	7429	4.05	1	9
NODE_36524_length_1824_cov_8.488412	1824	19264	10.56	0	22
NODE_36773_length_1814_cov_10.924957	1814	23361	12.88	1	32
NODE_36884_length_1809_cov_9.450399	1809	19776	10.93	3	17
NODE_36935_length_1808_cov_2.470622	1808	7711	4.26	2	8
NODE_36939_length_1807_cov_8.843607	1807	21015	11.63	3	22
NODE_36951_length_1807_cov_2.804795	1807	11600	6.42	1	35
NODE_37314_length_1790_cov_7.899712	1790	23748	13.27	1	25
NODE_37525_length_1782_cov_17.283729	1782	372661	209.13	11	604
NODE_37781_length_1771_cov_8.394522	1771	296090	167.19	2	916
NODE_37835_length_1769_cov_9.033839	1769	221708	125.33	3	1016
NODE_38292_length_1751_cov_11.064269	1751	100870	57.61	6	210
NODE_38530_length_1742_cov_2.848251	1742	5660	3.25	1	7
NODE_39212_length_1714_cov_4.780591	1714	13676	7.98	1	62
NODE_39607_length_1699_cov_7.083942	1699	12688	7.47	3	12
NODE_40379_length_1670_cov_8.295356	1670	33447	20.03	2	50
NODE_40787_length_1655_cov_2.978125	1655	5885	3.56	1	7
NODE_41448_length_1633_cov_3.070976	1633	6985	4.28	1	8
NODE_41598_length_1627_cov_9.683842	1627	26712	16.42	5	28
NODE_41877_length_1616_cov_6.536835	1616	15266	9.45	2	18
NODE_42070_length_1609_cov_7.350064	1609	65494	40.70	3	87
NODE_42262_length_1603_cov_4.315245	1603	7532	4.70	1	16
NODE_42423_length_1598_cov_3.721322	1598	9308	5.82	1	13
NODE_42637_length_1590_cov_18.943322	1590	51816	32.59	10	355
NODE_42779_length_1586_cov_2.156107	1586	5140	3.24	1	7
NODE_42818_length_1584_cov_2.779595	1584	10032	6.33	1	110
NODE_42894_length_1581_cov_8.448886	1581	15165	9.59	1	21
NODE_42956_length_1579_cov_9.759186	1579	13461	8.53	1	21
NODE_45182_length_1512_cov_6.675360	1512	483739	319.93	1	644
NODE_45501_length_1502_cov_7.270214	1502	18953	12.62	3	71
NODE_4_length_380160_cov_317.586719	380160	143295087	376.93	0	6557
NODE_6_length_315668_cov_325.304740	315668	115831995	366.94	103	554
NODE_13_length_249954_cov_311.716345	249954	88326488	353.37	0	765
NODE_23_length_219780_cov_328.776038	219780	82868177	377.05	102	2544
NODE_28_length_202174_cov_316.413969	202174	72394615	358.08	0	663
NODE_39_length_177918_cov_311.852055	177918	62905987	353.57	115	467
NODE_45_length_175928_cov_315.079899	175928	63099013	358.66	0	1453
NODE_64_length_156419_cov_318.360882	156419	56460519	360.96	0	789
NODE_72_length_152567_cov_318.877315	152567	55019695	360.63	0	1035
NODE_107_length_132777_cov_300.833743	132777	45317398	341.30	0	653
NODE_114_length_129463_cov_314.106879	129463	46106656	356.14	0	500
NODE_244_length_95244_cov_332.425186	95244	36052057	378.52	0	990
NODE_323_length_83633_cov_332.388404	83633	31461558	376.19	131	475
NODE_450_length_71748_cov_321.186504	71748	26365709	367.48	93	765
NODE_516_length_66702_cov_315.003781	66702	23708491	355.44	160	528
NODE_1851_length_30675_cov_328.583377	30675	11325882	369.22	229	443
NODE_4613_length_15043_cov_316.948359	15043	5307900	352.85	243	446
NODE_11205_length_5946_cov_314.208963	5946	2071593	348.40	231	420
NODE_11261_length_5907_cov_198.661996	5907	1606618	271.99	21	411
NODE_13362_length_4860_cov_460.939646	4860	2492513	512.86	39	1140
NODE_16609_length_3819_cov_438.987779	3819	1787290	468.00	147	1119
NODE_42382_length_1599_cov_242.292098	1599	273529	171.06	1	545
NODE_33_length_190341_cov_43.269084	190341	9431553	49.55	0	206
NODE_35_length_182246_cov_41.955091	182246	9000428	49.39	0	479
NODE_40_length_177838_cov_42.395409	177838	8775742	49.35	0	251
NODE_55_length_165236_cov_43.222320	165236	8198606	49.62	0	303
NODE_82_length_149012_cov_42.833764	149012	7460592	50.07	0	91
NODE_83_length_148821_cov_23.827333	148821	5543412	37.25	8	612
NODE_85_length_146756_cov_42.535204	146756	7285280	49.64	0	119
NODE_92_length_141156_cov_41.980489	141156	6870938	48.68	0	110
NODE_112_length_129857_cov_41.289233	129857	6152988	47.38	19	276
NODE_123_length_126086_cov_43.674612	126086	6359966	50.44	0	111
NODE_138_length_121422_cov_42.709690	121422	6034005	49.69	21	415
NODE_151_length_117589_cov_43.009393	117589	5920502	50.35	1	128
NODE_178_length_110411_cov_41.925922	110411	5377480	48.70	11	135
NODE_190_length_107178_cov_41.434463	107178	5295978	49.41	20	644
NODE_248_length_94919_cov_42.088664	94919	4771558	50.27	0	639
NODE_289_length_88319_cov_42.369686	88319	4412270	49.96	15	164
NODE_321_length_83879_cov_35.592026	83879	3450997	41.14	1	348
NODE_368_length_78973_cov_42.971984	78973	3985784	50.47	22	99
NODE_370_length_78769_cov_44.698275	78769	4193337	53.24	20	511
NODE_397_length_76050_cov_43.078518	76050	3996056	52.55	20	1060
NODE_489_length_68530_cov_42.393472	68530	3439458	50.19	0	95
NODE_521_length_66540_cov_42.385681	66540	3303065	49.64	15	93
NODE_559_length_64709_cov_42.353002	64709	3249729	50.22	19	85
NODE_638_length_60782_cov_23.154379	60782	1989897	32.74	8	139
NODE_709_length_57317_cov_42.001030	57317	1840124	32.10	0	84
NODE_715_length_57026_cov_42.873041	57026	2954925	51.82	18	667
NODE_807_length_52844_cov_41.736138	52844	2658528	50.31	0	231
NODE_898_length_49133_cov_43.037899	49133	2415646	49.17	8	80
NODE_919_length_48607_cov_42.257744	48607	1431206	29.44	0	60
NODE_977_length_46994_cov_43.295170	46994	2307884	49.11	22	173
NODE_1041_length_44988_cov_41.622816	44988	2224507	49.45	21	462
NODE_1076_length_44111_cov_42.391456	44111	2262277	51.29	25	440
NODE_1171_length_41597_cov_44.106783	41597	2091695	50.28	22	150
NODE_1280_length_39464_cov_42.019260	39464	1926556	48.82	0	118
NODE_1439_length_36328_cov_37.016789	36328	1583079	43.58	19	154
NODE_1488_length_35151_cov_35.323085	35151	1416133	40.29	13	214
NODE_1562_length_34215_cov_42.455621	34215	1715922	50.15	10	83
NODE_1720_length_32371_cov_42.841595	32371	1647013	50.88	14	93
NODE_2174_length_27360_cov_42.837539	27360	1409947	51.53	0	473
NODE_2270_length_26519_cov_42.526073	26519	1313948	49.55	0	645
NODE_2619_length_23848_cov_41.341193	23848	1108253	46.47	1	77
NODE_3641_length_18350_cov_49.950369	18350	1293422	70.49	29	1201
NODE_5030_length_13878_cov_36.705346	13878	679112	48.93	14	106
NODE_5654_length_12543_cov_39.781230	12543	604019	48.16	12	83
NODE_5744_length_12367_cov_39.750975	12367	582437	47.10	1	75
NODE_6243_length_11377_cov_17.009274	11377	229761	20.20	5	329
NODE_6279_length_11301_cov_41.789881	11301	542671	48.02	15	75
NODE_7202_length_9822_cov_41.858196	9822	274891	27.99	1	55
NODE_7369_length_9595_cov_152.323166	9595	1566329	163.24	16	838
NODE_12469_length_5231_cov_57.095247	5231	909669	173.90	31	470
NODE_12952_length_5027_cov_69.095535	5027	385657	76.72	55	108
NODE_18109_length_3490_cov_41.654148	3490	173399	49.68	16	98
NODE_19864_length_3188_cov_22.802107	3188	82606	25.91	5	62
NODE_22062_length_2892_cov_45.670074	2892	174943	60.49	31	482
NODE_23180_length_2764_cov_35.643780	2764	203250	73.53	22	217
NODE_23359_length_2745_cov_17.894796	2745	331347	120.71	12	875
NODE_24126_length_2666_cov_52.471467	2666	139035	52.15	8	91
NODE_26585_length_2432_cov_36.376525	2432	273640	112.52	23	182
NODE_31144_length_2106_cov_44.025841	2106	105974	50.32	17	73
NODE_33337_length_1981_cov_52.325545	1981	313187	158.10	36	738
NODE_42891_length_1581_cov_50.427261	1581	110582	69.94	13	214
NODE_43098_length_1574_cov_39.744569	1574	76807	48.80	25	109
NODE_45043_length_1516_cov_44.486653	1516	48541	32.02	2	99
NODE_356_length_80190_cov_11.117102	80190	5654723	70.52	0	1300
NODE_484_length_68852_cov_12.086297	68852	1007160	14.63	0	339
NODE_594_length_62854_cov_12.071944	62854	882230	14.04	0	81
NODE_615_length_61651_cov_10.587116	61651	769747	12.49	0	121
NODE_882_length_49914_cov_12.882449	49914	827183	16.57	0	86
NODE_994_length_46380_cov_11.885656	46380	670308	14.45	0	151
NODE_1012_length_46040_cov_11.329303	46040	630379	13.69	2	183
NODE_1149_length_42145_cov_11.130601	42145	541605	12.85	0	29
NODE_1158_length_41949_cov_12.210245	41949	598787	14.27	0	44
NODE_1165_length_41748_cov_10.965246	41748	537064	12.86	0	227
NODE_1240_length_40132_cov_11.789805	40132	599972	14.95	0	238
NODE_1256_length_39915_cov_11.848244	39915	588335	14.74	2	422
NODE_1276_length_39504_cov_12.618368	39504	563734	14.27	0	98
NODE_1284_length_39359_cov_11.343222	39359	530834	13.49	0	111
NODE_1348_length_37964_cov_11.923633	37964	529261	13.94	0	139
NODE_1442_length_36176_cov_11.455414	36176	486360	13.44	0	41
NODE_1529_length_34575_cov_12.800579	34575	589111	17.04	0	138
NODE_1672_length_33065_cov_10.639412	33065	526528	15.92	1	702
NODE_1725_length_32340_cov_10.241165	32340	388393	12.01	0	44
NODE_1748_length_32028_cov_11.430238	32028	549972	17.17	0	674
NODE_1913_length_29937_cov_12.097617	29937	444131	14.84	0	529
NODE_1989_length_29034_cov_12.112633	29034	407672	14.04	0	56
NODE_2133_length_27744_cov_12.059518	27744	382750	13.80	0	34
NODE_2197_length_27128_cov_12.042921	27128	430192	15.86	0	218
NODE_2259_length_26601_cov_10.003390	26601	309439	11.63	0	28
NODE_2306_length_26183_cov_11.465363	26183	380895	14.55	0	193
NODE_2339_length_25915_cov_11.391029	25915	468227	18.07	0	575
NODE_2461_length_24919_cov_12.749075	24919	633262	25.41	0	898
NODE_2572_length_24093_cov_11.089359	24093	305160	12.67	0	35
NODE_2665_length_23514_cov_10.740313	23514	284448	12.10	0	36
NODE_2672_length_23488_cov_10.920326	23488	319242	13.59	0	42
NODE_2699_length_23284_cov_13.819966	23284	528720	22.71	4	963
NODE_2713_length_23218_cov_11.680611	23218	380699	16.40	0	839
NODE_2722_length_23156_cov_12.595775	23156	339617	14.67	0	98
NODE_2756_length_23000_cov_12.265548	23000	576580	25.07	1	745
NODE_2878_length_22336_cov_10.730219	22336	280073	12.54	1	69
NODE_2890_length_22208_cov_12.195820	22208	319780	14.40	2	157
NODE_2898_length_22173_cov_10.350484	22173	263620	11.89	0	26
NODE_2907_length_22116_cov_12.585060	22116	312729	14.14	3	31
NODE_2923_length_22059_cov_11.194056	22059	286909	13.01	0	32
NODE_2939_length_21967_cov_12.058096	21967	301783	13.74	3	33
NODE_2965_length_21783_cov_10.880247	21783	274574	12.60	4	31
NODE_3015_length_21504_cov_12.784372	21504	324097	15.07	4	77
NODE_3036_length_21364_cov_11.302407	21364	287764	13.47	0	46
NODE_3073_length_21122_cov_11.724593	21122	335592	15.89	0	188
NODE_3106_length_20900_cov_12.198801	20900	329519	15.77	0	187
NODE_3118_length_20841_cov_11.188685	20841	263908	12.66	0	28
NODE_3132_length_20729_cov_11.762455	20729	288359	13.91	0	33
NODE_3243_length_20056_cov_10.542573	20056	275077	13.72	2	107
NODE_3293_length_19801_cov_10.138712	19801	244013	12.32	0	39
NODE_3298_length_19783_cov_11.751723	19783	261641	13.23	2	41
NODE_3378_length_19435_cov_12.515944	19435	282213	14.52	2	53
NODE_3471_length_19026_cov_12.126667	19026	274380	14.42	2	177
NODE_3494_length_18939_cov_12.252065	18939	277521	14.65	5	37
NODE_3497_length_18927_cov_12.794086	18927	317948	16.80	3	524
NODE_3510_length_18888_cov_10.855254	18888	245175	12.98	0	31
NODE_3537_length_18789_cov_12.621971	18789	342861	18.25	0	299
NODE_3560_length_18679_cov_11.894491	18679	273727	14.65	2	47
NODE_3593_length_18544_cov_12.923901	18544	283030	15.26	1	84
NODE_3742_length_17976_cov_10.740026	17976	223452	12.43	1	38
NODE_3783_length_17801_cov_10.284233	17801	215575	12.11	0	36
NODE_3817_length_17677_cov_11.051924	17677	277700	15.71	0	293
NODE_3832_length_17608_cov_11.679998	17608	255609	14.52	0	74
NODE_3936_length_17161_cov_11.550158	17161	231803	13.51	3	32
NODE_4125_length_16577_cov_11.680063	16577	222782	13.44	0	29
NODE_4223_length_16213_cov_11.412180	16213	213506	13.17	0	81
NODE_4274_length_16040_cov_10.786800	16040	231838	14.45	0	131
NODE_4337_length_15797_cov_12.569369	15797	220971	13.99	0	118
NODE_4412_length_15581_cov_9.892116	15581	194323	12.47	1	43
NODE_4480_length_15366_cov_12.784861	15366	482930	31.43	2	316
NODE_4512_length_15276_cov_10.778333	15276	332519	21.77	3	256
NODE_4540_length_15211_cov_11.004421	15211	376852	24.77	0	651
NODE_4572_length_15154_cov_8.331810	15154	159854	10.55	1	59
NODE_4637_length_14951_cov_11.999597	14951	199632	13.35	1	29
NODE_4792_length_14509_cov_11.818735	14509	202007	13.92	0	41
NODE_4944_length_14086_cov_12.798589	14086	200370	14.22	2	32
NODE_4976_length_14009_cov_10.652286	14009	192552	13.74	2	59
NODE_5069_length_13794_cov_11.060194	13794	198094	14.36	0	110
NODE_5107_length_13727_cov_11.766603	13727	813540	59.27	0	961
NODE_5139_length_13646_cov_10.624089	13646	168615	12.36	0	26
NODE_5169_length_13577_cov_11.145171	13577	173486	12.78	0	25
NODE_5248_length_13401_cov_11.712273	13401	217691	16.24	3	129
NODE_5300_length_13292_cov_12.749415	13292	265667	19.99	4	97
NODE_5334_length_13180_cov_14.003733	13180	503982	38.24	0	340
NODE_5411_length_13022_cov_11.631912	13022	168959	12.97	2	31
NODE_5518_length_12783_cov_12.506757	12783	183068	14.32	0	71
NODE_5544_length_12734_cov_11.433473	12734	167694	13.17	0	38
NODE_5645_length_12573_cov_12.953747	12573	191113	15.20	4	53
NODE_5674_length_12505_cov_10.537992	12505	155778	12.46	0	31
NODE_5769_length_12292_cov_10.335785	12292	156567	12.74	3	30
NODE_5849_length_12143_cov_10.301539	12143	161569	13.31	4	115
NODE_5981_length_11894_cov_12.195202	11894	168321	14.15	2	62
NODE_6008_length_11835_cov_12.408744	11835	178124	15.05	3	71
NODE_6025_length_11801_cov_12.341563	11801	165426	14.02	5	37
NODE_6032_length_11792_cov_12.862997	11792	169348	14.36	4	31
NODE_6111_length_11623_cov_11.529219	11623	224112	19.28	2	308
NODE_6152_length_11546_cov_10.928727	11546	164901	14.28	0	321
NODE_6163_length_11532_cov_11.464756	11532	186209	16.15	0	178
NODE_6214_length_11441_cov_11.970578	11441	157753	13.79	0	38
NODE_6233_length_11401_cov_11.689053	11401	165013	14.47	3	33
NODE_6269_length_11312_cov_13.036777	11312	185329	16.38	6	63
NODE_6306_length_11249_cov_11.467125	11249	190495	16.93	0	201
NODE_6310_length_11246_cov_12.579037	11246	160635	14.28	5	38
NODE_6372_length_11136_cov_10.511145	11136	144520	12.98	0	125
NODE_6377_length_11127_cov_11.452312	11127	146349	13.15	0	31
NODE_6405_length_11088_cov_11.989849	11088	149473	13.48	1	31
NODE_6581_length_10764_cov_10.304043	10764	131754	12.24	3	44
NODE_6725_length_10537_cov_12.099409	10537	143420	13.61	2	36
NODE_6914_length_10242_cov_12.277216	10242	143316	13.99	5	73
NODE_6991_length_10123_cov_12.039631	10123	138382	13.67	5	127
NODE_7037_length_10050_cov_11.570685	10050	173222	17.24	0	193
NODE_7155_length_9894_cov_13.173900	9894	147981	14.96	5	57
NODE_7227_length_9788_cov_10.549882	9788	120954	12.36	4	33
NODE_7364_length_9605_cov_10.217906	9605	118651	12.35	3	26
NODE_7400_length_9554_cov_10.538162	9554	126073	13.20	3	32
NODE_7411_length_9531_cov_11.292528	9531	130219	13.66	0	52
NODE_7517_length_9374_cov_11.643417	9374	127734	13.63	1	27
NODE_7736_length_9087_cov_12.658769	9087	128328	14.12	0	26
NODE_7985_length_8783_cov_12.880385	8783	123167	14.02	0	31
NODE_8146_length_8588_cov_13.049689	8588	118472	13.80	0	36
NODE_8476_length_8205_cov_11.435092	8205	107170	13.06	5	25
NODE_8587_length_8091_cov_12.772773	8091	146193	18.07	1	67
NODE_8620_length_8051_cov_12.464357	8051	136034	16.90	4	41
NODE_8626_length_8040_cov_13.035817	8040	113164	14.08	3	29
NODE_8677_length_7979_cov_11.907496	7979	141606	17.75	4	224
NODE_8768_length_7880_cov_12.235016	7880	108325	13.75	5	25
NODE_8779_length_7867_cov_12.594086	7867	116214	14.77	3	32
NODE_8918_length_7729_cov_8.891321	7729	91189	11.80	1	30
NODE_8955_length_7690_cov_12.872954	7690	105272	13.69	4	30
NODE_9005_length_7641_cov_13.351569	7641	119230	15.60	2	38
NODE_9112_length_7531_cov_10.710139	7531	100456	13.34	3	39
NODE_9136_length_7515_cov_10.790483	7515	93796	12.48	0	36
NODE_9198_length_7457_cov_12.325993	7457	102724	13.78	0	38
NODE_9484_length_7197_cov_11.915430	7197	93422	12.98	1	24
NODE_9589_length_7105_cov_10.193475	7105	88651	12.48	0	34
NODE_9719_length_7003_cov_11.813040	7003	97800	13.97	4	93
NODE_9808_length_6927_cov_11.695722	6927	267623	38.63	3	698
NODE_9867_length_6885_cov_11.212738	6885	95602	13.89	3	29
NODE_9876_length_6879_cov_12.274326	6879	94909	13.80	0	31
NODE_9921_length_6841_cov_14.592249	6841	287662	42.05	4	639
NODE_10485_length_6446_cov_12.160382	6446	91212	14.15	2	57
NODE_10705_length_6287_cov_13.087933	6287	116813	18.58	3	49
NODE_11075_length_6021_cov_11.232819	6021	91750	15.24	0	193
NODE_11149_length_5979_cov_11.318197	5979	78640	13.15	4	50
NODE_11362_length_5844_cov_11.338919	5844	82184	14.06	5	57
NODE_11422_length_5803_cov_12.417884	5803	199712	34.42	5	562
NODE_11603_length_5697_cov_9.949309	5697	69152	12.14	0	37
NODE_11834_length_5569_cov_9.684802	5569	62670	11.25	3	23
NODE_11874_length_5548_cov_13.361915	5548	80954	14.59	3	24
NODE_12014_length_5472_cov_10.520399	5472	67317	12.30	3	22
NODE_12149_length_5405_cov_11.532523	5405	76194	14.10	3	84
NODE_12158_length_5400_cov_8.198877	5400	61904	11.46	0	162
NODE_12289_length_5321_cov_10.062666	5321	139891	26.29	1	264
NODE_12337_length_5298_cov_9.783902	5298	135303	25.54	3	300
NODE_12362_length_5287_cov_13.951835	5287	105136	19.89	0	84
NODE_12429_length_5254_cov_12.978073	5254	151885	28.91	2	479
NODE_12508_length_5212_cov_9.433004	5212	56858	10.91	2	21
NODE_12590_length_5180_cov_11.031024	5180	64521	12.46	5	21
NODE_12792_length_5100_cov_8.197423	5100	58638	11.50	0	56
NODE_12933_length_5036_cov_12.778157	5036	70971	14.09	0	26
NODE_12981_length_5016_cov_9.761540	5016	62069	12.37	0	84
NODE_13075_length_4973_cov_4.862546	4973	31612	6.36	1	18
NODE_13135_length_4947_cov_11.859771	4947	68743	13.90	2	25
NODE_13304_length_4883_cov_8.273405	4883	47867	9.80	1	23
NODE_13405_length_4837_cov_12.077792	4837	66887	13.83	6	25
NODE_13433_length_4828_cov_9.681752	4828	60052	12.44	0	51
NODE_13666_length_4729_cov_10.321994	4729	60832	12.86	3	63
NODE_13724_length_4703_cov_10.542814	4703	56151	11.94	3	20
NODE_14467_length_4425_cov_13.291762	4425	69385	15.68	1	49
NODE_14646_length_4362_cov_9.833295	4362	54000	12.38	0	28
NODE_14682_length_4349_cov_14.488822	4349	92656	21.31	6	111
NODE_14814_length_4306_cov_7.152435	4306	50334	11.69	1	34
NODE_15266_length_4164_cov_11.264541	4164	56928	13.67	0	37
NODE_15410_length_4131_cov_11.367026	4131	57390	13.89	1	89
NODE_15433_length_4127_cov_12.568026	4127	82787	20.06	4	458
NODE_15814_length_4022_cov_13.938997	4022	64509	16.04	4	33
NODE_15880_length_4005_cov_13.055443	4005	55732	13.92	0	29
NODE_16002_length_3972_cov_14.218790	3972	61958	15.60	3	34
NODE_16039_length_3964_cov_11.016372	3964	51736	13.05	1	25
NODE_16657_length_3805_cov_14.543467	3805	60775	15.97	0	42
NODE_16810_length_3767_cov_13.196659	3767	59152	15.70	2	39
NODE_16996_length_3730_cov_8.539864	3730	40673	10.90	2	35
NODE_17354_length_3649_cov_10.265442	3649	41772	11.45	4	24
NODE_17674_length_3576_cov_10.455836	3576	43278	12.10	5	22
NODE_18144_length_3484_cov_9.472733	3484	38640	11.09	1	19
NODE_18153_length_3483_cov_7.591599	3483	36484	10.47	3	131
NODE_18197_length_3473_cov_10.095085	3473	42331	12.19	1	36
NODE_18230_length_3468_cov_7.717551	3468	28811	8.31	2	22
NODE_18249_length_3465_cov_11.102346	3465	45517	13.14	0	27
NODE_18385_length_3436_cov_20.984324	3436	125646	36.57	0	401
NODE_20760_length_3060_cov_14.646589	3060	48012	15.69	2	37
NODE_20899_length_3042_cov_10.521259	3042	45493	14.95	1	42
NODE_21548_length_2952_cov_9.783224	2952	36043	12.21	6	19
NODE_21905_length_2910_cov_13.573730	2910	44295	15.22	7	30
NODE_22512_length_2844_cov_14.448906	2844	46537	16.36	5	42
NODE_22888_length_2798_cov_11.873132	2798	49503	17.69	1	111
NODE_23362_length_2745_cov_5.294424	2745	15057	5.49	1	15
NODE_23758_length_2703_cov_7.625378	2703	26438	9.78	3	28
NODE_23929_length_2687_cov_10.500380	2687	36191	13.47	3	21
NODE_24899_length_2588_cov_10.168180	2588	31905	12.33	4	22
NODE_25476_length_2534_cov_11.896733	2534	34129	13.47	4	29
NODE_26027_length_2486_cov_10.033320	2486	38140	15.34	2	166
NODE_27024_length_2397_cov_10.618275	2397	30683	12.80	6	27
NODE_27039_length_2396_cov_13.020077	2396	35972	15.01	3	27
NODE_28316_length_2298_cov_4.216228	2298	11526	5.02	1	16
NODE_28647_length_2271_cov_14.996390	2271	38485	16.95	1	45
NODE_29833_length_2188_cov_10.392405	2188	27192	12.43	1	22
NODE_30588_length_2143_cov_11.522989	2143	26263	12.26	4	24
NODE_30616_length_2141_cov_12.080058	2141	28517	13.32	3	21
NODE_31434_length_2088_cov_11.086080	2088	24195	11.59	3	19
NODE_32315_length_2040_cov_12.431234	2040	30690	15.04	7	25
NODE_34252_length_1932_cov_12.017581	1932	25513	13.21	6	23
NODE_34737_length_1910_cov_12.652830	1910	29462	15.43	8	25
NODE_35453_length_1873_cov_13.754675	1873	26761	14.29	4	23
NODE_38698_length_1734_cov_13.256105	1734	23178	13.37	2	25
NODE_39020_length_1721_cov_8.836735	1721	17880	10.39	1	19
NODE_42104_length_1608_cov_14.269156	1608	24735	15.38	4	26
NODE_43996_length_1547_cov_18.821046	1547	117708	76.09	7	206
NODE_44233_length_1539_cov_12.654313	1539	36940	24.00	5	62
NODE_12_length_253532_cov_9.985123	253532	2968739	11.71	1	472
NODE_19_length_233357_cov_9.526536	233357	2600453	11.14	2	161
NODE_100_length_138715_cov_10.442002	138715	1671981	12.05	2	31
NODE_181_length_109507_cov_10.359427	109507	1620611	14.80	0	704
NODE_186_length_108366_cov_10.516947	108366	1337252	12.34	0	49
NODE_284_length_88973_cov_10.864459	88973	1117431	12.56	1	31
NODE_306_length_85538_cov_9.611829	85538	961758	11.24	1	27
NODE_358_length_79978_cov_10.651915	79978	1082308	13.53	1	381
NODE_374_length_78477_cov_10.801433	78477	1030753	13.13	2	314
NODE_428_length_74119_cov_10.304291	74119	885326	11.94	2	55
NODE_498_length_68053_cov_11.014942	68053	875051	12.86	3	31
NODE_554_length_64805_cov_10.473606	64805	807243	12.46	1	68
NODE_595_length_62829_cov_10.960732	62829	793171	12.62	0	30
NODE_608_length_61919_cov_10.036742	61919	731506	11.81	1	107
NODE_617_length_61619_cov_10.288058	61619	732932	11.89	3	40
NODE_725_length_56651_cov_10.861633	56651	985141	17.39	1	1198
NODE_810_length_52743_cov_10.537864	52743	688430	13.05	2	126
NODE_931_length_48325_cov_10.289662	48325	567164	11.74	0	26
NODE_975_length_47054_cov_11.375348	47054	622390	13.23	1	49
NODE_1005_length_46207_cov_11.367286	46207	621743	13.46	0	131
NODE_1078_length_44088_cov_9.940635	44088	553806	12.56	0	479
NODE_1184_length_41477_cov_10.289846	41477	534550	12.89	0	450
NODE_1272_length_39576_cov_11.179095	39576	518200	13.09	2	70
NODE_1295_length_39147_cov_9.663205	39147	612277	15.64	2	346
NODE_1370_length_37472_cov_9.854745	37472	408589	10.90	0	41
NODE_1620_length_33633_cov_11.486598	33633	571838	17.00	1	464
NODE_1636_length_33458_cov_9.853247	33458	615219	18.39	1	789
NODE_1735_length_32195_cov_11.020784	32195	429020	13.33	1	138
NODE_1838_length_30956_cov_10.375360	30956	373088	12.05	1	30
NODE_2007_length_28837_cov_10.438920	28837	555050	19.25	2	457
NODE_2028_length_28556_cov_10.367040	28556	343464	12.03	1	48
NODE_2749_length_23073_cov_11.524720	23073	299575	12.98	3	32
NODE_3933_length_17172_cov_10.704095	17172	209118	12.18	4	24
NODE_3942_length_17145_cov_10.368812	17145	229746	13.40	4	84
NODE_4109_length_16625_cov_9.447375	16625	194301	11.69	2	42
NODE_4137_length_16521_cov_10.073060	16521	186385	11.28	3	32
NODE_4687_length_14792_cov_11.332496	14792	241342	16.32	4	523
NODE_5220_length_13457_cov_11.682137	13457	585784	43.53	4	613
NODE_5304_length_13287_cov_10.683192	13287	160703	12.09	1	27
NODE_5766_length_12295_cov_10.086275	12295	148378	12.07	1	27
NODE_6060_length_11717_cov_11.382439	11717	185119	15.80	1	53
NODE_6176_length_11496_cov_10.149899	11496	135710	11.80	1	45
NODE_6458_length_10986_cov_11.027719	10986	450181	40.98	3	1750
NODE_6460_length_10978_cov_9.528792	10978	122131	11.13	2	22
NODE_6548_length_10817_cov_10.921204	10817	143090	13.23	3	31
NODE_8454_length_8234_cov_10.990830	8234	103087	12.52	4	29
NODE_9160_length_7493_cov_10.164829	7493	87575	11.69	3	20
NODE_9802_length_6930_cov_11.411782	6930	127515	18.40	2	515
NODE_10250_length_6591_cov_9.555080	6591	74440	11.29	1	19
NODE_10548_length_6404_cov_11.787211	6404	114278	17.84	5	47
NODE_10601_length_6367_cov_10.838878	6367	333445	52.37	3	2328
NODE_10654_length_6326_cov_10.600223	6326	77757	12.29	2	23
NODE_10662_length_6321_cov_14.382222	6321	170889	27.04	6	84
NODE_10968_length_6097_cov_11.522013	6097	81857	13.43	4	54
NODE_12047_length_5457_cov_11.898001	5457	108615	19.90	6	188
NODE_12221_length_5362_cov_9.670624	5362	105384	19.65	4	163
NODE_14638_length_4364_cov_9.820376	4364	55316	12.68	1	81
NODE_15347_length_4145_cov_12.121760	4145	87276	21.06	7	196
NODE_15748_length_4037_cov_11.509292	4037	52563	13.02	5	20
NODE_16307_length_3893_cov_10.980459	3893	145412	37.35	4	102
NODE_16429_length_3864_cov_10.988711	3864	49217	12.74	3	19
NODE_17496_length_3617_cov_10.538742	3617	43171	11.94	4	23
NODE_18526_length_3410_cov_9.165425	3410	39000	11.44	2	22
NODE_19543_length_3237_cov_11.911062	3237	48710	15.05	6	50
NODE_642_length_60571_cov_10.068544	60571	832493	13.74	2	103
NODE_1056_length_44628_cov_9.876674	44628	592582	13.28	2	35
NODE_1099_length_43633_cov_10.311923	43633	619064	14.19	1	44
NODE_1147_length_42170_cov_10.282631	42170	579478	13.74	2	84
NODE_1251_length_39951_cov_9.891142	39951	594661	14.88	1	57
NODE_1631_length_33483_cov_10.131985	33483	444454	13.27	2	32
NODE_1790_length_31433_cov_9.614188	31433	397750	12.65	2	65
NODE_1822_length_31101_cov_9.990401	31101	423414	13.61	2	32
NODE_1876_length_30436_cov_10.561897	30436	439963	14.46	3	32
NODE_2023_length_28611_cov_9.926180	28611	401113	14.02	4	29
NODE_2117_length_27928_cov_10.380763	27928	412605	14.77	3	36
NODE_2184_length_27245_cov_10.117028	27245	334671	12.28	1	30
NODE_2330_length_25986_cov_10.103236	25986	383612	14.76	3	29
NODE_2506_length_24617_cov_10.089203	24617	360867	14.66	1	31
NODE_2512_length_24572_cov_10.214178	24572	339285	13.81	3	48
NODE_2651_length_23575_cov_9.796046	23575	338816	14.37	1	38
NODE_2655_length_23560_cov_10.337247	23560	328027	13.92	0	32
NODE_2742_length_23091_cov_10.391257	23091	354326	15.34	0	31
NODE_2745_length_23080_cov_10.184799	23080	304651	13.20	2	35
NODE_2747_length_23077_cov_10.312093	23077	320983	13.91	0	31
NODE_2750_length_23062_cov_10.523667	23062	337337	14.63	3	38
NODE_2773_length_22927_cov_10.244579	22927	314268	13.71	3	29
NODE_2893_length_22193_cov_10.837248	22193	308253	13.89	2	34
NODE_2955_length_21841_cov_10.342146	21841	317388	14.53	3	37
NODE_2958_length_21823_cov_9.999908	21823	306391	14.04	4	37
NODE_3063_length_21189_cov_10.484480	21189	302766	14.29	2	33
NODE_3135_length_20686_cov_11.153992	20686	322060	15.57	0	35
NODE_3222_length_20159_cov_6.977567	20159	159382	7.91	1	27
NODE_3425_length_19214_cov_9.227152	19214	243034	12.65	1	29
NODE_3434_length_19174_cov_10.889952	19174	267814	13.97	2	42
NODE_3464_length_19043_cov_10.716452	19043	306458	16.09	2	39
NODE_3568_length_18646_cov_10.412996	18646	297783	15.97	0	35
NODE_3575_length_18610_cov_10.093937	18610	279501	15.02	0	51
NODE_3632_length_18398_cov_11.117484	18398	266839	14.50	2	32
NODE_3659_length_18279_cov_10.499726	18279	265391	14.52	0	33
NODE_3707_length_18074_cov_10.658694	18074	269366	14.90	2	31
NODE_3765_length_17879_cov_11.308236	17879	318702	17.83	3	98
NODE_3786_length_17774_cov_10.055477	17774	254095	14.30	2	34
NODE_3813_length_17684_cov_9.114187	17684	237141	13.41	1	30
NODE_3866_length_17439_cov_9.799873	17439	233133	13.37	2	30
NODE_3876_length_17391_cov_9.361444	17391	227978	13.11	0	44
NODE_3990_length_16998_cov_9.638022	16998	232304	13.67	3	30
NODE_4305_length_15910_cov_9.848124	15910	229775	14.44	3	62
NODE_4356_length_15725_cov_10.085067	15725	241259	15.34	3	38
NODE_4364_length_15695_cov_9.555882	15695	184416	11.75	3	39
NODE_4497_length_15315_cov_9.714548	15315	169222	11.05	1	25
NODE_4501_length_15313_cov_10.345720	15313	215372	14.06	3	122
NODE_4538_length_15215_cov_11.531332	15215	261465	17.18	5	88
NODE_4556_length_15189_cov_9.445883	15189	200089	13.17	2	27
NODE_4574_length_15148_cov_10.280064	15148	214709	14.17	4	29
NODE_4581_length_15137_cov_9.092428	15137	199136	13.16	2	35
NODE_4699_length_14761_cov_10.726642	14761	239696	16.24	2	31
NODE_4740_length_14649_cov_10.686515	14649	215840	14.73	2	30
NODE_4877_length_14282_cov_10.158361	14282	206315	14.45	0	34
NODE_4964_length_14037_cov_10.770848	14037	208712	14.87	3	34
NODE_5127_length_13669_cov_10.189584	13669	214680	15.71	1	31
NODE_5143_length_13640_cov_10.095031	13640	183178	13.43	1	28
NODE_5146_length_13620_cov_10.472613	13620	167059	12.27	1	57
NODE_5154_length_13602_cov_10.542408	13602	220801	16.23	4	31
NODE_5241_length_13414_cov_9.951868	13414	173089	12.90	3	28
NODE_5276_length_13335_cov_9.991717	13335	200957	15.07	2	32
NODE_5288_length_13311_cov_9.870097	13311	164777	12.38	2	24
NODE_5323_length_13206_cov_8.989507	13206	165876	12.56	1	27
NODE_5328_length_13197_cov_10.527469	13197	199450	15.11	3	81
NODE_5371_length_13118_cov_10.338437	13118	181346	13.82	3	35
NODE_5387_length_13074_cov_9.738690	13074	182613	13.97	4	31
NODE_5394_length_13065_cov_10.787087	13065	199316	15.26	0	32
NODE_5491_length_12829_cov_9.480820	12829	161390	12.58	2	26
NODE_5523_length_12777_cov_9.320468	12777	155762	12.19	3	27
NODE_5573_length_12686_cov_9.952260	12686	180622	14.24	2	30
NODE_5788_length_12263_cov_9.111320	12263	168735	13.76	0	26
NODE_5805_length_12232_cov_9.415866	12232	143490	11.73	2	26
NODE_5861_length_12118_cov_9.910470	12118	163479	13.49	4	25
NODE_5928_length_11977_cov_9.752139	11977	174173	14.54	3	78
NODE_6030_length_11798_cov_10.097760	11798	180152	15.27	3	32
NODE_6107_length_11625_cov_10.251858	11625	168165	14.47	3	31
NODE_6193_length_11466_cov_10.496013	11466	170123	14.84	3	32
NODE_6230_length_11407_cov_10.702343	11407	173866	15.24	3	30
NODE_6252_length_11358_cov_10.655490	11358	173297	15.26	0	29
NODE_6392_length_11098_cov_10.922123	11098	153935	13.87	4	30
NODE_6430_length_11036_cov_10.297878	11036	170533	15.45	3	33
NODE_6456_length_10991_cov_11.166240	10991	164758	14.99	2	27
NODE_6822_length_10408_cov_11.897228	10408	169642	16.30	2	31
NODE_6961_length_10175_cov_9.996640	10175	136348	13.40	4	29
NODE_6994_length_10117_cov_9.828563	10117	156389	15.46	4	31
NODE_7438_length_9503_cov_9.419771	9503	146329	15.40	4	35
NODE_7458_length_9475_cov_9.801380	9475	151257	15.96	2	29
NODE_7571_length_9300_cov_10.402271	9300	134333	14.44	1	32
NODE_7572_length_9300_cov_10.348837	9300	142200	15.29	3	39
NODE_7731_length_9089_cov_10.090104	9089	115141	12.67	3	30
NODE_7964_length_8807_cov_9.133684	8807	132049	14.99	1	28
NODE_8022_length_8733_cov_9.455289	8733	130650	14.96	5	30
NODE_8087_length_8658_cov_9.712193	8658	128345	14.82	3	37
NODE_8268_length_8447_cov_9.245829	8447	134370	15.91	2	33
NODE_8429_length_8267_cov_9.112153	8267	116121	14.05	3	43
NODE_8583_length_8095_cov_9.673259	8095	96237	11.89	3	27
NODE_8636_length_8023_cov_10.127761	8023	96377	12.01	0	23
NODE_8639_length_8019_cov_11.127574	8019	121485	15.15	3	61
NODE_8641_length_8017_cov_11.652097	8017	114336	14.26	2	38
NODE_8659_length_7994_cov_9.438972	7994	104416	13.06	3	28
NODE_8772_length_7875_cov_11.176598	7875	122363	15.54	4	35
NODE_8823_length_7823_cov_10.391993	7823	114136	14.59	4	30
NODE_8872_length_7782_cov_10.112980	7782	102809	13.21	2	34
NODE_8901_length_7754_cov_10.366931	7754	104613	13.49	3	26
NODE_8945_length_7702_cov_10.960377	7702	119800	15.55	4	67
NODE_8959_length_7687_cov_8.580844	7687	89778	11.68	2	26
NODE_8972_length_7671_cov_9.300683	7671	92123	12.01	2	23
NODE_8994_length_7649_cov_11.133658	7649	119696	15.65	4	34
NODE_9001_length_7642_cov_12.010808	7642	114946	15.04	5	33
NODE_9256_length_7416_cov_9.971879	7416	106031	14.30	3	53
NODE_9339_length_7331_cov_9.997114	7331	106970	14.59	4	48
NODE_9671_length_7042_cov_10.094032	7042	110901	15.75	5	29
NODE_9761_length_6971_cov_10.045691	6971	93399	13.40	3	26
NODE_9894_length_6860_cov_10.892138	6860	113755	16.58	5	30
NODE_9914_length_6847_cov_9.572733	6847	101271	14.79	2	33
NODE_9928_length_6835_cov_9.944248	6835	86784	12.70	1	34
NODE_9939_length_6826_cov_10.896913	6826	110034	16.12	4	29
NODE_9960_length_6810_cov_9.866025	6810	93754	13.77	4	30
NODE_10108_length_6702_cov_11.094178	6702	98391	14.68	4	28
NODE_10119_length_6692_cov_10.552810	6692	108656	16.24	5	41
NODE_10208_length_6629_cov_10.944782	6629	100214	15.12	2	28
NODE_10337_length_6530_cov_8.805251	6530	86212	13.20	3	27
NODE_10447_length_6466_cov_9.864296	6466	86119	13.32	0	27
NODE_10539_length_6411_cov_8.554594	6411	96719	15.09	4	29
NODE_10558_length_6398_cov_10.792370	6398	90452	14.14	4	27
NODE_10592_length_6372_cov_10.813994	6372	82978	13.02	2	41
NODE_10665_length_6319_cov_9.753831	6319	97832	15.48	5	27
NODE_10724_length_6276_cov_9.956920	6276	97034	15.46	3	34
NODE_10733_length_6266_cov_10.831750	6266	102480	16.35	6	29
NODE_10741_length_6262_cov_11.205735	6262	106627	17.03	6	99
NODE_11003_length_6072_cov_10.336048	6072	92709	15.27	4	28
NODE_11143_length_5981_cov_10.109180	5981	79241	13.25	4	37
NODE_11178_length_5964_cov_9.431545	5964	76560	12.84	3	33
NODE_11338_length_5857_cov_10.366942	5857	95290	16.27	4	31
NODE_11690_length_5648_cov_10.484177	5648	82854	14.67	5	26
NODE_11724_length_5630_cov_10.752287	5630	78190	13.89	4	29
NODE_11786_length_5591_cov_9.671062	5591	83266	14.89	3	28
NODE_11787_length_5589_cov_12.372425	5589	72626	12.99	1	25
NODE_11925_length_5518_cov_11.869669	5518	95254	17.26	3	37
NODE_12075_length_5443_cov_8.854491	5443	63839	11.73	2	21
NODE_12129_length_5414_cov_9.117932	5414	72074	13.31	1	26
NODE_12357_length_5290_cov_10.136963	5290	87200	16.48	5	29
NODE_12498_length_5217_cov_9.591050	5217	54977	10.54	1	22
NODE_12528_length_5205_cov_13.526796	5205	86464	16.61	6	25
NODE_12588_length_5181_cov_9.767460	5181	81906	15.81	0	29
NODE_12669_length_5148_cov_11.512272	5148	80897	15.71	3	27
NODE_12693_length_5138_cov_9.514460	5138	77427	15.07	5	31
NODE_12747_length_5121_cov_10.577181	5121	69168	13.51	4	27
NODE_12748_length_5121_cov_8.813660	5121	81871	15.99	4	204
NODE_12875_length_5060_cov_10.238961	5060	76897	15.20	4	28
NODE_13341_length_4869_cov_10.006855	4869	70896	14.56	1	37
NODE_13365_length_4856_cov_12.804832	4856	86929	17.90	3	31
NODE_13429_length_4829_cov_10.216171	4829	78794	16.32	6	42
NODE_13532_length_4783_cov_10.025169	4783	66051	13.81	4	28
NODE_13578_length_4765_cov_10.000212	4765	69242	14.53	1	31
NODE_13633_length_4744_cov_7.995735	4744	59965	12.64	1	24
NODE_13957_length_4614_cov_9.676464	4614	60599	13.13	5	40
NODE_14049_length_4582_cov_9.543185	4582	65312	14.25	1	27
NODE_14236_length_4508_cov_10.848192	4508	71533	15.87	4	32
NODE_14302_length_4483_cov_10.836721	4483	70761	15.78	2	32
NODE_14307_length_4480_cov_11.641356	4480	72232	16.12	5	50
NODE_14389_length_4452_cov_11.167842	4452	66109	14.85	2	30
NODE_14462_length_4426_cov_13.052848	4426	66301	14.98	5	27
NODE_14617_length_4372_cov_9.921705	4372	58975	13.49	2	25
NODE_14751_length_4326_cov_9.062983	4326	54102	12.51	3	28
NODE_14859_length_4289_cov_11.709022	4289	63869	14.89	3	27
NODE_14912_length_4275_cov_10.107820	4275	58997	13.80	2	28
NODE_14950_length_4263_cov_7.752614	4263	31093	7.29	1	15
NODE_15193_length_4186_cov_11.075042	4186	62062	14.83	4	30
NODE_15444_length_4124_cov_11.871221	4124	65899	15.98	5	27
NODE_15530_length_4100_cov_10.295921	4100	60415	14.74	2	26
NODE_15562_length_4088_cov_7.838830	4088	69520	17.01	2	73
NODE_15566_length_4086_cov_9.254031	4086	54378	13.31	1	32
NODE_15587_length_4079_cov_12.951044	4079	59866	14.68	3	27
NODE_15832_length_4017_cov_9.793791	4017	57366	14.28	4	38
NODE_16109_length_3943_cov_10.028807	3943	62689	15.90	5	33
NODE_16495_length_3847_cov_11.043249	3847	60896	15.83	5	27
NODE_16769_length_3775_cov_10.316935	3775	55528	14.71	3	27
NODE_16935_length_3740_cov_9.957666	3740	42746	11.43	2	26
NODE_16951_length_3737_cov_10.561108	3737	50052	13.39	2	27
NODE_16952_length_3737_cov_9.446768	3737	56567	15.14	3	30
NODE_17109_length_3705_cov_9.193425	3705	49041	13.24	1	34
NODE_17128_length_3699_cov_10.697311	3699	57683	15.59	1	30
NODE_17143_length_3696_cov_9.864048	3696	57047	15.43	5	25
NODE_17334_length_3653_cov_9.486659	3653	51345	14.06	4	28
NODE_17370_length_3645_cov_10.345961	3645	60586	16.62	8	35
NODE_17933_length_3523_cov_9.736736	3523	46970	13.33	1	23
NODE_18310_length_3453_cov_11.080341	3453	53565	15.51	3	29
NODE_18550_length_3406_cov_10.870188	3406	51818	15.21	3	27
NODE_18569_length_3403_cov_9.764038	3403	51263	15.06	1	43
NODE_18979_length_3332_cov_11.937138	3332	47936	14.39	2	27
NODE_19160_length_3304_cov_7.851647	3304	43921	13.29	0	25
NODE_19243_length_3288_cov_11.615527	3288	48946	14.89	5	36
NODE_19249_length_3287_cov_10.581683	3287	45100	13.72	2	25
NODE_19275_length_3283_cov_7.883209	3283	38245	11.65	2	33
NODE_19993_length_3170_cov_12.394543	3170	58059	18.32	6	33
NODE_20194_length_3139_cov_12.009079	3139	48703	15.52	4	35
NODE_20552_length_3089_cov_10.651615	3089	48482	15.70	1	34
NODE_21125_length_3008_cov_9.538435	3008	42383	14.09	2	26
NODE_21270_length_2988_cov_4.246164	2988	16269	5.44	1	12
NODE_21835_length_2918_cov_10.384911	2918	46808	16.04	3	28
NODE_21945_length_2905_cov_9.804561	2905	41544	14.30	5	23
NODE_22415_length_2854_cov_3.971061	2854	14104	4.94	1	10
NODE_22655_length_2827_cov_10.710678	2827	39141	13.85	5	23
NODE_23075_length_2777_cov_12.699486	2777	45419	16.36	4	27
NODE_23260_length_2757_cov_8.996669	2757	33674	12.21	3	20
NODE_23845_length_2695_cov_12.536364	2695	44686	16.58	8	30
NODE_23859_length_2694_cov_5.224327	2694	16719	6.21	1	13
NODE_24180_length_2661_cov_8.860706	2661	34717	13.05	2	23
NODE_24715_length_2607_cov_12.413793	2607	40249	15.44	2	35
NODE_24734_length_2605_cov_9.311373	2605	38094	14.62	3	29
NODE_25876_length_2499_cov_7.139935	2499	26865	10.75	1	22
NODE_26105_length_2479_cov_9.725248	2479	27710	11.18	3	22
NODE_26327_length_2459_cov_5.685524	2459	17302	7.04	1	37
NODE_26387_length_2453_cov_12.934112	2453	35335	14.40	0	26
NODE_27922_length_2325_cov_10.746256	2325	31865	13.71	2	37
NODE_28251_length_2302_cov_9.454384	2302	47415	20.60	5	73
NODE_28372_length_2293_cov_11.793119	2293	36778	16.04	3	27
NODE_28596_length_2275_cov_11.002703	2275	39352	17.30	3	31
NODE_30142_length_2169_cov_9.776727	2169	23482	10.83	4	22
NODE_30890_length_2124_cov_10.239729	2124	33058	15.56	3	30
NODE_30917_length_2122_cov_11.209482	2122	35077	16.53	3	27
NODE_31843_length_2065_cov_9.520896	2065	31808	15.40	6	24
NODE_32266_length_2043_cov_8.117706	2043	23705	11.60	2	29
NODE_32562_length_2025_cov_17.771066	2025	57078	28.19	4	114
NODE_32975_length_2002_cov_7.836158	2002	32599	16.28	7	27
NODE_33198_length_1989_cov_8.138573	1989	26339	13.24	2	32
NODE_33697_length_1962_cov_12.978500	1962	32672	16.65	5	27
NODE_33998_length_1945_cov_9.222222	1945	25855	13.29	4	27
NODE_34672_length_1913_cov_13.942949	1913	40534	21.19	4	83
NODE_34781_length_1908_cov_10.290340	1908	25735	13.49	2	26
NODE_35359_length_1878_cov_15.370817	1878	36090	19.22	8	26
NODE_35783_length_1858_cov_11.004992	1858	26267	14.14	2	24
NODE_37035_length_1803_cov_3.720252	1803	7165	3.97	1	10
NODE_37116_length_1799_cov_9.318807	1799	25272	14.05	3	29
NODE_37164_length_1797_cov_9.876579	1797	23445	13.05	1	24
NODE_37302_length_1791_cov_3.769009	1791	8511	4.75	1	13
NODE_37553_length_1781_cov_11.331981	1781	30231	16.97	4	29
NODE_38188_length_1755_cov_12.624706	1755	35528	20.24	7	30
NODE_40012_length_1683_cov_10.785627	1683	24601	14.62	5	30
NODE_40073_length_1681_cov_11.484010	1681	28692	17.07	7	27
NODE_40628_length_1660_cov_10.085358	1660	25553	15.39	6	27
NODE_40822_length_1653_cov_12.013767	1653	26531	16.05	5	27
NODE_41216_length_1640_cov_10.454259	1640	121403	74.03	3	220
NODE_42671_length_1589_cov_9.455020	1589	17488	11.01	1	23
NODE_43296_length_1568_cov_23.084600	1568	45425	28.97	19	52
NODE_43732_length_1555_cov_12.738667	1555	27972	17.99	4	28
NODE_45211_length_1511_cov_7.309753	1511	17285	11.44	3	21
NODE_657_length_59856_cov_8.565358	59856	577105	9.64	0	61
NODE_825_length_52254_cov_8.881473	52254	529431	10.13	0	28
NODE_868_length_50489_cov_8.195900	50489	481503	9.54	1	98
NODE_885_length_49791_cov_9.106181	49791	515341	10.35	1	41
NODE_1086_length_43934_cov_8.179630	43934	426029	9.70	0	43
NODE_1092_length_43788_cov_7.733954	43788	399593	9.13	1	39
NODE_1109_length_43326_cov_8.416122	43326	417319	9.63	1	50
NODE_1250_length_39969_cov_8.439846	39969	406387	10.17	0	30
NODE_1302_length_39104_cov_8.693334	39104	392286	10.03	1	31
NODE_1363_length_37708_cov_8.360449	37708	369812	9.81	1	213
NODE_1392_length_37105_cov_8.384993	37105	368441	9.93	0	46
NODE_1398_length_36991_cov_8.095517	36991	360403	9.74	1	30
NODE_1554_length_34279_cov_8.488604	34279	330169	9.63	1	131
NODE_1581_length_33950_cov_7.987078	33950	316210	9.31	1	34
NODE_1656_length_33197_cov_8.137348	33197	313543	9.44	1	28
NODE_1830_length_31017_cov_8.457076	31017	313970	10.12	0	226
NODE_1844_length_30837_cov_8.058606	30837	301458	9.78	1	49
NODE_1891_length_30238_cov_8.508863	30238	299424	9.90	0	29
NODE_2057_length_28339_cov_8.590723	28339	267235	9.43	0	25
NODE_2147_length_27605_cov_8.203848	27605	289201	10.48	0	417
NODE_2216_length_26944_cov_8.419800	26944	251597	9.34	0	32
NODE_2254_length_26638_cov_8.624647	26638	254290	9.55	1	31
NODE_2315_length_26087_cov_8.571758	26087	248121	9.51	1	24
NODE_2483_length_24757_cov_9.106793	24757	252080	10.18	1	27
NODE_2539_length_24355_cov_8.520000	24355	239510	9.83	0	38
NODE_2546_length_24309_cov_7.755834	24309	223399	9.19	0	29
NODE_2615_length_23864_cov_8.048553	23864	216993	9.09	0	25
NODE_2964_length_21785_cov_7.231017	21785	191456	8.79	1	22
NODE_2996_length_21600_cov_8.845579	21600	209620	9.70	1	60
NODE_3004_length_21561_cov_7.843579	21561	193442	8.97	1	24
NODE_3005_length_21557_cov_8.632453	21557	211382	9.81	1	27
NODE_3026_length_21445_cov_8.625432	21445	210386	9.81	1	119
NODE_3037_length_21359_cov_7.506994	21359	189846	8.89	1	22
NODE_3043_length_21324_cov_7.584795	21324	186724	8.76	1	36
NODE_3046_length_21307_cov_7.992989	21307	197645	9.28	1	25
NODE_3078_length_21097_cov_7.549282	21097	185697	8.80	0	20
NODE_3083_length_21042_cov_7.658074	21042	177096	8.42	1	21
NODE_3182_length_20392_cov_8.322466	20392	199310	9.77	1	75
NODE_3189_length_20310_cov_8.257615	20310	197635	9.73	0	55
NODE_3210_length_20217_cov_8.164170	20217	189803	9.39	1	33
NODE_3330_length_19644_cov_8.953750	19644	199025	10.13	1	54
NODE_3400_length_19353_cov_7.400871	19353	169513	8.76	1	30
NODE_3503_length_18902_cov_8.878389	18902	185027	9.79	1	29
NODE_3531_length_18818_cov_7.647231	18818	171932	9.14	0	77
NODE_3543_length_18764_cov_8.846117	18764	184270	9.82	1	34
NODE_3614_length_18486_cov_8.615865	18486	179513	9.71	0	22
NODE_3620_length_18458_cov_7.855730	18458	169817	9.20	1	26
NODE_3642_length_18331_cov_8.294594	18331	176686	9.64	1	20
NODE_3674_length_18216_cov_8.010792	18216	170943	9.38	2	34
NODE_3688_length_18155_cov_8.852486	18155	185956	10.24	1	33
NODE_3701_length_18091_cov_7.772677	18091	169568	9.37	1	97
NODE_3723_length_18032_cov_6.834789	18032	140488	7.79	1	22
NODE_3759_length_17898_cov_7.953819	17898	164621	9.20	0	21
NODE_3920_length_17229_cov_9.145627	17229	176169	10.23	1	23
NODE_3926_length_17201_cov_7.557973	17201	151524	8.81	0	18
NODE_3968_length_17062_cov_8.124008	17062	160457	9.40	2	28
NODE_4011_length_16942_cov_8.328300	16942	167578	9.89	1	25
NODE_4037_length_16858_cov_8.933643	16858	172032	10.20	1	25
NODE_4066_length_16755_cov_8.267545	16755	160706	9.59	1	35
NODE_4068_length_16746_cov_8.236295	16746	163425	9.76	1	32
NODE_4296_length_15943_cov_8.129280	15943	145719	9.14	1	22
NODE_4303_length_15913_cov_8.234204	15913	149963	9.42	1	18
NODE_4379_length_15666_cov_7.966818	15666	139494	8.90	0	22
NODE_4449_length_15454_cov_8.053380	15454	145113	9.39	1	22
NODE_4451_length_15444_cov_9.298330	15444	171300	11.09	1	64
NODE_4464_length_15413_cov_8.925186	15413	158580	10.29	0	21
NODE_4548_length_15201_cov_7.097914	15201	123049	8.09	0	26
NODE_4575_length_15148_cov_7.791228	15148	137470	9.08	0	21
NODE_4584_length_15134_cov_7.842496	15134	140060	9.25	1	24
NODE_4587_length_15125_cov_9.369542	15125	156533	10.35	2	27
NODE_4661_length_14893_cov_7.299164	14893	132192	8.88	1	143
NODE_4789_length_14518_cov_8.054346	14518	136895	9.43	1	36
NODE_4840_length_14365_cov_9.256883	14365	150889	10.50	1	31
NODE_4948_length_14072_cov_7.991724	14072	129106	9.17	1	20
NODE_5027_length_13893_cov_7.519728	13893	124928	8.99	0	26
NODE_5036_length_13864_cov_7.883192	13864	124347	8.97	1	26
NODE_5132_length_13660_cov_8.963249	13660	147320	10.78	0	52
NODE_5214_length_13476_cov_8.572238	13476	130150	9.66	1	28
NODE_5247_length_13404_cov_7.468799	13404	112204	8.37	0	20
NODE_5441_length_12939_cov_8.016299	12939	117373	9.07	1	27
NODE_5445_length_12928_cov_9.069914	12928	130409	10.09	2	20
NODE_5635_length_12580_cov_8.852136	12580	124079	9.86	1	27
NODE_5689_length_12477_cov_9.460554	12477	144054	11.55	0	344
NODE_5736_length_12389_cov_8.293660	12389	119123	9.62	0	21
NODE_5881_length_12062_cov_8.465645	12062	114271	9.47	1	32
NODE_5960_length_11924_cov_7.587076	11924	106533	8.93	1	18
NODE_6119_length_11612_cov_7.419919	11612	103339	8.90	1	35
NODE_6124_length_11606_cov_8.897671	11606	115261	9.93	1	33
NODE_6132_length_11588_cov_7.997832	11588	109506	9.45	1	31
NODE_6226_length_11413_cov_7.217028	11413	95459	8.36	0	37
NODE_6245_length_11371_cov_8.980735	11371	113773	10.01	1	38
NODE_6259_length_11336_cov_8.866767	11336	111231	9.81	0	68
NODE_6344_length_11183_cov_7.353073	11183	100427	8.98	1	32
NODE_6394_length_11097_cov_7.037855	11097	89823	8.09	1	24
NODE_6445_length_11009_cov_10.029122	11009	131054	11.90	1	35
NODE_6462_length_10977_cov_7.215620	10977	91511	8.34	1	19
NODE_6600_length_10740_cov_7.435938	10740	93503	8.71	1	31
NODE_6645_length_10679_cov_9.242470	10679	107687	10.08	1	29
NODE_6664_length_10654_cov_9.095764	10654	113606	10.66	1	58
NODE_6681_length_10618_cov_8.953422	10618	109146	10.28	2	76
NODE_6697_length_10579_cov_9.194983	10579	104125	9.84	0	22
NODE_6736_length_10519_cov_8.216552	10519	97587	9.28	1	19
NODE_6783_length_10466_cov_7.835078	10466	96152	9.19	1	33
NODE_6885_length_10300_cov_7.714397	10300	94198	9.15	0	21
NODE_6960_length_10176_cov_7.340184	10176	88086	8.66	1	20
NODE_7014_length_10090_cov_8.364923	10090	99505	9.86	1	19
NODE_7027_length_10069_cov_7.953465	10069	90897	9.03	0	20
NODE_7101_length_9952_cov_8.047287	9952	90966	9.14	1	21
NODE_7174_length_9870_cov_10.126847	9870	107738	10.92	3	46
NODE_7214_length_9802_cov_7.866831	9802	88406	9.02	2	19
NODE_7293_length_9694_cov_9.081129	9694	98847	10.20	2	29
NODE_7331_length_9644_cov_7.634581	9644	80168	8.31	1	19
NODE_7366_length_9597_cov_7.628799	9597	82147	8.56	0	24
NODE_7470_length_9458_cov_8.304903	9458	101412	10.72	1	102
NODE_7491_length_9421_cov_9.648516	9421	100648	10.68	0	24
NODE_7702_length_9127_cov_9.456129	9127	95079	10.42	1	24
NODE_7732_length_9089_cov_8.281603	9089	83894	9.23	1	20
NODE_7744_length_9078_cov_7.965200	9078	80991	8.92	1	24
NODE_7885_length_8911_cov_9.467254	8911	94555	10.61	1	26
NODE_7894_length_8893_cov_6.454854	8893	67922	7.64	1	22
NODE_7982_length_8786_cov_8.402932	8786	81461	9.27	1	24
NODE_8008_length_8756_cov_7.898058	8756	80320	9.17	1	28
NODE_8092_length_8651_cov_8.891461	8651	91605	10.59	1	43
NODE_8104_length_8642_cov_8.754163	8642	83840	9.70	2	20
NODE_8175_length_8550_cov_9.060859	8550	89909	10.52	1	29
NODE_8216_length_8504_cov_8.154219	8504	81954	9.64	1	21
NODE_8272_length_8442_cov_7.716943	8442	84848	10.05	1	107
NODE_8295_length_8417_cov_8.538747	8417	89815	10.67	2	76
NODE_8317_length_8394_cov_7.680777	8394	75219	8.96	1	19
NODE_8323_length_8387_cov_15.866659	8387	146103	17.42	2	172
NODE_8351_length_8355_cov_7.452771	8355	73691	8.82	0	31
NODE_8381_length_8318_cov_8.166525	8318	75838	9.12	1	19
NODE_8398_length_8302_cov_7.597308	8302	72337	8.71	2	19
NODE_8404_length_8294_cov_7.362059	8294	67079	8.09	1	20
NODE_8443_length_8249_cov_7.646205	8249	76087	9.22	1	21
NODE_8690_length_7967_cov_7.452730	7967	68748	8.63	1	18
NODE_8694_length_7965_cov_7.912137	7965	73221	9.19	1	21
NODE_8716_length_7942_cov_7.618993	7942	72901	9.18	1	19
NODE_8793_length_7853_cov_7.495383	7853	68394	8.71	1	24
NODE_8824_length_7823_cov_7.891993	7823	69405	8.87	1	20
NODE_9070_length_7565_cov_10.241678	7565	81739	10.80	2	32
NODE_9082_length_7556_cov_8.921477	7556	77310	10.23	2	22
NODE_9177_length_7475_cov_8.694340	7475	104261	13.95	2	53
NODE_9207_length_7451_cov_8.352082	7451	70251	9.43	1	31
NODE_9312_length_7361_cov_8.712565	7361	70857	9.63	1	25
NODE_9319_length_7348_cov_7.892637	7348	64840	8.82	1	25
NODE_9336_length_7335_cov_7.310027	7335	59777	8.15	2	18
NODE_9359_length_7312_cov_9.514262	7312	80493	11.01	3	90
NODE_9391_length_7287_cov_7.824668	7287	65352	8.97	0	19
NODE_9469_length_7215_cov_8.572486	7215	68364	9.48	1	23
NODE_9569_length_7118_cov_7.593657	7118	66899	9.40	1	21
NODE_9730_length_6993_cov_7.946526	6993	62391	8.92	1	22
NODE_9759_length_6972_cov_6.607489	6972	54196	7.77	0	19
NODE_9860_length_6889_cov_8.142376	6889	77638	11.27	1	35
NODE_9934_length_6830_cov_8.159410	6830	65750	9.63	2	21
NODE_10020_length_6764_cov_6.637651	6764	53765	7.95	1	27
NODE_10085_length_6714_cov_7.818892	6714	58607	8.73	1	28
NODE_10223_length_6621_cov_7.201949	6621	51858	7.83	0	17
NODE_10425_length_6476_cov_8.780720	6476	65060	10.05	1	18
NODE_10720_length_6279_cov_7.356041	6279	51284	8.17	0	18
NODE_10722_length_6278_cov_10.076008	6278	72487	11.55	1	36
NODE_10843_length_6189_cov_8.293772	6189	58477	9.45	1	21
NODE_10861_length_6175_cov_9.090850	6175	66443	10.76	1	30
NODE_10863_length_6173_cov_5.891958	6173	52302	8.47	1	168
NODE_11314_length_5875_cov_8.736598	5875	55527	9.45	2	19
NODE_11372_length_5836_cov_7.697976	5836	52068	8.92	0	22
NODE_11563_length_5719_cov_8.490643	5719	52909	9.25	1	25
NODE_11686_length_5650_cov_8.451832	5650	54068	9.57	1	20
NODE_11704_length_5642_cov_8.053517	5642	51502	9.13	0	30
NODE_11792_length_5587_cov_7.454628	5587	50728	9.08	0	30
NODE_11882_length_5545_cov_6.447905	5545	44170	7.97	1	31
NODE_11963_length_5498_cov_8.870843	5498	53777	9.78	1	20
NODE_12214_length_5365_cov_8.779284	5365	61972	11.55	2	41
NODE_12321_length_5307_cov_8.066070	5307	49683	9.36	1	20
NODE_12347_length_5296_cov_7.016218	5296	41789	7.89	1	26
NODE_12599_length_5175_cov_8.043555	5175	48305	9.33	2	27
NODE_12677_length_5145_cov_6.482318	5145	39526	7.68	1	16
NODE_12679_length_5144_cov_7.675182	5144	44921	8.73	1	19
NODE_12824_length_5086_cov_6.824687	5086	41639	8.19	1	21
NODE_12834_length_5081_cov_7.526860	5081	44537	8.77	1	17
NODE_13052_length_4983_cov_6.958198	4983	39792	7.99	1	17
NODE_13065_length_4979_cov_6.179732	4979	40711	8.18	0	23
NODE_13201_length_4923_cov_6.854355	4923	39141	7.95	1	21
NODE_13316_length_4880_cov_6.803523	4880	41491	8.50	1	131
NODE_13376_length_4852_cov_7.041484	4852	43509	8.97	1	20
NODE_13424_length_4830_cov_8.377801	4830	46072	9.54	1	21
NODE_13425_length_4830_cov_7.465759	4830	52048	10.78	1	73
NODE_13462_length_4812_cov_8.242380	4812	47038	9.78	0	46
NODE_13466_length_4811_cov_7.966569	4811	43775	9.10	1	39
NODE_13474_length_4805_cov_9.027789	4805	49446	10.29	1	27
NODE_13549_length_4777_cov_5.920373	4777	31602	6.62	1	17
NODE_14004_length_4598_cov_7.182038	4598	39129	8.51	1	20
NODE_14074_length_4571_cov_7.550487	4571	41586	9.10	1	22
NODE_14220_length_4513_cov_5.228802	4513	32317	7.16	0	14
NODE_14304_length_4483_cov_6.955962	4483	38865	8.67	2	29
NODE_14367_length_4460_cov_7.919864	4460	38002	8.52	1	19
NODE_14370_length_4459_cov_7.258174	4459	37696	8.45	1	28
NODE_14779_length_4318_cov_6.129486	4318	38303	8.87	1	59
NODE_14810_length_4307_cov_7.352540	4307	36048	8.37	1	21
NODE_14864_length_4287_cov_6.792297	4287	34794	8.12	1	19
NODE_15246_length_4170_cov_7.494532	4170	35683	8.56	1	20
NODE_15427_length_4128_cov_8.042475	4128	37786	9.15	2	20
NODE_15436_length_4127_cov_6.604617	4127	32084	7.77	1	18
NODE_15507_length_4107_cov_8.244571	4107	37014	9.01	1	20
NODE_15565_length_4086_cov_9.588688	4086	46400	11.36	3	24
NODE_15997_length_3973_cov_7.347626	3973	38452	9.68	1	45
NODE_15998_length_3973_cov_5.016335	3973	21929	5.52	1	14
NODE_16016_length_3969_cov_8.700818	3969	42069	10.60	1	26
NODE_16204_length_3918_cov_7.709552	3918	36758	9.38	1	18
NODE_16239_length_3908_cov_6.201661	3908	27108	6.94	1	16
NODE_16482_length_3850_cov_6.766008	3850	31368	8.15	1	19
NODE_16581_length_3827_cov_8.190880	3827	38902	10.17	1	23
NODE_16644_length_3809_cov_10.286894	3809	49438	12.98	1	61
NODE_16846_length_3761_cov_7.120076	3761	30940	8.23	1	17
NODE_17422_length_3633_cov_8.141979	3633	34543	9.51	1	17
NODE_17493_length_3618_cov_7.778277	3618	30770	8.50	1	18
NODE_17635_length_3585_cov_7.458640	3585	33154	9.25	1	25
NODE_17640_length_3584_cov_7.993766	3584	31955	8.92	2	17
NODE_17641_length_3584_cov_6.588835	3584	28070	7.83	1	18
NODE_17675_length_3576_cov_8.602670	3576	31546	8.82	1	21
NODE_17820_length_3547_cov_6.658935	3547	30350	8.56	1	48
NODE_18278_length_3460_cov_5.393245	3460	20868	6.03	1	12
NODE_18633_length_3391_cov_9.099820	3391	33098	9.76	1	45
NODE_18694_length_3381_cov_8.466627	3381	31190	9.23	1	18
NODE_19022_length_3325_cov_10.468502	3325	38166	11.48	4	19
NODE_19048_length_3322_cov_7.950719	3322	31075	9.35	1	19
NODE_19557_length_3236_cov_6.098397	3236	21633	6.69	1	14
NODE_19733_length_3211_cov_7.394487	3211	26566	8.27	1	15
NODE_19890_length_3184_cov_7.563439	3184	26179	8.22	1	18
NODE_20283_length_3127_cov_7.202474	3127	26043	8.33	1	21
NODE_20372_length_3115_cov_7.451634	3115	30464	9.78	0	25
NODE_20458_length_3103_cov_6.659777	3103	24748	7.98	2	16
NODE_20699_length_3066_cov_7.296911	3066	28558	9.31	1	34
NODE_21197_length_2998_cov_6.970099	2998	24269	8.10	1	15
NODE_21328_length_2982_cov_7.639904	2982	28623	9.60	2	47
NODE_21376_length_2975_cov_7.289726	2975	25093	8.43	1	18
NODE_22017_length_2896_cov_10.988384	2896	36923	12.75	4	78
NODE_22114_length_2886_cov_8.479689	2886	27703	9.60	1	19
NODE_22203_length_2876_cov_8.153137	2876	25218	8.77	1	20
NODE_22347_length_2862_cov_6.750980	2862	23235	8.12	0	18
NODE_22457_length_2850_cov_5.796780	2850	18873	6.62	1	15
NODE_27606_length_2351_cov_5.956010	2351	17168	7.30	1	14
NODE_27826_length_2334_cov_7.568670	2334	17805	7.63	2	14
NODE_28660_length_2270_cov_8.969752	2270	22717	10.01	1	22
NODE_29395_length_2218_cov_9.578363	2218	23355	10.53	3	25
NODE_29846_length_2187_cov_7.521107	2187	15758	7.21	1	14
NODE_30901_length_2123_cov_7.568182	2123	17680	8.33	1	16
NODE_32122_length_2050_cov_7.016541	2050	14612	7.13	1	14
NODE_33199_length_1989_cov_8.119442	1989	18435	9.27	1	21
NODE_34100_length_1940_cov_7.057294	1940	17237	8.89	1	16
NODE_35145_length_1889_cov_7.878953	1889	15762	8.34	1	21
NODE_35683_length_1863_cov_8.925885	1863	19461	10.45	2	18
NODE_36584_length_1821_cov_10.697055	1821	22911	12.58	1	34
NODE_39327_length_1709_cov_8.908706	1709	18555	10.86	4	33
NODE_39361_length_1708_cov_9.202662	1708	16329	9.56	2	18
NODE_39858_length_1689_cov_6.903305	1689	11575	6.85	1	18
NODE_40080_length_1681_cov_3.942804	1681	9178	5.46	1	17
NODE_41854_length_1617_cov_5.578105	1617	10469	6.47	1	22
NODE_41961_length_1613_cov_8.353659	1613	16132	10.00	1	35
NODE_42259_length_1603_cov_4.936047	1603	9383	5.85	1	27
NODE_43304_length_1568_cov_5.629874	1568	10849	6.92	1	11
NODE_43547_length_1561_cov_4.219788	1561	7201	4.61	0	11
NODE_43869_length_1551_cov_10.292781	1551	17678	11.40	1	24
NODE_8_length_285282_cov_10.644715	285282	3397699	11.91	0	69
NODE_9_length_261033_cov_10.568431	261033	3150504	12.07	0	136
NODE_10_length_257128_cov_10.801422	257128	3107497	12.09	1	185
NODE_34_length_187040_cov_10.521074	187040	2199799	11.76	0	44
NODE_37_length_179438_cov_10.529169	179438	2140657	11.93	0	216
NODE_38_length_178475_cov_10.487272	178475	2093301	11.73	0	99
NODE_42_length_176781_cov_10.687420	176781	2128224	12.04	0	170
NODE_47_length_175293_cov_10.508845	175293	2047472	11.68	0	34
NODE_99_length_139305_cov_10.689487	139305	1697158	12.18	0	343
NODE_134_length_122516_cov_10.637705	122516	1450634	11.84	0	79
NODE_140_length_120623_cov_10.737045	120623	1465210	12.15	2	51
NODE_220_length_100314_cov_10.730478	100314	1231156	12.27	1	398
NODE_223_length_99846_cov_10.552144	99846	1188174	11.90	1	69
NODE_251_length_94359_cov_10.494072	94359	1273943	13.50	2	640
NODE_254_length_93595_cov_10.305784	93595	1064297	11.37	0	78
NODE_270_length_90780_cov_10.570405	90780	1340095	14.76	0	1585
NODE_276_length_89704_cov_10.556058	89704	1086673	12.11	1	208
NODE_278_length_89679_cov_10.342576	89679	1053568	11.75	0	166
NODE_286_length_88602_cov_10.942641	88602	1093021	12.34	0	225
NODE_291_length_88128_cov_10.549362	88128	1047930	11.89	2	77
NODE_295_length_87170_cov_10.369029	87170	1021662	11.72	1	45
NODE_313_length_84883_cov_10.907884	84883	1050762	12.38	2	78
NODE_317_length_84544_cov_10.420422	84544	985975	11.66	2	29
NODE_344_length_81479_cov_10.560879	81479	954325	11.71	1	58
NODE_365_length_79686_cov_10.379413	79686	938701	11.78	1	61
NODE_411_length_75134_cov_10.624262	75134	877672	11.68	0	32
NODE_417_length_74617_cov_10.551447	74617	888101	11.90	1	100
NODE_435_length_73697_cov_10.162842	73697	1095507	14.87	0	1011
NODE_463_length_70884_cov_10.862712	70884	885826	12.50	1	58
NODE_466_length_70801_cov_10.832443	70801	854382	12.07	3	55
NODE_471_length_70499_cov_10.436616	70499	832789	11.81	1	64
NODE_502_length_67872_cov_11.041582	67872	1013874	14.94	3	348
NODE_542_length_65499_cov_10.522676	65499	782416	11.95	3	42
NODE_621_length_61485_cov_10.620348	61485	738598	12.01	1	45
NODE_625_length_61277_cov_10.369557	61277	719347	11.74	0	199
NODE_655_length_59879_cov_10.476799	59879	703580	11.75	2	42
NODE_740_length_56169_cov_10.874488	56169	682863	12.16	0	31
NODE_784_length_54232_cov_10.359230	54232	687000	12.67	1	117
NODE_794_length_53722_cov_10.121229	53722	608045	11.32	2	77
NODE_843_length_51246_cov_10.198375	51246	607999	11.86	1	323
NODE_905_length_49038_cov_10.629627	49038	589015	12.01	3	37
NODE_913_length_48841_cov_10.386381	48841	572668	11.73	0	28
NODE_935_length_48171_cov_10.225538	48171	569725	11.83	0	29
NODE_939_length_47942_cov_10.553177	47942	553920	11.55	0	38
NODE_1046_length_44926_cov_10.380402	44926	534517	11.90	1	37
NODE_1114_length_43079_cov_10.075005	43079	491406	11.41	1	46
NODE_1187_length_41346_cov_10.660047	41346	497422	12.03	1	25
NODE_1223_length_40562_cov_10.555213	40562	478529	11.80	2	29
NODE_1277_length_39495_cov_10.507404	39495	471172	11.93	1	73
NODE_1444_length_36148_cov_15.183083	36148	776019	21.47	0	90
NODE_1470_length_35545_cov_10.592026	35545	430536	12.11	1	35
NODE_1561_length_34221_cov_10.397471	34221	396002	11.57	3	27
NODE_1572_length_34103_cov_10.626204	34103	406371	11.92	2	34
NODE_1616_length_33659_cov_10.751577	33659	418101	12.42	1	54
NODE_1676_length_32998_cov_10.770452	32998	395538	11.99	0	24
NODE_1921_length_29860_cov_10.882302	29860	366976	12.29	2	31
NODE_1940_length_29673_cov_9.543994	29673	319238	10.76	1	26
NODE_2056_length_28346_cov_10.640486	28346	332662	11.74	1	72
NODE_2077_length_28205_cov_10.208774	28205	328020	11.63	2	27
NODE_2274_length_26478_cov_10.947205	26478	318230	12.02	1	41
NODE_2341_length_25898_cov_9.767906	25898	290086	11.20	1	40
NODE_2423_length_25233_cov_10.337477	25233	291078	11.54	2	29
NODE_2476_length_24791_cov_10.411627	24791	299171	12.07	1	130
NODE_2642_length_23684_cov_10.776927	23684	284013	11.99	1	39
NODE_2746_length_23080_cov_10.031792	23080	269286	11.67	2	51
NODE_2780_length_22901_cov_10.580189	22901	260955	11.39	3	44
NODE_3228_length_20116_cov_10.278750	20116	226548	11.26	2	26
NODE_3346_length_19587_cov_10.995443	19587	232316	11.86	1	28
NODE_3358_length_19526_cov_10.575882	19526	234790	12.02	3	81
NODE_3535_length_18807_cov_10.749147	18807	222491	11.83	3	24
NODE_3649_length_18310_cov_10.277184	18310	214193	11.70	2	42
NODE_3895_length_17310_cov_9.734222	17310	189590	10.95	1	23
NODE_4441_length_15471_cov_14.603659	15471	252714	16.33	2	193
NODE_4474_length_15378_cov_10.311819	15378	171064	11.12	0	23
NODE_4908_length_14177_cov_9.530874	14177	153748	10.84	1	23
NODE_5024_length_13901_cov_10.472772	13901	184160	13.25	4	41
NODE_5487_length_12835_cov_10.866745	12835	156326	12.18	3	51
NODE_5696_length_12459_cov_9.702838	12459	132643	10.65	0	29
NODE_6267_length_11314_cov_9.360512	11314	117750	10.41	2	23
NODE_6450_length_11001_cov_10.312352	11001	159631	14.51	0	83
NODE_6919_length_10234_cov_10.591807	10234	121261	11.85	1	43
NODE_7058_length_10020_cov_10.872955	10020	119275	11.90	2	130
NODE_7374_length_9587_cov_10.855225	9587	118885	12.40	3	29
NODE_7801_length_9011_cov_10.517865	9011	142777	15.84	3	280
NODE_7816_length_8995_cov_9.334228	8995	93459	10.39	1	24
NODE_8485_length_8198_cov_9.708830	8198	92677	11.30	0	22
NODE_10069_length_6725_cov_11.598351	6725	87846	13.06	3	29
NODE_10342_length_6525_cov_12.387172	6525	90440	13.86	3	56
NODE_12711_length_5132_cov_10.693126	5132	71037	13.84	4	245
NODE_13555_length_4775_cov_20.721398	4775	73326	15.36	5	78
NODE_19518_length_3241_cov_12.476460	3241	38945	12.02	3	25
NODE_27724_length_2341_cov_11.477253	2341	67261	28.73	4	48
NODE_46_length_175462_cov_50.573261	175462	9817598	55.95	0	382
NODE_95_length_140257_cov_49.039821	140257	7643220	54.49	0	244
NODE_149_length_118031_cov_50.277319	118031	6444636	54.60	0	339
NODE_212_length_102302_cov_49.935274	102302	5711315	55.83	0	174
NODE_242_length_95789_cov_49.269434	95789	5317464	55.51	0	218
NODE_268_length_90981_cov_44.425280	90981	4490484	49.36	0	336
NODE_283_length_89047_cov_47.790588	89047	4789845	53.79	0	175
NODE_293_length_87227_cov_44.445292	87227	4332933	49.67	0	309
NODE_299_length_86600_cov_47.484615	86600	4641639	53.60	0	206
NODE_419_length_74488_cov_48.290597	74488	3983848	53.48	0	96
NODE_437_length_73499_cov_49.541447	73499	4071317	55.39	0	242
NODE_445_length_72547_cov_50.767478	72547	4192439	57.79	0	527
NODE_499_length_68005_cov_49.217792	68005	3762609	55.33	0	604
NODE_575_length_63953_cov_47.473896	63953	3483084	54.46	0	216
NODE_633_length_61010_cov_49.468870	61010	3427438	56.18	0	402
NODE_635_length_60909_cov_49.315706	60909	3392783	55.70	0	258
NODE_662_length_59571_cov_55.467421	59571	3625128	60.85	0	342
NODE_735_length_56408_cov_50.532678	56408	3235754	57.36	0	319
NODE_789_length_53966_cov_51.204059	53966	3112799	57.68	0	239
NODE_999_length_46316_cov_49.487387	46316	2599168	56.12	0	109
NODE_1017_length_45968_cov_47.451332	45968	2450782	53.31	0	90
NODE_1039_length_44997_cov_47.310155	44997	2371707	52.71	0	93
NODE_1053_length_44713_cov_47.310224	44713	2462593	55.08	0	332
NODE_1083_length_43989_cov_47.730505	43989	2325213	52.86	0	87
NODE_1118_length_43055_cov_48.839023	43055	2347357	54.52	26	148
NODE_1131_length_42702_cov_43.386639	42702	1968730	46.10	0	87
NODE_1358_length_37826_cov_48.185883	37826	2116337	55.95	0	458
NODE_1380_length_37370_cov_49.083559	37370	2051544	54.90	0	97
NODE_1464_length_35663_cov_47.682656	35663	1876640	52.62	0	83
NODE_1514_length_34787_cov_49.382615	34787	2081689	59.84	0	312
NODE_1527_length_34603_cov_49.717002	34603	1940602	56.08	25	233
NODE_1664_length_33128_cov_49.634929	33128	1949344	58.84	0	643
NODE_1723_length_32356_cov_50.318504	32356	1815948	56.12	0	95
NODE_1731_length_32253_cov_50.476800	32253	1790361	55.51	26	156
NODE_1813_length_31207_cov_48.973966	31207	1697227	54.39	0	83
NODE_1855_length_30628_cov_49.014621	30628	1688302	55.12	0	225
NODE_1877_length_30431_cov_51.474388	30431	1722875	56.62	0	123
NODE_1937_length_29698_cov_51.026246	29698	1695244	57.08	0	116
NODE_2081_length_28175_cov_51.672333	28175	1592265	56.51	23	101
NODE_2101_length_27995_cov_52.682283	27995	1623205	57.98	0	88
NODE_2126_length_27795_cov_48.211391	27795	1520915	54.72	0	95
NODE_2224_length_26900_cov_50.303483	26900	1515395	56.33	9	94
NODE_2246_length_26659_cov_45.183206	26659	1416989	53.15	23	215
NODE_2288_length_26333_cov_36.941015	26333	1051479	39.93	8	77
NODE_2325_length_26018_cov_47.713746	26018	1405109	54.01	26	175
NODE_2375_length_25570_cov_44.722869	25570	1283571	50.20	20	283
NODE_2449_length_24991_cov_47.548324	24991	1349750	54.01	24	124
NODE_2463_length_24904_cov_50.543322	24904	1570242	63.05	4	2697
NODE_2491_length_24693_cov_47.823768	24693	1335147	54.07	24	82
NODE_2595_length_23966_cov_49.461838	23966	1347521	56.23	0	140
NODE_2944_length_21908_cov_50.133300	21908	1209113	55.19	33	176
NODE_3090_length_20999_cov_46.484960	20999	1100117	52.39	19	87
NODE_3157_length_20570_cov_56.967633	20570	1294917	62.95	15	203
NODE_3220_length_20168_cov_50.314722	20168	1140439	56.55	23	146
NODE_3252_length_20007_cov_49.968575	20007	1110622	55.51	15	113
NODE_3519_length_18857_cov_52.146261	18857	1099896	58.33	30	95
NODE_3617_length_18463_cov_53.901673	18463	1113133	60.29	0	222
NODE_3646_length_18318_cov_52.898976	18318	1165889	63.65	0	121
NODE_3694_length_18104_cov_51.422572	18104	1044164	57.68	27	102
NODE_3791_length_17764_cov_53.019538	17764	1026470	57.78	34	99
NODE_3821_length_17651_cov_54.871789	17651	1234842	69.96	18	515
NODE_3891_length_17329_cov_47.730751	17329	926294	53.45	0	153
NODE_3956_length_17100_cov_48.716046	17100	921630	53.90	28	88
NODE_4024_length_16900_cov_50.668982	16900	950588	56.25	0	134
NODE_4761_length_14589_cov_52.897413	14589	850190	58.28	1	132
NODE_4988_length_13985_cov_52.182843	13985	783108	56.00	0	81
NODE_5504_length_12809_cov_47.634546	12809	722570	56.41	0	568
NODE_5712_length_12424_cov_49.605465	12424	821619	66.13	16	188
NODE_5820_length_12208_cov_48.945692	12208	658319	53.93	1	151
NODE_5942_length_11961_cov_45.553754	11961	604946	50.58	11	85
NODE_6120_length_11610_cov_46.219559	11610	628243	54.11	0	278
NODE_6806_length_10434_cov_50.212063	10434	572190	54.84	0	83
NODE_6830_length_10389_cov_46.414747	10389	519915	50.04	0	76
NODE_6838_length_10376_cov_46.386784	10376	581212	56.02	23	214
NODE_6980_length_10136_cov_37.288959	10136	417563	41.20	16	68
NODE_7114_length_9938_cov_45.343924	9938	508292	51.15	0	76
NODE_7253_length_9743_cov_52.935694	9743	565171	58.01	34	97
NODE_7259_length_9737_cov_50.109378	9737	536330	55.08	20	90
NODE_7568_length_9301_cov_62.545641	9301	671229	72.17	34	209
NODE_8050_length_8697_cov_55.360680	8697	513200	59.01	19	87
NODE_8210_length_8510_cov_55.251685	8510	633281	74.42	0	411
NODE_8361_length_8347_cov_51.009648	8347	470819	56.41	24	93
NODE_8839_length_7804_cov_52.083107	7804	471026	60.36	42	98
NODE_9051_length_7587_cov_55.719464	7587	457721	60.33	17	198
NODE_9296_length_7375_cov_50.746448	7375	411220	55.76	15	98
NODE_9435_length_7247_cov_36.012236	7247	671582	92.67	23	1943
NODE_9849_length_6898_cov_40.473623	6898	322366	46.73	16	80
NODE_9870_length_6882_cov_56.792735	6882	415007	60.30	31	116
NODE_10218_length_6623_cov_49.530755	6623	376119	56.79	0	318
NODE_10263_length_6582_cov_55.126398	6582	394702	59.97	37	119
NODE_10431_length_6473_cov_50.344967	6473	352649	54.48	16	81
NODE_10460_length_6458_cov_50.584570	6458	424334	65.71	35	317
NODE_10849_length_6183_cov_56.797487	6183	372467	60.24	11	80
NODE_10982_length_6089_cov_53.233676	6089	368724	60.56	36	120
NODE_11385_length_5830_cov_50.121039	5830	330925	56.76	35	84
NODE_12125_length_5416_cov_49.269912	5416	295887	54.63	33	103
NODE_12249_length_5344_cov_50.696351	5344	376312	70.42	39	568
NODE_12930_length_5037_cov_44.296869	5037	250723	49.78	16	81
NODE_13655_length_4735_cov_46.268590	4735	242938	51.31	27	68
NODE_14107_length_4559_cov_53.663188	4559	282136	61.89	40	84
NODE_14558_length_4393_cov_51.911249	4393	261735	59.58	19	165
NODE_14660_length_4356_cov_49.893281	4356	230147	52.83	13	74
NODE_14765_length_4321_cov_47.032114	4321	233326	54.00	0	232
NODE_15370_length_4141_cov_50.920705	4141	233521	56.39	30	83
NODE_16020_length_3968_cov_52.921544	3968	249519	62.88	12	225
NODE_16153_length_3932_cov_59.194738	3932	345590	87.89	9	657
NODE_16301_length_3895_cov_74.845052	3895	382224	98.13	10	223
NODE_16469_length_3853_cov_50.415219	3853	231422	60.06	31	91
NODE_17511_length_3613_cov_51.612423	3613	207503	57.43	33	79
NODE_18360_length_3442_cov_54.175081	3442	201123	58.43	31	93
NODE_18583_length_3400_cov_56.968909	3400	265032	77.95	43	202
NODE_18754_length_3369_cov_67.814122	3369	567094	168.33	26	1011
NODE_19917_length_3180_cov_50.343680	3180	204847	64.42	32	141
NODE_19946_length_3177_cov_48.537156	3177	175690	55.30	39	78
NODE_21476_length_2961_cov_52.482450	2961	336619	113.68	32	3778
NODE_21889_length_2912_cov_49.475674	2912	174801	60.03	38	79
NODE_22984_length_2788_cov_58.701793	2788	183646	65.87	44	171
NODE_23533_length_2726_cov_41.509547	2726	124385	45.63	23	69
NODE_24178_length_2661_cov_47.249808	2661	141767	53.28	26	69
NODE_24270_length_2653_cov_51.473826	2653	208610	78.63	18	129
NODE_24788_length_2598_cov_54.526937	2598	153819	59.21	25	81
NODE_24833_length_2594_cov_55.408822	2594	150071	57.85	10	101
NODE_25845_length_2501_cov_52.185200	2501	164689	65.85	19	151
NODE_25863_length_2500_cov_56.838855	2500	170983	68.39	10	150
NODE_27037_length_2396_cov_52.787698	2396	138064	57.62	20	83
NODE_28197_length_2305_cov_53.067111	2305	138908	60.26	12	133
NODE_29245_length_2228_cov_50.073171	2228	121665	54.61	22	72
NODE_31747_length_2070_cov_55.860546	2070	126596	61.16	38	83
NODE_35820_length_1856_cov_48.349806	1856	102741	55.36	32	100
NODE_40935_length_1649_cov_48.210163	1649	90417	54.83	42	81
NODE_42161_length_1606_cov_61.724049	1606	234730	146.16	30	339
NODE_25_length_212648_cov_20.173251	212648	4951036	23.28	7	73
NODE_27_length_208726_cov_21.343100	208726	5050764	24.20	8	61
NODE_32_length_193662_cov_21.331708	193662	4830029	24.94	7	327
NODE_78_length_150214_cov_20.631391	150214	3552740	23.65	6	49
NODE_87_length_145422_cov_20.639072	145422	3877518	26.66	8	951
NODE_89_length_143650_cov_20.443261	143650	3446474	23.99	8	361
NODE_159_length_114179_cov_21.141890	114179	5126655	44.90	9	1965
NODE_166_length_112933_cov_20.225846	112933	2740867	24.27	5	433
NODE_169_length_112340_cov_20.685800	112340	2679955	23.86	0	295
NODE_203_length_104208_cov_21.853850	104208	3157719	30.30	0	2239
NODE_230_length_98873_cov_20.778897	98873	2347929	23.75	0	45
NODE_231_length_98861_cov_20.966247	98861	4571203	46.24	8	559
NODE_256_length_93404_cov_21.856774	93404	2543816	27.23	5	944
NODE_267_length_91002_cov_21.220469	91002	2229469	24.50	8	149
NODE_272_length_90435_cov_21.100531	90435	2323956	25.70	7	394
NODE_451_length_71717_cov_21.554938	71717	2715748	37.87	7	1400
NODE_493_length_68240_cov_21.151705	68240	1673014	24.52	6	49
NODE_815_length_52605_cov_21.510523	52605	1372214	26.09	5	82
NODE_834_length_51724_cov_21.752966	51724	1281106	24.77	5	87
NODE_848_length_51071_cov_20.615728	51071	1829131	35.82	8	1189
NODE_965_length_47250_cov_21.396525	47250	1169886	24.76	0	80
NODE_1016_length_45992_cov_20.275900	45992	1060076	23.05	9	62
NODE_1366_length_37552_cov_20.854042	37552	989346	26.35	8	101
NODE_1662_length_33135_cov_20.848519	33135	761285	22.98	7	44
NODE_1998_length_28955_cov_20.377751	28955	677540	23.40	5	90
NODE_2090_length_28114_cov_22.581489	28114	692737	24.64	0	107
NODE_2286_length_26368_cov_21.493444	26368	663867	25.18	6	308
NODE_2358_length_25692_cov_21.827944	25692	646054	25.15	13	46
NODE_2782_length_22891_cov_20.017691	22891	635886	27.78	10	774
NODE_2885_length_22236_cov_21.644020	22236	557401	25.07	1	178
NODE_3123_length_20797_cov_20.821714	20797	516861	24.85	7	146
NODE_3294_length_19796_cov_20.271162	19796	459572	23.22	7	42
NODE_3309_length_19731_cov_20.968083	19731	471065	23.87	0	82
NODE_3495_length_18934_cov_17.766248	18934	415048	21.92	0	51
NODE_3547_length_18753_cov_14.222002	18753	381410	20.34	0	312
NODE_3735_length_17996_cov_23.887743	17996	562007	31.23	0	106
NODE_3784_length_17784_cov_19.156185	17784	737486	41.47	0	723
NODE_3921_length_17221_cov_21.849528	17221	431781	25.07	7	45
NODE_4069_length_16745_cov_20.886938	16745	1339914	80.02	9	3449
NODE_4150_length_16498_cov_23.569969	16498	500224	30.32	10	288
NODE_4359_length_15709_cov_20.950747	15709	383612	24.42	10	39
NODE_4693_length_14776_cov_21.782284	14776	362294	24.52	6	42
NODE_5004_length_13953_cov_18.177148	13953	822751	58.97	7	626
NODE_5271_length_13348_cov_19.947717	13348	963494	72.18	0	614
NODE_5699_length_12450_cov_15.576119	12450	238940	19.19	5	258
NODE_6048_length_11752_cov_21.496965	11752	518673	44.13	9	624
NODE_6232_length_11401_cov_22.247047	11401	344210	30.19	11	271
NODE_6261_length_11333_cov_20.774162	11333	263890	23.29	6	76
NODE_6751_length_10495_cov_21.064655	10495	248963	23.72	8	37
NODE_6992_length_10120_cov_21.741083	10120	260161	25.71	9	53
NODE_7052_length_10027_cov_77.061873	10027	1630639	162.62	17	604
NODE_7089_length_9969_cov_20.991931	9969	282795	28.37	0	348
NODE_7780_length_9044_cov_21.479809	9044	215378	23.81	11	137
NODE_7826_length_8985_cov_17.701904	8985	285484	31.77	9	266
NODE_7831_length_8977_cov_20.903833	8977	356420	39.70	0	683
NODE_7856_length_8942_cov_25.233487	8942	264690	29.60	7	46
NODE_7912_length_8868_cov_20.803926	8868	225917	25.48	1	107
NODE_8207_length_8512_cov_27.866383	8512	556246	65.35	11	349
NODE_8562_length_8118_cov_21.697259	8118	227441	28.02	5	369
NODE_8618_length_8054_cov_27.722715	8054	256713	31.87	10	136
NODE_9357_length_7312_cov_28.690506	7312	1300030	177.79	14	2132
NODE_9449_length_7231_cov_21.187848	7231	214915	29.72	11	358
NODE_9562_length_7125_cov_19.755021	7125	192348	27.00	7	91
NODE_9782_length_6946_cov_20.657669	6946	381960	54.99	6	88
NODE_9961_length_6809_cov_14.658129	6809	115741	17.00	7	59
NODE_10098_length_6707_cov_19.169122	6707	484696	72.27	6	862
NODE_10284_length_6568_cov_15.357593	6568	153030	23.30	2	210
NODE_10462_length_6457_cov_17.650734	6457	1285333	199.06	5	3730
NODE_10625_length_6351_cov_15.844504	6351	278716	43.89	10	517
NODE_10959_length_6100_cov_21.658065	6100	146585	24.03	2	37
NODE_11112_length_6006_cov_17.384137	6006	122562	20.41	10	53
NODE_11444_length_5790_cov_15.073932	5790	957703	165.41	9	216
NODE_11521_length_5745_cov_20.307206	5745	449012	78.16	9	545
NODE_11615_length_5689_cov_18.350018	5689	353624	62.16	9	366
NODE_11986_length_5487_cov_21.797128	5487	305281	55.64	13	612
NODE_12003_length_5477_cov_18.020841	5477	425552	77.70	10	795
NODE_12082_length_5441_cov_16.624582	5441	437819	80.47	12	312
NODE_12348_length_5295_cov_17.937023	5295	223449	42.20	7	2189
NODE_12976_length_5018_cov_22.790852	5018	182945	36.46	0	233
NODE_13082_length_4971_cov_41.530513	4971	373257	75.09	11	235
NODE_14277_length_4493_cov_16.404912	4493	268788	59.82	9	483
NODE_14328_length_4472_cov_23.221644	4472	143628	32.12	13	175
NODE_14568_length_4389_cov_40.835025	4389	1347364	306.99	19	807
NODE_16091_length_3949_cov_31.119158	3949	398498	100.91	19	513
NODE_16222_length_3913_cov_18.597719	3913	104719	26.76	13	42
NODE_16828_length_3764_cov_75.543004	3764	938420	249.31	19	3194
NODE_17567_length_3601_cov_25.860124	3601	178006	49.43	13	413
NODE_19416_length_3260_cov_12.965055	3260	60664	18.61	6	31
NODE_20768_length_3058_cov_40.067932	3058	259275	84.79	0	1649
NODE_21669_length_2938_cov_11.025668	2938	102574	34.91	5	337
NODE_22334_length_2863_cov_29.870370	2863	846029	295.50	21	630
NODE_27257_length_2377_cov_17.595177	2377	48059	20.22	0	34
NODE_27655_length_2347_cov_26.995201	2347	71052	30.27	7	49
NODE_30505_length_2148_cov_26.809365	2148	63080	29.37	4	44
NODE_7_length_286363_cov_36.994034	286363	11974609	41.82	2	103
NODE_61_length_157896_cov_38.550649	157896	6874431	43.54	18	144
NODE_77_length_150249_cov_40.251748	150249	6727626	44.78	0	86
NODE_96_length_140065_cov_37.735119	140065	5980793	42.70	0	223
NODE_126_length_124673_cov_37.308936	124673	5241965	42.05	0	100
NODE_127_length_124457_cov_36.874053	124457	5069177	40.73	15	104
NODE_179_length_110315_cov_39.145420	110315	4841966	43.89	11	87
NODE_235_length_96508_cov_35.136097	96508	4121314	42.70	8	129
NODE_326_length_83394_cov_36.365687	83394	3443766	41.30	18	174
NODE_335_length_82628_cov_40.325748	82628	3779288	45.74	10	304
NODE_443_length_72633_cov_38.641930	72633	3127929	43.06	11	78
NODE_505_length_67699_cov_39.691665	67699	2968081	43.84	11	94
NODE_558_length_64744_cov_38.056501	64744	2764681	42.70	17	70
NODE_716_length_56935_cov_37.550580	56935	2393169	42.03	0	71
NODE_762_length_55308_cov_38.306952	55308	2353961	42.56	6	70
NODE_785_length_54128_cov_36.413996	54128	2220039	41.01	0	158
NODE_823_length_52348_cov_36.826803	52348	2178683	41.62	14	78
NODE_922_length_48555_cov_36.673814	48555	2006479	41.32	0	78
NODE_951_length_47567_cov_38.739013	47567	2112987	44.42	20	71
NODE_991_length_46578_cov_36.820325	46578	1939443	41.64	0	101
NODE_1059_length_44557_cov_35.191946	44557	1809116	40.60	8	73
NODE_1141_length_42352_cov_39.761827	42352	1842757	43.51	17	69
NODE_1180_length_41501_cov_38.029074	41501	1757204	42.34	15	78
NODE_1312_length_38850_cov_37.454878	38850	1609842	41.44	0	81
NODE_1335_length_38158_cov_39.549432	38158	1715495	44.96	7	91
NODE_1406_length_36857_cov_38.635944	36857	1570735	42.62	16	74
NODE_1485_length_35234_cov_37.492538	35234	1464835	41.57	12	66
NODE_1498_length_35001_cov_32.459738	35001	1254334	35.84	5	107
NODE_1632_length_33470_cov_37.198534	33470	1392797	41.61	21	66
NODE_1812_length_31230_cov_39.668003	31230	1418909	45.43	0	97
NODE_1825_length_31080_cov_35.369895	31080	1255346	40.39	19	67
NODE_1993_length_29008_cov_38.010638	29008	1226049	42.27	14	68
NODE_2009_length_28800_cov_37.457088	28800	1200834	41.70	15	66
NODE_2046_length_28434_cov_38.594277	28434	1242012	43.68	12	73
NODE_2114_length_27943_cov_36.927818	27943	1170375	41.88	16	78
NODE_2119_length_27906_cov_37.092097	27906	1164487	41.73	15	67
NODE_2170_length_27397_cov_38.850304	27397	1186520	43.31	13	122
NODE_2408_length_25338_cov_34.731915	25338	1013861	40.01	13	62
NODE_2581_length_24040_cov_36.955347	24040	1015707	42.25	16	71
NODE_2592_length_23980_cov_41.339854	23980	1108681	46.23	11	81
NODE_2719_length_23171_cov_35.201462	23171	889044	38.37	0	126
NODE_2762_length_22970_cov_41.478071	22970	1050865	45.75	0	75
NODE_2977_length_21706_cov_38.281881	21706	930523	42.87	19	93
NODE_3190_length_20306_cov_42.595724	20306	961934	47.37	10	80
NODE_3206_length_20225_cov_34.086961	20225	791136	39.12	18	78
NODE_3320_length_19675_cov_38.434811	19675	851579	43.28	9	70
NODE_3342_length_19594_cov_41.552178	19594	922022	47.06	12	70
NODE_3399_length_19355_cov_38.447150	19355	833572	43.07	11	83
NODE_3410_length_19313_cov_35.933015	19313	795645	41.20	11	61
NODE_3536_length_18803_cov_33.899829	18803	739280	39.32	14	106
NODE_3542_length_18766_cov_38.220084	18766	817443	43.56	14	69
NODE_3607_length_18512_cov_36.301024	18512	766979	41.43	11	68
NODE_3684_length_18185_cov_37.791285	18185	776268	42.69	16	68
NODE_3736_length_17995_cov_36.725585	17995	748945	41.62	13	92
NODE_3837_length_17586_cov_39.637784	17586	783484	44.55	10	72
NODE_3953_length_17109_cov_36.676967	17109	713095	41.68	14	66
NODE_3974_length_17048_cov_38.529159	17048	719600	42.21	0	66
NODE_4113_length_16603_cov_40.084240	16603	731069	44.03	14	69
NODE_4166_length_16423_cov_37.814394	16423	697233	42.45	8	65
NODE_4204_length_16283_cov_39.666009	16283	726370	44.61	19	69
NODE_4252_length_16098_cov_36.210995	16098	662335	41.14	11	70
NODE_4496_length_15318_cov_33.542685	15318	598150	39.05	5	61
NODE_4647_length_14932_cov_36.810110	14932	613683	41.10	0	62
NODE_4868_length_14298_cov_38.281121	14298	608128	42.53	11	69
NODE_4885_length_14245_cov_35.854686	14245	592828	41.62	14	65
NODE_5495_length_12823_cov_34.506266	12823	487151	37.99	11	69
NODE_5681_length_12484_cov_34.732159	12484	504340	40.40	12	62
NODE_5787_length_12263_cov_41.231979	12263	562848	45.90	25	90
NODE_6364_length_11146_cov_39.100893	11146	489231	43.89	22	73
NODE_6524_length_10868_cov_37.164247	10868	453511	41.73	17	62
NODE_6731_length_10524_cov_36.111950	10524	413599	39.30	11	66
NODE_6788_length_10457_cov_37.141800	10457	443772	42.44	7	64
NODE_6884_length_10301_cov_40.086473	10301	471687	45.79	11	183
NODE_7220_length_9794_cov_33.233494	9794	381307	38.93	21	147
NODE_7304_length_9679_cov_35.207606	9679	379232	39.18	17	60
NODE_7453_length_9482_cov_35.583218	9482	373605	39.40	17	60
NODE_7559_length_9317_cov_42.320125	9317	432197	46.39	28	70
NODE_7631_length_9225_cov_40.326609	9225	430991	46.72	17	93
NODE_7674_length_9167_cov_38.672629	9167	397163	43.33	1	193
NODE_7967_length_8802_cov_31.839945	8802	328104	37.28	10	72
NODE_8627_length_8037_cov_41.304435	8037	376237	46.81	21	69
NODE_8712_length_7947_cov_36.394703	7947	325979	41.02	12	61
NODE_9151_length_7499_cov_43.930414	7499	369978	49.34	13	73
NODE_9726_length_6995_cov_39.383285	6995	303321	43.36	11	66
NODE_10089_length_6712_cov_36.995343	6712	316690	47.18	0	159
NODE_10435_length_6471_cov_31.896353	6471	238919	36.92	16	58
NODE_10473_length_6451_cov_38.695278	6451	288426	44.71	18	64
NODE_10562_length_6396_cov_38.844977	6396	261633	40.91	15	66
NODE_10573_length_6390_cov_34.438516	6390	262733	41.12	17	136
NODE_11677_length_5656_cov_34.832351	5656	232591	41.12	7	71
NODE_12425_length_5256_cov_40.096712	5256	239495	45.57	0	74
NODE_13142_length_4943_cov_38.488953	4943	212065	42.90	26	59
NODE_13214_length_4919_cov_37.407484	4919	208167	42.32	12	89
NODE_14366_length_4460_cov_39.555732	4460	201386	45.15	16	73
NODE_15038_length_4235_cov_33.975359	4235	170121	40.17	7	62
NODE_15673_length_4054_cov_41.915479	4054	182883	45.11	2	70
NODE_16304_length_3894_cov_40.257619	3894	190077	48.81	10	80
NODE_17038_length_3722_cov_33.452141	3722	138504	37.21	14	57
NODE_17138_length_3697_cov_36.789401	3697	188717	51.05	17	207
NODE_17588_length_3596_cov_39.893533	3596	163822	45.56	21	70
NODE_18558_length_3405_cov_40.730149	3405	157488	46.25	12	162
NODE_18646_length_3389_cov_41.295141	3389	151905	44.82	21	136
NODE_19059_length_3320_cov_35.675345	3320	136304	41.06	26	59
NODE_19300_length_3280_cov_42.510078	3280	145727	44.43	23	61
NODE_21561_length_2950_cov_42.131606	2950	133421	45.23	16	69
NODE_24629_length_2615_cov_36.209375	2615	106018	40.54	27	57
NODE_26356_length_2456_cov_35.117451	2456	102231	41.62	16	136
NODE_27674_length_2346_cov_34.676997	2346	96207	41.01	27	85
NODE_31177_length_2104_cov_46.023426	2104	108567	51.60	27	68
NODE_31178_length_2104_cov_41.845778	2104	92747	44.08	17	126
NODE_32164_length_2048_cov_33.892624	2048	76977	37.59	22	56
NODE_115_length_128829_cov_26.838795	128829	4009358	31.12	0	358
NODE_164_length_113254_cov_27.129559	113254	3548238	31.33	13	131
NODE_316_length_84635_cov_27.688070	84635	2647368	31.28	11	58
NODE_464_length_70868_cov_25.816234	70868	2096559	29.58	0	60
NODE_494_length_68148_cov_27.221036	68148	2445410	35.88	13	619
NODE_564_length_64490_cov_27.008194	64490	2106448	32.66	0	368
NODE_610_length_61858_cov_27.605553	61858	1996698	32.28	5	82
NODE_653_length_60122_cov_28.278456	60122	2191245	36.45	5	517
NODE_731_length_56487_cov_25.895148	56487	1695966	30.02	5	62
NODE_808_length_52783_cov_28.070001	52783	1669792	31.64	12	98
NODE_819_length_52459_cov_27.466892	52459	1636920	31.20	11	58
NODE_876_length_50126_cov_26.842364	50126	2505989	49.99	10	913
NODE_888_length_49654_cov_27.367810	49654	1711235	34.46	9	371
NODE_917_length_48790_cov_27.110147	48790	1518396	31.12	8	54
NODE_995_length_46374_cov_26.612448	46374	1433815	30.92	14	57
NODE_1144_length_42283_cov_26.489533	42283	1329871	31.45	12	230
NODE_1160_length_41919_cov_27.214624	41919	1342096	32.02	4	253
NODE_1198_length_41178_cov_27.099604	41178	1270004	30.84	10	53
NODE_1477_length_35321_cov_26.527193	35321	1063365	30.11	10	51
NODE_1483_length_35266_cov_24.458521	35266	1162643	32.97	8	407
NODE_1681_length_32900_cov_25.599026	32900	1030240	31.31	11	383
NODE_1686_length_32793_cov_25.196927	32793	954997	29.12	0	51
NODE_1717_length_32418_cov_26.076785	32418	964345	29.75	15	53
NODE_1755_length_31997_cov_28.121971	31997	1018045	31.82	15	50
NODE_1909_length_29980_cov_26.110977	29980	921858	30.75	13	692
NODE_1934_length_29746_cov_27.344380	29746	932438	31.35	11	56
NODE_2073_length_28219_cov_27.642203	28219	932369	33.04	13	176
NODE_2175_length_27339_cov_27.346650	27339	849900	31.09	3	107
NODE_2309_length_26161_cov_26.690224	26161	820743	31.37	13	97
NODE_2475_length_24823_cov_27.705588	24823	783018	31.54	14	130
NODE_2614_length_23868_cov_25.751900	23868	715493	29.98	7	370
NODE_2727_length_23143_cov_27.202659	23143	717768	31.01	12	48
NODE_2794_length_22830_cov_26.522547	22830	686696	30.08	9	48
NODE_2925_length_22045_cov_27.986221	22045	830597	37.68	14	986
NODE_3274_length_19902_cov_26.573538	19902	603504	30.32	9	50
NODE_3281_length_19883_cov_27.479877	19883	621758	31.27	15	51
NODE_3487_length_18966_cov_27.137645	18966	643927	33.95	15	230
NODE_3514_length_18880_cov_27.312404	18880	599755	31.77	11	63
NODE_3664_length_18259_cov_25.626071	18259	550140	30.13	13	69
NODE_3718_length_18039_cov_27.049266	18039	562805	31.20	0	144
NODE_3856_length_17494_cov_26.747864	17494	535836	30.63	0	57
NODE_4100_length_16652_cov_23.861180	16652	463879	27.86	11	125
NODE_4135_length_16522_cov_29.383676	16522	546800	33.10	10	56
NODE_4583_length_15135_cov_23.230769	15135	468382	30.95	10	110
NODE_4881_length_14270_cov_27.854661	14270	501475	35.14	0	276
NODE_5045_length_13844_cov_25.481108	13844	501670	36.24	12	408
NODE_5216_length_13469_cov_43.370210	13469	895467	66.48	26	1245
NODE_5275_length_13342_cov_25.947091	13342	390293	29.25	14	44
NODE_5383_length_13081_cov_26.492860	13081	421096	32.19	10	61
NODE_5388_length_13073_cov_28.360885	13073	421580	32.25	15	57
NODE_5541_length_12744_cov_28.889668	12744	547993	43.00	17	471
NODE_5566_length_12700_cov_21.941795	12700	495251	39.00	11	380
NODE_5722_length_12410_cov_24.595386	12410	355686	28.66	4	192
NODE_5789_length_12261_cov_25.411601	12261	356579	29.08	12	55
NODE_5947_length_11944_cov_28.068298	11944	429522	35.96	0	406
NODE_6153_length_11545_cov_27.390862	11545	374932	32.48	15	52
NODE_6209_length_11445_cov_28.082792	11445	366343	32.01	12	50
NODE_6465_length_10970_cov_25.050481	10970	313169	28.55	7	46
NODE_6585_length_10758_cov_26.176306	10758	328354	30.52	10	54
NODE_6621_length_10708_cov_28.159298	10708	620243	57.92	6	525
NODE_6653_length_10666_cov_28.054095	10666	341772	32.04	8	49
NODE_6872_length_10322_cov_25.252752	10322	317947	30.80	0	205
NODE_7245_length_9759_cov_26.424567	9759	299902	30.73	15	46
NODE_7277_length_9712_cov_29.557109	9712	315029	32.44	10	59
NODE_7597_length_9269_cov_25.797048	9269	267778	28.89	7	43
NODE_7649_length_9196_cov_27.390876	9196	292583	31.82	10	54
NODE_7862_length_8936_cov_26.481027	8936	270694	30.29	11	47
NODE_7920_length_8855_cov_28.421136	8855	309745	34.98	18	252
NODE_8053_length_8693_cov_30.222853	8693	296362	34.09	19	74
NODE_8255_length_8460_cov_28.490660	8460	276913	32.73	0	80
NODE_8411_length_8288_cov_25.345561	8288	240077	28.97	15	47
NODE_9085_length_7554_cov_27.546073	7554	231694	30.67	15	70
NODE_9185_length_7470_cov_19.806473	7470	193189	25.86	9	65
NODE_9363_length_7307_cov_29.439189	7307	260368	35.63	8	203
NODE_9399_length_7282_cov_25.310779	7282	206042	28.29	8	44
NODE_10031_length_6756_cov_25.259812	6756	236610	35.02	0	225
NODE_10789_length_6228_cov_27.448080	6228	190464	30.58	17	48
NODE_10918_length_6127_cov_26.706522	6127	200426	32.71	16	190
NODE_11273_length_5899_cov_27.836071	5899	223801	37.94	10	165
NODE_11649_length_5674_cov_26.940915	5674	170276	30.01	18	51
NODE_12267_length_5332_cov_34.220580	5332	198576	37.24	6	95
NODE_13049_length_4985_cov_23.262475	4985	150226	30.14	11	49
NODE_13829_length_4667_cov_27.153946	4667	145289	31.13	9	49
NODE_14209_length_4516_cov_24.538220	4516	315635	69.89	2	1179
NODE_15425_length_4128_cov_20.206727	4128	116932	28.33	11	43
NODE_16221_length_3913_cov_50.625454	3913	250566	64.03	16	132
NODE_16347_length_3885_cov_20.860052	3885	271406	69.86	10	560
NODE_16579_length_3827_cov_127.831124	3827	555721	145.21	0	1059
NODE_16859_length_3758_cov_26.926816	3758	113739	30.27	16	45
NODE_17547_length_3605_cov_36.204507	3605	169166	46.93	15	206
NODE_22214_length_2875_cov_40.875177	2875	846385	294.39	13	1185
NODE_22834_length_2806_cov_25.099237	2806	80929	28.84	7	46
NODE_23919_length_2688_cov_24.337638	2688	88296	32.85	9	67
NODE_24551_length_2622_cov_28.425010	2622	94306	35.97	9	144
NODE_26605_length_2431_cov_18.273569	2431	188170	77.40	8	277
NODE_27469_length_2360_cov_27.543167	2360	98016	41.53	17	465
NODE_28877_length_2255_cov_112.850909	2255	772047	342.37	9	1551
NODE_30764_length_2131_cov_25.244701	2131	66829	31.36	11	169
NODE_75_length_151507_cov_11.961400	151507	2104008	13.89	0	698
NODE_158_length_114338_cov_12.527629	114338	1624618	14.21	0	286
NODE_229_length_98979_cov_12.413863	98979	1407823	14.22	1	122
NODE_327_length_83291_cov_12.074259	83291	1288757	15.47	0	424
NODE_330_length_82864_cov_11.826770	82864	1126189	13.59	0	141
NODE_340_length_82057_cov_12.759725	82057	1261745	15.38	1	186
NODE_380_length_78127_cov_12.141241	78127	1116110	14.29	3	387
NODE_399_length_75747_cov_12.206244	75747	1200967	15.85	0	176
NODE_400_length_75699_cov_11.434245	75699	982823	12.98	1	49
NODE_439_length_73371_cov_12.561010	73371	1087205	14.82	1	161
NODE_454_length_71616_cov_12.449491	71616	1040073	14.52	0	170
NODE_510_length_67273_cov_11.521453	67273	959218	14.26	0	511
NODE_579_length_63782_cov_12.037315	63782	1095547	17.18	3	5037
NODE_603_length_62137_cov_12.073902	62137	1010307	16.26	3	285
NODE_637_length_60803_cov_12.236995	60803	866985	14.26	1	100
NODE_697_length_57879_cov_12.021099	57879	761838	13.16	0	33
NODE_767_length_54875_cov_11.682780	54875	734424	13.38	0	44
NODE_796_length_53572_cov_12.394660	53572	764847	14.28	3	85
NODE_801_length_53181_cov_12.164289	53181	728714	13.70	1	73
NODE_812_length_52658_cov_11.804897	52658	715610	13.59	1	74
NODE_845_length_51203_cov_12.331391	51203	816013	15.94	0	318
NODE_859_length_50795_cov_11.948364	50795	805958	15.87	1	545
NODE_946_length_47680_cov_12.116451	47680	660107	13.84	1	186
NODE_1035_length_45101_cov_12.039471	45101	723930	16.05	2	834
NODE_1145_length_42274_cov_12.717142	42274	602423	14.25	2	78
NODE_1173_length_41576_cov_12.124274	41576	573628	13.80	3	104
NODE_1181_length_41499_cov_12.061360	41499	562351	13.55	2	31
NODE_1216_length_40673_cov_12.551726	40673	617588	15.18	1	159
NODE_1228_length_40486_cov_12.293117	40486	549922	13.58	0	50
NODE_1307_length_38892_cov_11.599892	38892	513158	13.19	0	132
NODE_1311_length_38869_cov_11.263694	38869	509415	13.11	2	250
NODE_1331_length_38202_cov_13.279917	38202	672604	17.61	1	162
NODE_1353_length_37881_cov_12.644319	37881	680266	17.96	5	822
NODE_1386_length_37188_cov_12.564431	37188	794922	21.38	3	185
NODE_1410_length_36805_cov_11.051020	36805	495302	13.46	1	597
NODE_1420_length_36606_cov_12.447211	36606	768524	20.99	1	568
NODE_1429_length_36486_cov_12.700338	36486	509677	13.97	1	31
NODE_1471_length_35494_cov_11.888682	35494	550256	15.50	0	214
NODE_1550_length_34300_cov_12.111812	34300	515781	15.04	1	58
NODE_1584_length_33911_cov_11.374646	33911	464202	13.69	3	124
NODE_1642_length_33395_cov_12.270966	33395	502390	15.04	3	123
NODE_1654_length_33201_cov_11.914349	33201	546406	16.46	1	194
NODE_1708_length_32509_cov_12.441147	32509	457774	14.08	2	54
NODE_1736_length_32173_cov_11.516346	32173	434836	13.52	1	165
NODE_1767_length_31797_cov_11.686472	31797	448139	14.09	1	454
NODE_1777_length_31622_cov_11.817373	31622	426166	13.48	1	77
NODE_1778_length_31615_cov_12.066001	31615	1419282	44.89	0	18612
NODE_1847_length_30770_cov_11.326681	30770	429158	13.95	2	45
NODE_1874_length_30466_cov_11.860544	30466	421441	13.83	0	85
NODE_1883_length_30344_cov_12.323550	30344	459643	15.15	2	98
NODE_1995_length_28977_cov_11.797317	28977	379318	13.09	2	43
NODE_2039_length_28490_cov_12.072868	28490	1171496	41.12	2	761
NODE_2111_length_27954_cov_12.773899	27954	404141	14.46	0	61
NODE_2266_length_26558_cov_11.866619	26558	357565	13.46	0	41
NODE_2273_length_26484_cov_12.497446	26484	384580	14.52	3	123
NODE_2327_length_26008_cov_11.704851	26008	382681	14.71	1	99
NODE_2374_length_25576_cov_11.636260	25576	339920	13.29	0	44
NODE_2434_length_25143_cov_11.088170	25143	319601	12.71	0	148
NODE_2448_length_24993_cov_12.245248	24993	377093	15.09	4	167
NODE_2469_length_24871_cov_12.630601	24871	343833	13.82	1	27
NODE_2662_length_23527_cov_11.658061	23527	315418	13.41	1	39
NODE_2734_length_23131_cov_11.486393	23131	315020	13.62	2	101
NODE_2936_length_21988_cov_10.736379	21988	279208	12.70	0	33
NODE_3354_length_19535_cov_13.045072	19535	290113	14.85	4	34
NODE_3486_length_18967_cov_22.084602	18967	580358	30.60	7	659
NODE_3683_length_18186_cov_11.375876	18186	234166	12.88	1	90
NODE_3697_length_18101_cov_11.418597	18101	249450	13.78	3	78
NODE_4178_length_16384_cov_10.838386	16384	208474	12.72	1	30
NODE_4414_length_15575_cov_12.581314	15575	224176	14.39	4	33
NODE_4722_length_14696_cov_11.634178	14696	208258	14.17	2	92
NODE_5204_length_13499_cov_11.781910	13499	180082	13.34	1	27
NODE_5660_length_12528_cov_12.336888	12528	202640	16.17	3	219
NODE_5669_length_12518_cov_14.550189	12518	257168	20.54	5	348
NODE_5886_length_12052_cov_12.687755	12052	169879	14.10	0	36
NODE_6041_length_11765_cov_12.580786	11765	166295	14.13	0	49
NODE_6099_length_11635_cov_23.822021	11635	365073	31.38	11	86
NODE_6221_length_11428_cov_12.556318	11428	191439	16.75	3	276
NODE_6648_length_10674_cov_11.619550	10674	148953	13.95	5	174
NODE_6956_length_10179_cov_10.732418	10179	137078	13.47	0	251
NODE_7321_length_9659_cov_12.812682	9659	148826	15.41	1	142
NODE_7437_length_9505_cov_13.731958	9505	291126	30.63	3	306
NODE_8301_length_8411_cov_17.588080	8411	168575	20.04	0	48
NODE_8349_length_8359_cov_13.497592	8359	192872	23.07	1	276
NODE_9140_length_7512_cov_11.943543	7512	104586	13.92	1	41
NODE_9314_length_7358_cov_12.698754	7358	115760	15.73	4	90
NODE_9458_length_7224_cov_14.233784	7224	204265	28.28	5	157
NODE_9483_length_7197_cov_13.844021	7197	109951	15.28	5	91
NODE_10541_length_6410_cov_13.366798	6410	128578	20.06	2	186
NODE_10935_length_6113_cov_13.727963	6113	250048	40.90	9	260
NODE_11845_length_5563_cov_10.617284	5563	96110	17.28	4	140
NODE_11936_length_5511_cov_13.612537	5511	98423	17.86	7	62
NODE_12164_length_5397_cov_13.324598	5397	77883	14.43	1	58
NODE_12365_length_5284_cov_10.057564	5284	66216	12.53	0	118
NODE_12445_length_5247_cov_11.437982	5247	68000	12.96	4	47
NODE_12547_length_5198_cov_12.901808	5198	76836	14.78	3	40
NODE_12833_length_5081_cov_12.178074	5081	74508	14.66	2	33
NODE_13034_length_4991_cov_12.324149	4991	77260	15.48	2	38
NODE_13455_length_4814_cov_12.928977	4814	73838	15.34	7	30
NODE_13737_length_4699_cov_12.936047	4699	67307	14.32	4	26
NODE_13784_length_4683_cov_14.374892	4683	72642	15.51	6	26
NODE_14249_length_4502_cov_12.102991	4502	104969	23.32	3	228
NODE_14820_length_4304_cov_11.301483	4304	106959	24.85	1	290
NODE_15178_length_4191_cov_18.143617	4191	118771	28.34	5	88
NODE_16188_length_3923_cov_12.164943	3923	48813	12.44	6	35
NODE_16451_length_3858_cov_18.683408	3858	117393	30.43	12	203
NODE_16501_length_3845_cov_8.752507	3845	44633	11.61	0	27
NODE_19449_length_3254_cov_10.907471	3254	56616	17.40	3	69
NODE_19654_length_3223_cov_10.820391	3223	44561	13.83	1	98
NODE_20302_length_3124_cov_22.632779	3124	91427	29.27	15	48
NODE_21083_length_3013_cov_11.066599	3013	37492	12.44	3	30
NODE_21694_length_2935_cov_11.287500	2935	39305	13.39	1	34
NODE_28039_length_2315_cov_11.232743	2315	29307	12.66	1	23
NODE_28900_length_2253_cov_7.146952	2253	19202	8.52	1	17
NODE_29644_length_2201_cov_9.194781	2201	25048	11.38	4	29
NODE_31371_length_2092_cov_18.668630	2092	43263	20.68	2	29
NODE_39259_length_1712_cov_14.693422	1712	34373	20.08	7	106
NODE_43164_length_1572_cov_11.270270	1572	19872	12.64	1	20
NODE_43707_length_1556_cov_14.864757	1556	26814	17.23	7	49
NODE_44675_length_1526_cov_13.311353	1526	23713	15.54	10	27
NODE_108_length_132380_cov_19.913652	132380	3085892	23.31	0	151
NODE_260_length_92488_cov_20.276817	92488	2203048	23.82	0	144
NODE_280_length_89362_cov_18.577245	89362	2003197	22.42	0	439
NODE_300_length_86303_cov_20.237895	86303	2052718	23.79	8	151
NODE_349_length_81192_cov_20.712955	81192	1965594	24.21	8	135
NODE_468_length_70782_cov_20.027345	70782	1653877	23.37	0	50
NODE_528_length_66363_cov_19.683175	66363	1508507	22.73	0	45
NODE_536_length_65773_cov_19.786284	65773	1536705	23.36	8	246
NODE_668_length_59415_cov_19.692739	59415	1482003	24.94	0	346
NODE_671_length_59300_cov_20.431007	59300	1422961	24.00	8	134
NODE_814_length_52607_cov_19.663210	52607	1210868	23.02	0	103
NODE_841_length_51296_cov_19.580668	51296	1156377	22.54	7	41
NODE_923_length_48526_cov_21.058984	48526	1171212	24.14	5	69
NODE_992_length_46520_cov_19.518648	46520	1047447	22.52	7	54
NODE_1018_length_45944_cov_20.670466	45944	1083349	23.58	8	46
NODE_1034_length_45176_cov_20.946056	45176	1206061	26.70	4	228
NODE_1281_length_39401_cov_19.529533	39401	891110	22.62	5	59
NODE_1298_length_39137_cov_19.651221	39137	876824	22.40	5	54
NODE_1304_length_39010_cov_19.977230	39010	906043	23.23	5	44
NODE_1318_length_38579_cov_21.133968	38579	949283	24.61	8	51
NODE_1367_length_37540_cov_19.575110	37540	863332	23.00	5	87
NODE_1407_length_36841_cov_20.607704	36841	880755	23.91	10	94
NODE_1523_length_34670_cov_20.556204	34670	808093	23.31	9	43
NODE_1666_length_33117_cov_19.908717	33117	781202	23.59	0	60
NODE_1803_length_31343_cov_23.680037	31343	1347830	43.00	7	1541
NODE_2091_length_28086_cov_20.096001	28086	660479	23.52	6	50
NODE_2097_length_28023_cov_20.614273	28023	661561	23.61	0	42
NODE_2313_length_26111_cov_21.601090	26111	664206	25.44	5	55
NODE_2336_length_25932_cov_20.651660	25932	626383	24.15	8	44
NODE_2403_length_25383_cov_19.599613	25383	585845	23.08	8	77
NODE_2494_length_24684_cov_20.734013	24684	579458	23.48	8	47
NODE_2616_length_23861_cov_20.326724	23861	571510	23.95	0	47
NODE_2718_length_23175_cov_20.012284	23175	547818	23.64	10	47
NODE_2880_length_22281_cov_22.120580	22281	568289	25.51	9	41
NODE_3125_length_20790_cov_19.735086	20790	479387	23.06	8	60
NODE_3336_length_19613_cov_20.164332	19613	459336	23.42	6	88
NODE_3444_length_19112_cov_19.595109	19112	428387	22.41	0	37
NODE_3459_length_19061_cov_19.449700	19061	436614	22.91	8	38
NODE_3490_length_18953_cov_20.533284	18953	447542	23.61	8	42
NODE_3538_length_18783_cov_21.944575	18783	1422434	75.73	8	1571
NODE_3551_length_18741_cov_20.642031	18741	441113	23.54	4	36
NODE_3753_length_17933_cov_19.749748	17933	405515	22.61	11	42
NODE_3829_length_17623_cov_18.705772	17623	393577	22.33	11	44
NODE_3924_length_17209_cov_20.717384	17209	415158	24.12	8	42
NODE_4032_length_16869_cov_22.168431	16869	429104	25.44	11	45
NODE_4127_length_16566_cov_18.431652	16566	356298	21.51	0	34
NODE_4231_length_16179_cov_19.985425	16179	370199	22.88	10	44
NODE_4418_length_15552_cov_18.656966	15552	375065	24.12	2	177
NODE_4453_length_15436_cov_21.257395	15436	372699	24.14	10	40
NODE_4566_length_15170_cov_20.919285	15170	369861	24.38	13	54
NODE_4633_length_14979_cov_19.337577	14979	342684	22.88	4	86
NODE_4846_length_14348_cov_20.946477	14348	362373	25.26	11	200
NODE_4910_length_14169_cov_9.925464	14169	161418	11.39	2	30
NODE_5199_length_13512_cov_21.388199	13512	327730	24.25	3	41
NODE_5465_length_12890_cov_22.056798	12890	323992	25.14	12	43
NODE_5517_length_12784_cov_18.477649	12784	273226	21.37	10	38
NODE_5539_length_12748_cov_19.047270	12748	282161	22.13	11	35
NODE_5556_length_12715_cov_22.014771	12715	320829	25.23	5	40
NODE_5705_length_12443_cov_21.325961	12443	309657	24.89	8	49
NODE_6082_length_11667_cov_6.110834	11667	84558	7.25	1	15
NODE_6410_length_11080_cov_21.080635	11080	269656	24.34	8	43
NODE_6553_length_10807_cov_20.685175	10807	267905	24.79	4	45
NODE_7462_length_9471_cov_20.403462	9471	218898	23.11	8	50
NODE_7782_length_9036_cov_20.190068	9036	266311	29.47	9	223
NODE_8070_length_8677_cov_18.762352	8677	193452	22.29	6	38
NODE_8142_length_8591_cov_21.829663	8591	219603	25.56	8	104
NODE_8488_length_8195_cov_16.986732	8195	158633	19.36	7	35
NODE_8875_length_7782_cov_3.959881	7782	35809	4.60	1	29
NODE_9147_length_7503_cov_17.434076	7503	153773	20.49	0	38
NODE_9537_length_7153_cov_16.665399	7153	146876	20.53	3	91
NODE_9734_length_6989_cov_18.254254	6989	152168	21.77	8	35
NODE_9792_length_6939_cov_18.775421	6939	152116	21.92	5	36
NODE_11818_length_5578_cov_24.646207	5578	157854	28.30	17	41
NODE_11974_length_5492_cov_21.159095	5492	138460	25.21	14	45
NODE_12865_length_5064_cov_19.277301	5064	112905	22.30	6	35
NODE_13063_length_4980_cov_20.443655	4980	136240	27.36	12	271
NODE_13096_length_4965_cov_9.909776	4965	60127	12.11	3	23
NODE_13373_length_4853_cov_21.772405	4853	154072	31.75	10	260
NODE_13873_length_4649_cov_18.608185	4649	103700	22.31	0	99
NODE_14086_length_4567_cov_18.645390	4567	98125	21.49	11	38
NODE_14224_length_4512_cov_18.031411	4512	93670	20.76	3	36
NODE_14286_length_4489_cov_20.482860	4489	117119	26.09	10	115
NODE_14882_length_4282_cov_18.101727	4282	93517	21.84	11	35
NODE_15374_length_4140_cov_21.981151	4140	110422	26.67	14	45
NODE_16464_length_3855_cov_19.098684	3855	89749	23.28	7	41
NODE_16652_length_3807_cov_10.175107	3807	55864	14.67	3	73
NODE_18033_length_3506_cov_20.936250	3506	83809	23.90	10	37
NODE_18203_length_3472_cov_20.239977	3472	84443	24.32	3	82
NODE_18543_length_3407_cov_21.328162	3407	84014	24.66	11	40
NODE_19163_length_3303_cov_19.185345	3303	71593	21.68	8	38
NODE_21623_length_2943_cov_20.397507	2943	75278	25.58	13	45
NODE_22068_length_2891_cov_23.349083	2891	73063	25.27	15	36
NODE_23490_length_2731_cov_17.542601	2731	61546	22.54	10	46
NODE_25874_length_2499_cov_12.131751	2499	38270	15.31	8	29
NODE_31179_length_2104_cov_18.315764	2104	45918	21.82	13	33
NODE_32713_length_2017_cov_18.195719	2017	45466	22.54	12	40
NODE_37457_length_1784_cov_19.888375	1784	40139	22.50	12	42
NODE_37727_length_1773_cov_18.176368	1773	39902	22.51	14	33
NODE_152_length_117521_cov_10.708443	117521	1405926	11.96	0	52
NODE_307_length_85512_cov_8.649204	85512	845864	9.89	1	96
NODE_480_length_69637_cov_10.360812	69637	799031	11.47	0	33
NODE_574_length_63955_cov_11.462723	63955	822102	12.85	0	125
NODE_616_length_61645_cov_10.428300	61645	725674	11.77	0	97
NODE_689_length_58233_cov_7.415655	58233	468655	8.05	1	29
NODE_840_length_51299_cov_6.696823	51299	379419	7.40	0	22
NODE_860_length_50774_cov_11.235888	50774	796782	15.69	2	120
NODE_884_length_49862_cov_9.072098	49862	518890	10.41	1	51
NODE_937_length_47992_cov_6.694182	47992	366549	7.64	0	34
NODE_1067_length_44310_cov_7.025308	44310	352740	7.96	0	33
NODE_1169_length_41668_cov_6.419388	41668	294738	7.07	1	58
NODE_1455_length_35846_cov_6.778240	35846	290894	8.12	0	52
NODE_1493_length_35087_cov_6.192082	35087	247570	7.06	1	32
NODE_1537_length_34496_cov_6.426904	34496	250028	7.25	0	33
NODE_1624_length_33602_cov_10.590902	33602	396303	11.79	1	53
NODE_1641_length_33402_cov_7.273458	33402	294218	8.81	1	180
NODE_1715_length_32431_cov_7.048524	32431	261522	8.06	1	20
NODE_1716_length_32425_cov_7.023046	32425	254026	7.83	1	70
NODE_1745_length_32048_cov_10.986872	32048	429787	13.41	2	389
NODE_1884_length_30329_cov_5.638105	30329	191407	6.31	0	91
NODE_1927_length_29805_cov_5.905445	29805	210896	7.08	0	40
NODE_1947_length_29575_cov_6.810196	29575	227170	7.68	1	29
NODE_2165_length_27469_cov_6.578755	27469	225155	8.20	1	74
NODE_2226_length_26880_cov_5.813569	26880	185087	6.89	1	18
NODE_2245_length_26684_cov_6.860979	26684	205569	7.70	0	92
NODE_2289_length_26324_cov_6.867068	26324	201606	7.66	0	24
NODE_2343_length_25851_cov_7.168437	25851	218483	8.45	1	37
NODE_2385_length_25500_cov_6.922775	25500	217139	8.52	1	37
NODE_2397_length_25426_cov_6.341768	25426	197719	7.78	1	81
NODE_2404_length_25379_cov_7.253633	25379	201255	7.93	0	31
NODE_2489_length_24699_cov_5.718836	24699	168154	6.81	0	34
NODE_2509_length_24587_cov_6.904288	24587	185477	7.54	0	43
NODE_2511_length_24584_cov_6.917648	24584	195908	7.97	0	36
NODE_2605_length_23916_cov_6.950128	23916	196879	8.23	1	90
NODE_2618_length_23858_cov_6.384657	23858	192338	8.06	1	35
NODE_2637_length_23706_cov_7.274322	23706	193304	8.15	1	30
NODE_2664_length_23519_cov_6.891025	23519	183132	7.79	1	21
NODE_2683_length_23416_cov_5.944694	23416	157634	6.73	1	21
NODE_2778_length_22906_cov_6.279638	22906	179649	7.84	0	150
NODE_2789_length_22870_cov_9.379925	22870	232616	10.17	2	43
NODE_2796_length_22825_cov_6.694818	22825	175520	7.69	1	154
NODE_2814_length_22689_cov_6.531943	22689	162526	7.16	0	17
NODE_2821_length_22659_cov_6.439524	22659	162425	7.17	0	30
NODE_2828_length_22618_cov_6.322120	22618	170065	7.52	1	25
NODE_2840_length_22556_cov_6.771032	22556	175664	7.79	1	37
NODE_2850_length_22493_cov_6.353374	22493	163423	7.27	1	69
NODE_2911_length_22105_cov_6.333379	22105	155323	7.03	1	24
NODE_2929_length_22032_cov_6.685990	22032	170370	7.73	0	28
NODE_2933_length_21995_cov_6.621969	21995	168808	7.67	1	24
NODE_2970_length_21735_cov_5.994234	21735	150015	6.90	1	28
NODE_3017_length_21502_cov_6.023173	21502	156563	7.28	0	27
NODE_3050_length_21275_cov_6.201320	21275	149573	7.03	1	16
NODE_3071_length_21125_cov_6.561082	21125	150957	7.15	1	28
NODE_3087_length_21013_cov_6.627207	21013	157851	7.51	1	25
NODE_3140_length_20648_cov_6.705482	20648	159945	7.75	1	59
NODE_3183_length_20371_cov_5.873154	20371	139410	6.84	1	19
NODE_3202_length_20255_cov_7.351634	20255	158605	7.83	1	22
NODE_3223_length_20159_cov_6.505820	20159	148563	7.37	0	23
NODE_3284_length_19865_cov_6.837607	19865	154295	7.77	0	26
NODE_3328_length_19649_cov_6.628866	19649	152586	7.77	1	67
NODE_3343_length_19593_cov_5.642184	19593	126130	6.44	1	23
NODE_3355_length_19534_cov_7.206530	19534	158556	8.12	1	23
NODE_3377_length_19439_cov_6.161628	19439	144436	7.43	1	17
NODE_3385_length_19424_cov_7.104755	19424	156781	8.07	0	17
NODE_3432_length_19178_cov_6.380589	19178	143685	7.49	1	20
NODE_3484_length_18970_cov_6.595612	18970	145224	7.66	1	35
NODE_3509_length_18891_cov_7.988692	18891	161237	8.54	2	17
NODE_3578_length_18605_cov_6.382588	18605	136612	7.34	1	22
NODE_3600_length_18532_cov_6.975483	18532	152580	8.23	0	38
NODE_3605_length_18516_cov_6.286063	18516	133635	7.22	1	23
NODE_3691_length_18122_cov_7.338186	18122	143727	7.93	0	21
NODE_3696_length_18104_cov_6.610726	18104	137179	7.58	1	20
NODE_3703_length_18088_cov_6.437365	18088	128975	7.13	1	25
NODE_3805_length_17718_cov_6.141029	17718	130743	7.38	0	30
NODE_3816_length_17680_cov_7.344454	17680	152632	8.63	1	24
NODE_3863_length_17444_cov_7.011387	17444	135508	7.77	1	21
NODE_3946_length_17137_cov_6.438532	17137	130367	7.61	1	33
NODE_3963_length_17076_cov_11.482404	17076	219304	12.84	2	43
NODE_4013_length_16938_cov_5.791388	16938	109279	6.45	0	17
NODE_4015_length_16936_cov_7.763758	16936	158944	9.38	1	91
NODE_4056_length_16790_cov_5.730087	16790	114888	6.84	0	18
NODE_4097_length_16670_cov_45.192116	16670	947154	56.82	0	181
NODE_4110_length_16610_cov_6.432739	16610	116404	7.01	1	18
NODE_4133_length_16532_cov_6.158099	16532	114586	6.93	1	20
NODE_4145_length_16509_cov_6.132065	16509	112083	6.79	0	23
NODE_4167_length_16422_cov_6.782550	16422	129391	7.88	0	31
NODE_4180_length_16371_cov_6.270593	16371	115390	7.05	0	19
NODE_4186_length_16353_cov_6.634004	16353	121651	7.44	0	22
NODE_4211_length_16256_cov_6.611073	16256	122486	7.53	0	62
NODE_4229_length_16183_cov_6.909598	16183	141778	8.76	1	126
NODE_4301_length_15914_cov_7.029510	15914	116727	7.33	1	18
NODE_4328_length_15835_cov_6.701394	15835	120794	7.63	1	29
NODE_4385_length_15645_cov_6.146376	15645	105956	6.77	1	25
NODE_4394_length_15630_cov_7.071461	15630	120833	7.73	1	18
NODE_4395_length_15630_cov_6.356469	15630	116492	7.45	0	23
NODE_4397_length_15625_cov_7.163841	15625	125735	8.05	1	40
NODE_4399_length_15623_cov_6.605601	15623	115353	7.38	1	34
NODE_4405_length_15603_cov_6.807306	15603	123368	7.91	1	23
NODE_4440_length_15473_cov_6.919250	15473	120537	7.79	1	28
NODE_4448_length_15455_cov_7.127792	15455	115696	7.49	1	21
NODE_4467_length_15399_cov_6.335115	15399	110782	7.19	1	17
NODE_4478_length_15371_cov_6.793157	15371	118444	7.71	1	25
NODE_4555_length_15190_cov_8.993921	15190	147525	9.71	0	32
NODE_4623_length_15016_cov_8.406992	15016	126719	8.44	1	23
NODE_4665_length_14882_cov_6.524314	14882	111010	7.46	1	19
NODE_4732_length_14672_cov_6.541766	14672	106947	7.29	1	22
NODE_4736_length_14660_cov_5.982883	14660	105854	7.22	0	26
NODE_4759_length_14596_cov_6.081906	14596	104624	7.17	1	34
NODE_4766_length_14581_cov_6.375671	14581	117594	8.06	0	35
NODE_4774_length_14557_cov_7.249000	14557	114088	7.84	1	18
NODE_4812_length_14451_cov_6.828633	14451	107563	7.44	0	20
NODE_4891_length_14219_cov_7.374259	14219	119096	8.38	1	19
NODE_4901_length_14196_cov_6.891097	14196	110636	7.79	1	20
NODE_4911_length_14166_cov_6.431649	14166	106312	7.50	1	25
NODE_4928_length_14131_cov_6.079923	14131	107265	7.59	0	43
NODE_4974_length_14017_cov_6.304684	14017	111599	7.96	1	49
NODE_4998_length_13958_cov_6.179314	13958	95821	6.86	1	16
NODE_5055_length_13828_cov_6.186887	13828	102461	7.41	0	21
NODE_5082_length_13772_cov_5.846759	13772	94915	6.89	1	44
NODE_5120_length_13683_cov_7.553493	13683	118597	8.67	2	40
NODE_5134_length_13657_cov_6.191737	13657	102983	7.54	1	24
NODE_5217_length_13463_cov_6.264916	13463	101860	7.57	1	37
NODE_5224_length_13447_cov_7.706467	13447	112259	8.35	1	28
NODE_5261_length_13374_cov_6.167205	13374	94155	7.04	1	29
NODE_5317_length_13241_cov_6.708555	13241	108031	8.16	1	82
NODE_5428_length_12965_cov_5.222851	12965	78916	6.09	0	13
NODE_5432_length_12958_cov_6.936216	12958	102168	7.88	1	19
NODE_5485_length_12837_cov_6.771084	12837	99291	7.73	0	36
NODE_5509_length_12799_cov_6.017891	12799	99316	7.76	1	50
NODE_5627_length_12601_cov_6.714650	12601	114129	9.06	1	47
NODE_5691_length_12465_cov_6.076148	12465	85729	6.88	1	22
NODE_5751_length_12350_cov_6.860919	12350	104444	8.46	1	43
NODE_5800_length_12239_cov_7.088641	12239	99447	8.13	1	17
NODE_5806_length_12228_cov_5.552945	12228	75740	6.19	0	17
NODE_5916_length_11999_cov_6.250502	11999	87979	7.33	1	38
NODE_5924_length_11981_cov_7.366762	11981	109443	9.13	1	52
NODE_5943_length_11955_cov_6.586555	11955	90878	7.60	1	29
NODE_5944_length_11953_cov_6.027904	11953	87992	7.36	2	24
NODE_6021_length_11814_cov_6.262522	11814	83385	7.06	1	18
NODE_6038_length_11773_cov_6.073135	11773	88997	7.56	1	31
NODE_6058_length_11723_cov_6.549794	11723	84652	7.22	1	26
NODE_6097_length_11640_cov_7.191023	11640	88466	7.60	1	23
NODE_6098_length_11636_cov_4.904240	11636	90035	7.74	1	100
NODE_6101_length_11635_cov_5.576770	11635	76660	6.59	1	27
NODE_6184_length_11481_cov_6.207159	11481	81083	7.06	0	21
NODE_6196_length_11464_cov_7.618196	11464	117162	10.22	1	56
NODE_6264_length_11329_cov_6.722281	11329	89826	7.93	0	47
NODE_6286_length_11292_cov_5.973658	11292	80100	7.09	0	22
NODE_6454_length_10995_cov_6.281810	10995	82380	7.49	1	25
NODE_6517_length_10881_cov_5.930538	10881	75043	6.90	0	22
NODE_6624_length_10707_cov_6.670109	10707	79616	7.44	1	21
NODE_6734_length_10520_cov_6.244434	10520	86737	8.24	1	32
NODE_6794_length_10452_cov_9.964220	10452	123730	11.84	3	24
NODE_6827_length_10395_cov_6.040522	10395	72756	7.00	1	24
NODE_6869_length_10326_cov_7.032324	10326	80036	7.75	1	26
NODE_6892_length_10284_cov_7.439926	10284	90828	8.83	1	20
NODE_6935_length_10217_cov_6.292364	10217	76356	7.47	0	19
NODE_6966_length_10165_cov_7.285559	10165	80895	7.96	1	18
NODE_6976_length_10143_cov_6.813739	10143	77929	7.68	1	21
NODE_6979_length_10137_cov_6.548998	10137	76477	7.54	1	34
NODE_6989_length_10127_cov_6.957109	10127	78183	7.72	1	19
NODE_7007_length_10099_cov_5.891179	10099	69807	6.91	0	23
NODE_7024_length_10074_cov_6.711947	10074	77425	7.69	1	18
NODE_7060_length_10019_cov_6.058912	10019	69613	6.95	1	31
NODE_7090_length_9969_cov_10.966915	9969	181290	18.19	0	117
NODE_7117_length_9937_cov_6.319267	9937	75503	7.60	1	22
NODE_7175_length_9869_cov_5.830752	9869	67421	6.83	1	70
NODE_7183_length_9856_cov_6.598000	9856	75893	7.70	0	33
NODE_7211_length_9805_cov_6.791590	9805	79912	8.15	1	36
NODE_7216_length_9801_cov_6.460394	9801	91545	9.34	1	37
NODE_7233_length_9777_cov_5.717754	9777	62056	6.35	1	18
NODE_7283_length_9707_cov_7.498342	9707	79397	8.18	1	20
NODE_7339_length_9634_cov_6.704771	9634	76714	7.96	1	26
NODE_7371_length_9593_cov_6.732439	9593	81850	8.53	1	28
NODE_7528_length_9359_cov_6.811479	9359	71677	7.66	1	24
NODE_7565_length_9311_cov_6.331785	9311	106454	11.43	1	44
NODE_7576_length_9293_cov_6.541567	9293	69541	7.48	1	17
NODE_7580_length_9287_cov_5.591421	9287	61179	6.59	1	17
NODE_7688_length_9149_cov_6.869584	9149	71751	7.84	1	39
NODE_7757_length_9069_cov_6.374639	9069	69183	7.63	1	20
NODE_7769_length_9058_cov_6.079640	9058	62954	6.95	1	19
NODE_7807_length_9007_cov_7.400916	9007	70041	7.78	0	22
NODE_7810_length_9001_cov_5.718645	9001	61055	6.78	1	15
NODE_7820_length_8993_cov_5.781495	8993	60402	6.72	1	32
NODE_7864_length_8934_cov_5.851898	8934	58138	6.51	1	16
NODE_7881_length_8917_cov_6.649853	8917	65316	7.32	1	20
NODE_7908_length_8881_cov_6.344777	8881	63009	7.09	1	14
NODE_7911_length_8873_cov_6.940463	8873	66830	7.53	1	21
NODE_7919_length_8861_cov_7.013514	8861	71876	8.11	1	25
NODE_7949_length_8825_cov_6.350741	8825	64929	7.36	0	21
NODE_7961_length_8809_cov_6.103381	8809	64612	7.33	1	23
NODE_7977_length_8790_cov_6.625186	8790	66200	7.53	0	17
NODE_8012_length_8751_cov_5.744250	8751	58704	6.71	1	17
NODE_8076_length_8670_cov_8.437377	8670	82022	9.46	1	20
NODE_8217_length_8502_cov_7.020244	8502	67997	8.00	1	20
NODE_8219_length_8499_cov_7.121980	8499	64400	7.58	1	21
NODE_8227_length_8493_cov_5.954729	8493	60800	7.16	1	18
NODE_8232_length_8488_cov_6.123562	8488	54663	6.44	1	17
NODE_8278_length_8439_cov_5.763001	8439	56305	6.67	0	13
NODE_8294_length_8419_cov_6.081062	8419	56761	6.74	1	18
NODE_8345_length_8363_cov_7.685002	8363	90548	10.83	1	62
NODE_8405_length_8293_cov_5.782229	8293	59266	7.15	1	33
NODE_8479_length_8201_cov_7.299411	8201	70415	8.59	0	19
NODE_8499_length_8182_cov_6.446536	8182	63898	7.81	1	24
NODE_8502_length_8175_cov_6.111576	8175	56046	6.86	1	17
NODE_8581_length_8096_cov_6.205447	8096	55099	6.81	2	16
NODE_8640_length_8018_cov_6.390180	8018	62089	7.74	1	77
NODE_8671_length_7985_cov_5.723581	7985	52084	6.52	1	16
NODE_8691_length_7967_cov_6.879550	7967	61751	7.75	0	20
NODE_8725_length_7933_cov_6.307819	7933	57159	7.21	1	15
NODE_8762_length_7889_cov_6.567143	7889	57921	7.34	1	16
NODE_8798_length_7846_cov_6.564626	7846	66110	8.43	1	20
NODE_8818_length_7833_cov_11.480972	7833	71580	9.14	1	36
NODE_9010_length_7633_cov_7.263526	7633	61745	8.09	1	20
NODE_9016_length_7627_cov_5.557316	7627	51433	6.74	1	17
NODE_9184_length_7471_cov_6.654666	7471	57159	7.65	1	15
NODE_9213_length_7447_cov_6.336580	7447	78717	10.57	1	50
NODE_9223_length_7440_cov_6.759106	7440	65488	8.80	1	27
NODE_9243_length_7426_cov_6.916158	7426	59696	8.04	0	23
NODE_9262_length_7407_cov_6.294614	7407	50423	6.81	1	20
NODE_9283_length_7385_cov_5.984038	7385	55788	7.55	1	20
NODE_9333_length_7338_cov_5.769738	7338	46943	6.40	1	14
NODE_9337_length_7334_cov_6.585245	7334	55324	7.54	1	37
NODE_9370_length_7301_cov_6.580044	7301	52371	7.17	0	15
NODE_9371_length_7301_cov_6.290367	7301	51787	7.09	1	14
NODE_9394_length_7286_cov_5.970958	7286	50280	6.90	1	15
NODE_9556_length_7131_cov_6.134398	7131	52469	7.36	1	27
NODE_9612_length_7081_cov_9.226587	7081	73838	10.43	3	20
NODE_9629_length_7071_cov_5.515678	7071	678001	95.88	0	10972
NODE_9664_length_7046_cov_7.068231	7046	56181	7.97	0	36
NODE_9705_length_7012_cov_7.217479	7012	72234	10.30	1	41
NODE_9864_length_6887_cov_6.745170	6887	54132	7.86	1	20
NODE_9947_length_6819_cov_5.848906	6819	48953	7.18	1	15
NODE_9987_length_6792_cov_5.961704	6792	47367	6.97	1	19
NODE_9998_length_6780_cov_6.475688	6780	53453	7.88	1	53
NODE_10015_length_6766_cov_5.622560	6766	40481	5.98	1	17
NODE_10096_length_6709_cov_7.265555	6709	56161	8.37	1	21
NODE_10148_length_6678_cov_7.523630	6678	56442	8.45	1	42
NODE_10219_length_6623_cov_6.035475	6623	44473	6.71	1	21
NODE_10324_length_6540_cov_5.855821	6540	43827	6.70	1	23
NODE_10383_length_6497_cov_9.262496	6497	70479	10.85	0	22
NODE_10643_length_6338_cov_6.641572	6338	49693	7.84	1	16
NODE_10651_length_6330_cov_7.074263	6330	48685	7.69	1	16
NODE_10697_length_6297_cov_5.919096	6297	45992	7.30	1	18
NODE_10753_length_6253_cov_6.020490	6253	44241	7.08	1	24
NODE_10784_length_6234_cov_4.880725	6234	33932	5.44	1	22
NODE_10802_length_6218_cov_6.800097	6218	50452	8.11	0	54
NODE_10806_length_6217_cov_4.552905	6217	32307	5.20	1	17
NODE_10869_length_6167_cov_7.705988	6167	49699	8.06	1	17
NODE_10962_length_6098_cov_6.749793	6098	45190	7.41	1	20
NODE_10969_length_6097_cov_6.037074	6097	42136	6.91	1	16
NODE_10984_length_6089_cov_5.903049	6089	43778	7.19	1	32
NODE_11015_length_6062_cov_16.536541	6062	124277	20.50	2	98
NODE_11018_length_6061_cov_5.441558	6061	39642	6.54	1	26
NODE_11046_length_6047_cov_4.423565	6047	30586	5.06	1	44
NODE_11049_length_6044_cov_6.856904	6044	60642	10.03	1	50
NODE_11070_length_6028_cov_6.244266	6028	44099	7.32	0	72
NODE_11091_length_6016_cov_6.111391	6016	43056	7.16	0	18
NODE_11095_length_6014_cov_6.870112	6014	45892	7.63	1	27
NODE_11310_length_5877_cov_6.485400	5877	41142	7.00	1	15
NODE_11427_length_5800_cov_6.628895	5800	42185	7.27	1	19
NODE_11457_length_5784_cov_5.209112	5784	34267	5.92	1	13
NODE_11581_length_5710_cov_5.629355	5710	37743	6.61	1	30
NODE_11778_length_5598_cov_5.698539	5598	37919	6.77	1	18
NODE_11783_length_5595_cov_5.983213	5595	64127	11.46	0	484
NODE_11959_length_5499_cov_6.944342	5499	41047	7.46	1	27
NODE_12011_length_5473_cov_6.530454	5473	38591	7.05	0	13
NODE_12012_length_5473_cov_5.856589	5473	37005	6.76	1	13
NODE_12066_length_5448_cov_6.006490	5448	37474	6.88	1	15
NODE_12108_length_5428_cov_6.141634	5428	39858	7.34	0	18
NODE_12208_length_5368_cov_10.855637	5368	69553	12.96	4	42
NODE_12377_length_5278_cov_11.603676	5278	72867	13.81	5	30
NODE_12450_length_5245_cov_6.239884	5245	38952	7.43	1	20
NODE_12493_length_5220_cov_6.911907	5220	39719	7.61	1	16
NODE_12533_length_5203_cov_6.053030	5203	37608	7.23	0	32
NODE_12591_length_5179_cov_8.253123	5179	55104	10.64	0	86
NODE_12624_length_5166_cov_6.897672	5166	43152	8.35	1	23
NODE_12689_length_5139_cov_6.754327	5139	41584	8.09	2	21
NODE_12712_length_5132_cov_10.245814	5132	62953	12.27	3	38
NODE_12730_length_5127_cov_6.212934	5127	33707	6.57	1	14
NODE_12766_length_5111_cov_6.497033	5111	37615	7.36	1	17
NODE_12768_length_5110_cov_5.933333	5110	34890	6.83	1	16
NODE_12835_length_5081_cov_6.283924	5081	40654	8.00	1	24
NODE_12982_length_5016_cov_8.276960	5016	50164	10.00	1	26
NODE_13100_length_4963_cov_5.687042	4963	35591	7.17	0	17
NODE_13120_length_4954_cov_6.198204	4954	37787	7.63	1	28
NODE_13172_length_4933_cov_6.340303	4933	32953	6.68	1	13
NODE_13328_length_4874_cov_6.766134	4874	38902	7.98	2	24
NODE_13407_length_4837_cov_7.881639	4837	39703	8.21	1	23
NODE_13478_length_4804_cov_6.514845	4804	34729	7.23	0	17
NODE_13580_length_4765_cov_6.004671	4765	33486	7.03	1	17
NODE_13637_length_4742_cov_6.677619	4742	34640	7.30	1	15
NODE_13690_length_4717_cov_6.259974	4717	33908	7.19	1	16
NODE_13743_length_4698_cov_6.312944	4698	32928	7.01	1	21
NODE_13789_length_4681_cov_6.173152	4681	31983	6.83	1	22
NODE_13799_length_4677_cov_6.162700	4677	31633	6.76	1	18
NODE_13849_length_4661_cov_6.502171	4661	33888	7.27	1	23
NODE_13965_length_4611_cov_6.746708	4611	44801	9.72	0	58
NODE_13987_length_4603_cov_6.783861	4603	33639	7.31	1	16
NODE_14162_length_4536_cov_5.990404	4536	30153	6.65	1	17
NODE_14303_length_4483_cov_7.170958	4483	34779	7.76	1	20
NODE_14368_length_4460_cov_5.460159	4460	28559	6.40	1	16
NODE_14564_length_4392_cov_6.932903	4392	126865	28.89	1	923
NODE_14590_length_4382_cov_5.463601	4382	31942	7.29	1	29
NODE_14611_length_4375_cov_5.585417	4375	27920	6.38	1	21
NODE_14805_length_4309_cov_5.949929	4309	31505	7.31	1	30
NODE_14839_length_4296_cov_5.880924	4296	29499	6.87	1	25
NODE_14847_length_4293_cov_4.959887	4293	25525	5.95	0	15
NODE_14892_length_4280_cov_7.564024	4280	32712	7.64	1	18
NODE_14958_length_4261_cov_7.005706	4261	32814	7.70	1	17
NODE_15332_length_4149_cov_6.616268	4149	31027	7.48	1	15
NODE_15478_length_4115_cov_8.286700	4115	76028	18.48	3	108
NODE_15531_length_4100_cov_6.719901	4100	33824	8.25	1	18
NODE_15633_length_4066_cov_6.873847	4066	39128	9.62	0	37
NODE_15720_length_4042_cov_6.055681	4042	36785	9.10	1	162
NODE_15828_length_4018_cov_6.676255	4018	27407	6.82	1	15
NODE_15834_length_4017_cov_5.509591	4017	28225	7.03	0	20
NODE_15857_length_4010_cov_6.029077	4010	25059	6.25	1	17
NODE_15923_length_3994_cov_6.334857	3994	28167	7.05	1	17
NODE_16018_length_3969_cov_6.130046	3969	32294	8.14	1	37
NODE_16185_length_3924_cov_4.977772	3924	29380	7.49	0	22
NODE_16545_length_3835_cov_5.771693	3835	27019	7.05	1	16
NODE_16639_length_3811_cov_6.668530	3811	32013	8.40	1	77
NODE_16759_length_3777_cov_7.155562	3777	30731	8.14	1	18
NODE_16987_length_3732_cov_5.787599	3732	23774	6.37	1	16
NODE_17033_length_3723_cov_4.863959	3723	21802	5.86	0	12
NODE_17104_length_3706_cov_5.538209	3706	23526	6.35	1	12
NODE_17203_length_3682_cov_6.499311	3682	24943	6.77	1	14
NODE_17331_length_3654_cov_3.267574	3654	16320	4.47	0	36
NODE_17399_length_3638_cov_7.159364	3638	27642	7.60	1	14
NODE_17539_length_3607_cov_6.002534	3607	26515	7.35	1	14
NODE_17573_length_3600_cov_5.530889	3600	23857	6.63	1	36
NODE_17656_length_3581_cov_5.122518	3581	24388	6.81	1	14
NODE_17749_length_3562_cov_5.711719	3562	26953	7.57	1	19
NODE_17960_length_3519_cov_6.363741	3519	25563	7.26	1	20
NODE_18097_length_3493_cov_7.225713	3493	27667	7.92	1	33
NODE_18157_length_3482_cov_6.365042	3482	27238	7.82	1	16
NODE_18273_length_3461_cov_4.110393	3461	16028	4.63	1	10
NODE_18893_length_3347_cov_5.992406	3347	22328	6.67	1	17
NODE_19190_length_3299_cov_7.119605	3299	24766	7.51	1	16
NODE_19238_length_3289_cov_6.171614	3289	23209	7.06	1	16
NODE_19344_length_3272_cov_4.990985	3272	21683	6.63	1	17
NODE_19387_length_3265_cov_4.541121	3265	15330	4.70	0	10
NODE_19394_length_3264_cov_6.799314	3264	27423	8.40	1	33
NODE_19711_length_3214_cov_6.148781	3214	22101	6.88	0	15
NODE_19752_length_3207_cov_4.106599	3207	14429	4.50	1	9
NODE_19859_length_3189_cov_6.100191	3189	26509	8.31	0	18
NODE_19881_length_3185_cov_8.740575	3185	59195	18.59	4	112
NODE_20486_length_3100_cov_6.039737	3100	20666	6.67	0	13
NODE_20580_length_3086_cov_7.520620	3086	25654	8.31	1	34
NODE_20763_length_3060_cov_5.811314	3060	19001	6.21	1	14
NODE_20780_length_3057_cov_6.531312	3057	21586	7.06	1	22
NODE_20902_length_3042_cov_6.204888	3042	22039	7.24	1	18
NODE_21066_length_3015_cov_7.462500	3015	24475	8.12	1	20
NODE_21491_length_2960_cov_6.292943	2960	20879	7.05	1	16
NODE_21637_length_2941_cov_6.676715	2941	21027	7.15	0	15
NODE_21658_length_2939_cov_7.173717	2939	26626	9.06	1	28
NODE_21706_length_2934_cov_5.377909	2934	17328	5.91	1	15
NODE_22034_length_2895_cov_7.110563	2895	20792	7.18	1	15
NODE_22064_length_2892_cov_4.532957	2892	25147	8.70	1	29
NODE_22087_length_2889_cov_6.016584	2889	19472	6.74	1	17
NODE_22368_length_2859_cov_6.644437	2859	21418	7.49	1	17
NODE_22973_length_2789_cov_6.684711	2789	21236	7.61	1	16
NODE_24311_length_2648_cov_5.230235	2648	16712	6.31	1	31
NODE_24512_length_2626_cov_4.495527	2626	14114	5.37	0	10
NODE_24836_length_2594_cov_7.634108	2594	18453	7.11	1	18
NODE_24910_length_2587_cov_6.530411	2587	19937	7.71	1	18
NODE_24911_length_2587_cov_6.235782	2587	22205	8.58	1	30
NODE_25140_length_2566_cov_2.985265	2566	9296	3.62	1	13
NODE_26533_length_2438_cov_6.861939	2438	17287	7.09	1	12
NODE_26588_length_2432_cov_6.707194	2432	17819	7.33	1	15
NODE_27091_length_2391_cov_8.467894	2391	24853	10.39	1	73
NODE_28198_length_2305_cov_5.587556	2305	16901	7.33	1	17
NODE_28281_length_2300_cov_7.429399	2300	19422	8.44	1	17
NODE_28831_length_2258_cov_5.859283	2258	14120	6.25	1	12
NODE_29536_length_2208_cov_5.592197	2208	14833	6.72	1	22
NODE_30892_length_2124_cov_6.544224	2124	15836	7.46	1	14
NODE_30969_length_2119_cov_5.516473	2119	12889	6.08	1	12
NODE_31355_length_2093_cov_6.878312	2093	14629	6.99	0	28
NODE_31805_length_2067_cov_5.928926	2067	14667	7.10	1	24
NODE_31875_length_2063_cov_6.271912	2063	14545	7.05	1	21
NODE_32550_length_2026_cov_8.215627	2026	29095	14.36	3	43
NODE_32682_length_2019_cov_6.097760	2019	13140	6.51	1	11
NODE_33500_length_1972_cov_7.610850	1972	17422	8.83	1	16
NODE_33636_length_1965_cov_6.246597	1965	17395	8.85	2	77
NODE_34586_length_1917_cov_3.752954	1917	7004	3.65	1	7
NODE_35897_length_1853_cov_13.287542	1853	26444	14.27	6	24
NODE_36863_length_1810_cov_4.154986	1810	9840	5.44	1	27
NODE_38295_length_1751_cov_6.553066	1751	15141	8.65	1	45
NODE_38730_length_1733_cov_4.613230	1733	8263	4.77	1	10
NODE_39362_length_1708_cov_6.387175	1708	12037	7.05	0	12
NODE_40250_length_1675_cov_6.606173	1675	11055	6.60	1	16
NODE_42457_length_1597_cov_2.983139	1597	5356	3.35	1	6
NODE_43049_length_1576_cov_5.812623	1576	9906	6.29	1	11
NODE_43302_length_1568_cov_6.144746	1568	10461	6.67	1	12
NODE_44750_length_1524_cov_6.233492	1524	10384	6.81	1	16
NODE_45080_length_1515_cov_6.045205	1515	8480	5.60	1	9
NODE_45470_length_1503_cov_4.727901	1503	10383	6.91	1	72
total	155072930	15528074132	100.13	0	18612
